time_value,385,386,390,391,393,394,396,397,400,402,412,413,416
2020-09-09,0.0,0.0,0.0,0.0,0.0,0.0,0.0,0.0,0.0,0.0,0.0,0.0,0.0
2020-09-10,0.0,0.0,0.0,0.0,0.0,0.0,0.0,13.4897178,0.0,0.0,0.0,0.0,0.0
2020-09-11,0.0,0.0,0.0,0.0,0.0,0.0,0.0,12.3698946,0.0,0.0,0.0,0.0,0.0
2020-09-12,0.0,0.0,0.0,9.8666959,0.0,0.0,0.0,12.6783936,0.0,0.0,0.0,0.0,0.0
2020-09-13,0.0,0.0,0.0,8.8482291,0.0,0.0,0.0,12.2140257,0.0,0.0,0.0,0.0,0.0
2020-09-14,9.1030518,0.0,0.0,9.7165845,0.0,0.0,0.0,10.9391174,0.0,0.0,0.0,0.0,0.0
2020-09-15,8.1073974,0.0,0.0,13.6524677,0.0,0.0,0.0,8.7917432,0.0,0.0,0.0,0.0,0.0
2020-09-16,10.7074662,0.0,0.0,13.3334152,0.0,0.0,0.0,9.2423867,0.0,0.0,0.0,0.0,0.0
2020-09-17,13.503125,0.0,0.0,13.9103231,0.0,0.0,0.0,8.0439678,0.0,0.0,0.0,0.0,0.0
2020-09-18,13.2319074,0.0,0.0,16.8510534,0.0,0.0,0.0,9.3284798,0.0,0.0,0.0,0.0,0.0
2020-09-19,12.2270296,0.0,0.0,19.077406,0.0,0.0,0.0,9.0322295,0.0,0.0,0.0,0.0,0.0
2020-09-20,12.7885007,0.0,0.0,20.3655075,0.0,0.0,0.0,8.8652518,0.0,0.0,0.0,0.0,0.0
2020-09-21,0.0,0.0,0.0,18.7831231,0.0,0.0,0.0,9.5516238,0.0,0.0,0.0,0.0,0.0
2020-09-22,15.9280522,0.0,0.0,14.1958794,0.0,0.0,0.0,10.105636,0.0,0.0,0.0,0.0,0.0
2020-09-23,13.9550676,0.0,0.0,13.8058033,0.0,0.0,0.0,9.2459054,0.0,0.0,0.0,0.0,0.0
2020-09-24,12.0809536,0.0,0.0,14.5267993,0.0,0.0,0.0,11.4537496,0.0,0.0,15.8948485,0.0,0.0
2020-09-25,10.6768187,0.0,0.0,11.2325876,0.0,0.0,0.0,9.9953551,0.0,0.0,16.2242391,0.0,0.0
2020-09-26,10.1220773,0.0,0.0,9.970862,0.0,0.0,0.0,8.7641959,0.0,0.0,15.7625303,0.0,0.0
2020-09-27,7.7672059,0.0,0.0,13.0115288,0.0,0.0,0.0,8.930367,0.0,0.0,17.1878908,0.0,0.0
2020-09-28,5.548624,0.0,0.0,12.9782731,0.0,0.0,0.0,8.2766957,0.0,0.0,13.566209,0.0,0.0
2020-09-29,4.2773066,0.0,0.0,15.4597275,0.0,0.0,0.0,11.121909,0.0,0.0,12.3318843,0.0,0.0
2020-09-30,3.8269475,0.0,0.0,14.5579845,0.0,0.0,0.0,11.5738876,0.0,0.0,12.6597501,0.0,0.0
2020-10-01,0.0,0.0,0.0,14.8319116,0.0,0.0,0.0,10.1791117,0.0,0.0,0.0,0.0,0.0
2020-10-02,0.0,0.0,0.0,15.1745316,0.0,0.0,0.0,8.6521501,0.0,0.0,0.0,0.0,0.0
2020-10-03,0.0,0.0,0.0,15.6311524,0.0,0.0,0.0,8.8313974,0.0,0.0,0.0,0.0,0.0
2020-10-04,0.0,0.0,0.0,10.1938545,0.0,0.0,0.0,9.5258432,0.0,0.0,0.0,0.0,0.0
2020-10-05,0.0,0.0,0.0,9.2470475,0.0,0.0,0.0,9.269165,0.0,0.0,0.0,0.0,0.0
2020-10-06,0.0,0.0,0.0,7.0827558,12.325586,0.0,0.0,7.5198041,0.0,0.0,0.0,0.0,0.0
2020-10-07,2.9389082,0.0,0.0,8.6568326,14.4779479,0.0,0.0,6.5356949,0.0,0.0,4.8813742,0.0,0.0
2020-10-08,3.347733,0.0,0.0,6.95693,22.5580583,0.0,0.0,6.2463939,0.0,0.0,10.0418947,0.0,0.0
2020-10-09,3.2472216,0.0,0.0,6.8773719,27.0103462,0.0,0.0,7.5309449,0.0,0.0,11.5225234,0.0,0.0
2020-10-10,3.2010709,0.0,0.0,9.3188628,29.0256564,0.0,0.0,7.735712,0.0,0.0,10.823071,0.0,0.0
2020-10-11,2.7930973,0.0,0.0,12.5956012,29.8887078,14.9539334,0.0,8.4287287,0.0,0.0,11.1859577,0.0,0.0
2020-10-12,2.6704081,0.0,0.0,16.1470617,30.5240605,16.399809,0.0,11.6820442,0.0,0.0,10.0146521,0.0,0.0
2020-10-13,3.4453483,0.0,0.0,18.5859134,33.0393466,22.407031,0.0,11.5721457,0.0,0.0,10.7508685,0.0,0.0
2020-10-14,4.6297949,0.0,0.0,19.222286,32.0475669,20.807319,0.0,13.0829773,0.0,0.0,11.9871357,0.0,0.0
2020-10-15,4.841084,0.0,0.0,18.9532631,34.0169018,20.2755793,0.0,14.4810552,0.0,0.0,11.7467521,0.0,0.0
2020-10-16,8.1261494,0.0,0.0,17.7673431,31.8887718,23.8821534,0.0,17.6397886,0.0,0.0,10.471115,0.0,0.0
2020-10-17,8.7202589,0.0,0.0,19.2120634,29.7638481,21.4538469,0.0,17.7480485,0.0,0.0,11.5865872,0.0,0.0
2020-10-18,9.1065301,0.0,0.0,18.3556455,29.6202796,0.0,0.0,17.6583309,0.0,0.0,11.4829463,0.0,0.0
2020-10-19,9.3112443,0.0,0.0,16.5985269,28.5046544,0.0,0.0,15.0975261,0.0,0.0,13.0705067,0.0,0.0
2020-10-20,10.6344922,0.0,0.0,14.0639746,28.0491701,0.0,0.0,14.6211392,0.0,0.0,12.0662633,0.0,0.0
2020-10-21,10.8746584,0.0,0.0,13.8549536,29.6648708,0.0,0.0,14.8822447,0.0,0.0,13.2424284,0.0,0.0
2020-10-22,15.0623082,0.0,0.0,15.9894827,23.8769046,0.0,0.0,14.6477039,28.7306889,0.0,11.4088392,0.0,0.0
2020-10-23,11.9040268,0.0,0.0,18.0279704,23.5261856,17.9416354,0.0,11.4378125,0.0,0.0,12.1252287,0.0,0.0
2020-10-24,0.0,0.0,0.0,15.0302713,24.5610802,0.0,0.0,12.0711887,0.0,0.0,10.8755564,0.0,0.0
2020-10-25,10.3252819,0.0,0.0,15.2673785,23.4381067,21.3040225,0.0,11.5328313,0.0,0.0,12.9064032,0.0,0.0
2020-10-26,0.0,0.0,0.0,15.9807381,26.4066139,0.0,0.0,11.3093237,0.0,0.0,15.722554,0.0,0.0
2020-10-27,0.0,0.0,0.0,20.0240394,26.1336323,0.0,0.0,13.1827388,0.0,0.0,0.0,0.0,0.0
2020-10-28,0.0,0.0,0.0,23.3386733,27.1345612,0.0,0.0,14.3695437,0.0,0.0,0.0,0.0,0.0
2020-10-29,0.0,0.0,0.0,22.2009155,31.3188534,0.0,0.0,14.1498705,0.0,0.0,0.0,0.0,0.0
2020-10-30,0.0,0.0,0.0,23.2204505,37.2258332,0.0,0.0,15.2053279,0.0,0.0,0.0,0.0,0.0
2020-10-31,0.0,0.0,0.0,24.4184741,37.5068386,0.0,0.0,15.4619043,0.0,0.0,0.0,0.0,0.0
2020-11-01,5.087932,0.0,0.0,28.1133816,39.8470614,0.0,0.0,14.3119595,0.0,0.0,0.0,0.0,0.0
2020-11-02,6.1770794,0.0,0.0,26.0161891,39.2286911,0.0,0.0,14.7981172,0.0,0.0,0.0,0.0,0.0
2020-11-03,9.4915748,0.0,0.0,26.8165458,39.4811564,0.0,0.0,13.1301975,0.0,0.0,0.0,0.0,0.0
2020-11-04,0.0,0.0,0.0,22.248592,36.0630181,0.0,0.0,9.7017671,0.0,0.0,0.0,0.0,0.0
2020-11-05,0.0,0.0,0.0,25.014069,35.2619947,0.0,0.0,9.2725483,0.0,0.0,0.0,0.0,0.0
2020-11-06,0.0,0.0,0.0,22.0426495,33.2234589,0.0,0.0,9.3090204,0.0,0.0,0.0,0.0,0.0
2020-11-07,0.0,0.0,0.0,20.9790407,34.7209122,0.0,0.0,9.8271324,0.0,0.0,0.0,0.0,0.0
2020-11-08,0.0,0.0,0.0,19.315729,35.0742743,0.0,0.0,13.5884715,0.0,0.0,0.0,0.0,0.0
2020-11-09,0.0,0.0,0.0,19.7966156,35.2745864,0.0,0.0,15.6598466,0.0,0.0,0.0,0.0,0.0
2020-11-10,0.0,0.0,0.0,16.9356273,35.0315327,0.0,0.0,16.4300868,0.0,0.0,0.0,0.0,0.0
2020-11-11,0.0,0.0,0.0,21.2027182,37.8116839,0.0,0.0,16.9034432,0.0,0.0,0.0,0.0,0.0
2020-11-12,0.0,0.0,0.0,19.7257727,37.0426869,0.0,0.0,17.617477,0.0,0.0,0.0,0.0,0.0
2020-11-13,0.0,0.0,0.0,21.9603956,35.1580737,20.4705423,0.0,18.1626622,0.0,0.0,0.0,0.0,0.0
2020-11-14,7.7736235,0.0,0.0,23.1800431,32.8683425,21.1131123,0.0,17.5947699,47.2474236,0.0,25.5599225,0.0,0.0
2020-11-15,8.6002194,0.0,0.0,22.8456788,31.3721652,21.5608129,0.0,16.0792043,41.6782445,0.0,25.054386,0.0,0.0
2020-11-16,13.3686646,0.0,0.0,23.8887136,30.7360332,20.2366915,0.0,13.8555482,43.1800739,0.0,24.9916011,0.0,0.0
2020-11-17,13.7068763,0.0,0.0,25.2993035,31.9662306,22.9532207,0.0,14.6385466,47.39803,0.0,24.1138598,0.0,0.0
2020-11-18,13.9498415,0.0,0.0,23.294958,31.4505165,24.1305538,0.0,15.250837,48.5704213,0.0,21.9920502,0.0,0.0
2020-11-19,13.9265447,0.0,0.0,21.7222212,31.2666466,24.2236148,0.0,14.6604477,42.5546388,0.0,17.0916802,0.0,0.0
2020-11-20,13.5663293,0.0,0.0,21.7517643,29.9823281,22.0073713,0.0,14.2964698,39.3711951,0.0,14.9830418,0.0,0.0
2020-11-21,14.8338716,0.0,0.0,22.4789351,31.9824459,20.5609203,0.0,12.962285,36.9225519,0.0,14.8525671,0.0,0.0
2020-11-22,15.2999486,0.0,0.0,23.1579604,32.8288667,21.0584065,0.0,12.5223535,34.9217078,0.0,13.557461,0.0,0.0
2020-11-23,12.6417419,0.0,0.0,24.3309192,32.299438,20.5530061,0.0,14.1230378,36.6707189,0.0,13.8599242,0.0,0.0
2020-11-24,12.6697653,0.0,0.0,24.3799562,29.2524424,18.5956831,0.0,13.6975658,31.7648778,0.0,16.1995511,0.0,0.0
2020-11-25,13.3398392,0.0,0.0,22.6340235,28.5500098,18.5495233,0.0,13.9869087,31.8927853,0.0,15.066688,0.0,0.0
2020-11-26,12.6729598,0.0,0.0,24.8076,26.062712,18.6093158,0.0,14.3532424,35.0098401,0.0,15.8940156,0.0,0.0
2020-11-27,12.9961415,0.0,0.0,23.6814018,27.2378921,17.9705553,0.0,13.2742118,40.1746366,0.0,17.8647098,0.0,0.0
2020-11-28,13.4313665,0.0,0.0,22.9890858,25.7354233,19.1447989,0.0,13.2011203,41.3135946,0.0,16.0115963,0.0,0.0
2020-11-29,12.0985256,0.0,0.0,20.4360034,23.6116168,19.0704474,0.0,12.8979047,42.7425166,0.0,15.8442636,0.0,0.0
2020-11-30,10.9745859,0.0,0.0,18.4595729,22.5065156,19.377556,0.0,11.2833757,40.3271612,0.0,15.1625352,0.0,0.0
2020-12-01,10.709464,0.0,0.0,17.147895,23.3268832,21.5859436,0.0,10.5608479,42.2284944,0.0,13.9195059,0.0,0.0
2020-12-02,9.7833641,0.0,0.0,17.4775845,23.6710151,23.1801947,0.0,11.2132805,37.0141814,0.0,17.1148994,0.0,0.0
2020-12-03,10.3018301,0.0,0.0,17.4313994,24.7981962,23.9244095,0.0,10.5352915,37.2102246,0.0,17.5700302,0.0,0.0
2020-12-04,10.131477,0.0,0.0,17.1456603,22.3004784,25.5184977,0.0,12.1046433,34.9851859,0.0,17.9583437,0.0,0.0
2020-12-05,10.985307,0.0,0.0,16.1253749,21.2736319,24.6127064,0.0,12.4492376,37.4591324,0.0,19.7551613,0.0,0.0
2020-12-06,12.9370185,0.0,0.0,15.7455669,19.8801697,26.3326035,0.0,11.9249853,37.1902067,0.0,21.5015513,0.0,0.0
2020-12-07,11.7733857,0.0,0.0,16.8564582,20.9790661,27.4840887,0.0,13.6070051,37.3149334,0.0,22.6221467,0.0,0.0
2020-12-08,11.7529825,0.0,0.0,17.6356715,21.5397603,24.9062842,0.0,14.9721121,37.2320782,0.0,22.5528643,30.312958,0.0
2020-12-09,10.117155,0.0,0.0,19.2233801,20.2467429,22.164846,0.0,14.1170704,38.5307531,0.0,21.8829348,0.0,0.0
2020-12-10,11.758197,0.0,0.0,21.2672184,20.3214615,22.5659365,0.0,15.3491998,37.702654,0.0,19.5387765,0.0,0.0
2020-12-11,11.2081603,0.0,0.0,24.2567169,22.1587059,20.5877757,0.0,16.266228,38.991088,0.0,17.892358,0.0,0.0
2020-12-12,9.8650515,0.0,0.0,24.2156933,21.3335952,21.2842436,0.0,16.5877701,37.9319704,0.0,16.5397821,0.0,0.0
2020-12-13,6.8695947,0.0,0.0,27.4955926,22.0060364,19.8308135,0.0,18.3133906,38.3488751,0.0,14.9632323,0.0,0.0
2020-12-14,7.3400412,0.0,0.0,27.7681467,23.7097709,19.2491535,0.0,18.7228615,38.5540312,0.0,16.1752717,0.0,0.0
2020-12-15,7.8271738,0.0,0.0,28.6296242,24.7595924,20.3859613,0.0,18.3031033,37.0674375,0.0,15.4106863,0.0,0.0
2020-12-16,13.6825644,0.0,0.0,27.4921836,25.8997981,22.8089343,0.0,18.9355433,35.1039962,0.0,14.9130238,0.0,0.0
2020-12-17,14.5172186,0.0,0.0,23.2508407,23.1695454,21.680459,0.0,19.4243286,38.6306419,0.0,17.1869081,0.0,0.0
2020-12-18,16.6278588,0.0,0.0,24.4006743,23.7492857,22.6379466,0.0,18.2396009,35.2992885,0.0,20.6005134,0.0,0.0
2020-12-19,17.4223095,0.0,0.0,24.2634515,25.3134819,21.6098847,0.0,19.8871911,36.1024407,0.0,21.9379943,0.0,0.0
2020-12-20,19.9438049,0.0,0.0,23.2344009,23.6612601,20.6015639,0.0,20.0615543,36.2434604,0.0,22.0801038,0.0,0.0
2020-12-21,19.8584532,0.0,0.0,23.9235702,20.973785,21.9214883,0.0,19.2671913,38.4351986,0.0,20.3832639,0.0,0.0
2020-12-22,21.5958327,0.0,0.0,22.7682154,19.4068789,21.9992271,0.0,19.1439859,39.8349345,0.0,19.8919387,0.0,0.0
2020-12-23,17.4506565,0.0,0.0,22.9814225,18.858902,23.1386142,0.0,19.4009457,0.0,0.0,20.0376958,0.0,0.0
2020-12-24,16.9436205,0.0,0.0,24.9245109,21.3200288,23.5820768,0.0,19.9459154,0.0,0.0,19.9847255,0.0,0.0
2020-12-25,22.4873845,0.0,0.0,23.6063019,19.9901301,25.493377,0.0,19.6640559,0.0,0.0,17.473693,0.0,0.0
2020-12-26,20.7325482,0.0,0.0,24.8936272,20.6762183,27.8676425,0.0,19.3122385,0.0,0.0,18.2777115,34.6768577,0.0
2020-12-27,20.7003928,0.0,0.0,24.3073672,21.5005366,28.5249887,0.0,20.2339396,0.0,0.0,20.8636961,39.5297785,0.0
2020-12-28,20.6483372,0.0,0.0,23.5035663,21.6172169,27.8207387,0.0,20.2924444,0.0,0.0,22.3133885,36.7634476,0.0
2020-12-29,18.6556217,0.0,0.0,23.5438515,22.6625291,27.8718057,0.0,21.3253235,0.0,0.0,25.0306819,38.4742857,0.0
2020-12-30,21.2951279,0.0,0.0,25.0932038,22.474669,27.362215,0.0,21.2448124,0.0,0.0,24.3507334,38.747694,0.0
2020-12-31,20.5810718,0.0,0.0,25.4711077,20.9348117,29.6907404,0.0,19.8743707,0.0,0.0,25.9870054,33.8839692,0.0
2021-01-01,14.1564827,0.0,0.0,26.4098683,21.815379,28.5606953,29.0625748,20.0133606,0.0,19.1303007,26.7223035,29.4623544,0.0
2021-01-02,15.4965931,0.0,0.0,28.0774935,19.5704582,29.3741083,0.0,20.5743221,0.0,20.7479661,26.4401437,26.6615195,0.0
2021-01-03,15.394795,0.0,0.0,27.5075789,18.3590808,31.7087563,0.0,19.1473159,0.0,21.2541711,25.9111425,25.6788317,0.0
2021-01-04,17.083262,0.0,0.0,29.6009605,19.0394598,35.0300016,0.0,19.5439433,0.0,23.0084991,25.9659398,27.1479647,0.0
2021-01-05,19.2007936,0.0,0.0,31.1923872,16.1628604,33.9650282,0.0,19.5681862,0.0,23.5969847,26.6996838,26.1819179,37.7863166
2021-01-06,16.726028,0.0,17.6811471,32.2705908,15.907057,34.160613,0.0,20.3923597,0.0,29.4520333,28.675196,26.6802319,0.0
2021-01-07,18.0471498,0.0,18.515452,33.0904623,16.8340749,32.405433,0.0,22.1298717,0.0,32.4072806,29.5584555,27.2479171,0.0
2021-01-08,21.2052094,0.0,0.0,34.7164055,16.4528095,32.0893585,0.0,22.5578868,0.0,33.5408626,32.0497929,32.9424705,0.0
2021-01-09,20.4013953,0.0,0.0,34.404927,17.2699568,30.0482521,22.9805106,22.8967272,0.0,29.9721259,31.5508656,36.3655453,0.0
2021-01-10,20.8190639,0.0,0.0,37.0634636,20.4464423,29.6982136,0.0,21.9967014,0.0,26.7937793,30.3649338,39.2915437,0.0
2021-01-11,19.8742247,0.0,0.0,36.7214273,18.4849423,27.6892312,0.0,22.7622775,0.0,25.2670011,31.7985232,39.6240054,0.0
2021-01-12,18.7612651,0.0,0.0,37.2390139,21.1260375,27.8767445,0.0,22.7193896,0.0,25.3272344,30.3226735,39.3356045,0.0
2021-01-13,19.4067737,0.0,0.0,33.6862446,21.1821408,27.1706324,0.0,22.6937549,0.0,20.3310995,29.5079332,38.7404881,0.0
2021-01-14,19.9763708,0.0,0.0,34.4947857,19.9553306,27.830489,20.3863325,22.938904,0.0,17.3974273,26.8018744,38.9818698,0.0
2021-01-15,18.227888,0.0,0.0,31.3196563,22.9706475,32.6586718,17.4247712,23.6765306,0.0,15.1503558,25.1141796,32.1996741,0.0
2021-01-16,19.0845622,0.0,0.0,29.7279542,21.3349754,37.521756,17.7377162,22.2416054,0.0,14.6713841,24.832536,33.761714,0.0
2021-01-17,21.0224445,0.0,0.0,27.5748126,18.0539267,38.3437529,18.5904307,24.6517835,0.0,18.2838905,26.6955734,26.4882005,0.0
2021-01-18,24.4668926,0.0,0.0,24.9048568,20.0311694,36.3296824,0.0,25.4406292,0.0,21.9084899,25.4205008,26.0983264,0.0
2021-01-19,24.7791744,0.0,0.0,22.7110437,18.7577767,37.5295182,19.9374812,25.3896269,0.0,21.1957563,26.1375403,29.1702139,0.0
2021-01-20,22.4526408,0.0,0.0,25.3217417,19.5857202,33.6225823,22.3940262,26.2033333,0.0,20.9027995,25.9196534,30.4837284,0.0
2021-01-21,20.2811337,0.0,0.0,22.9371228,20.5029352,33.3078896,0.0,25.3579222,0.0,21.6480197,27.0486283,0.0,0.0
2021-01-22,23.113426,0.0,0.0,23.6117432,20.0270464,30.2461862,22.3969498,24.4481862,0.0,24.265597,28.8224616,0.0,0.0
2021-01-23,24.4153248,0.0,0.0,23.5892499,20.0410286,28.4175196,0.0,23.8538323,0.0,26.499152,28.2980028,0.0,0.0
2021-01-24,22.0973943,0.0,0.0,23.7582357,24.1017055,27.5654578,0.0,21.7279812,0.0,22.9434461,26.0768397,0.0,0.0
2021-01-25,19.9260467,0.0,0.0,23.1738285,23.4570525,30.5851088,0.0,21.608734,0.0,24.3525084,25.8497569,0.0,0.0
2021-01-26,20.3868728,0.0,0.0,23.7595986,25.4905851,31.599747,0.0,22.3152219,0.0,28.1526579,25.4104627,0.0,0.0
2021-01-27,23.6379341,0.0,0.0,24.1578158,24.5150148,34.6118251,0.0,21.7807586,0.0,26.8682763,25.2758902,0.0,0.0
2021-01-28,25.647197,0.0,0.0,25.8912201,27.9314163,35.5179442,0.0,22.7893057,0.0,25.2974228,22.9774296,0.0,0.0
2021-01-29,23.9208456,0.0,0.0,25.6214866,31.6850285,33.8553279,0.0,22.4479078,0.0,21.5809279,20.5198162,0.0,0.0
2021-01-30,21.3899475,0.0,0.0,25.8815049,36.0697699,29.4103186,0.0,22.5763991,0.0,22.022752,19.9188519,0.0,0.0
2021-01-31,24.6182253,0.0,0.0,28.7972789,32.4241441,30.1689752,0.0,23.6641479,0.0,23.4796618,21.1916628,0.0,0.0
2021-02-01,23.442116,0.0,0.0,29.7788295,33.7497229,28.1729938,0.0,21.7920622,0.0,19.7227604,18.8460721,0.0,0.0
2021-02-02,24.0064752,0.0,0.0,28.8483876,31.8197085,30.6027345,0.0,20.7613335,0.0,15.1639379,19.0666169,0.0,0.0
2021-02-03,22.757608,0.0,0.0,27.6827673,36.1044414,32.6058265,0.0,20.5461502,0.0,18.1214871,19.8316851,0.0,0.0
2021-02-04,22.2024689,0.0,0.0,27.3036147,35.4099233,30.0889209,0.0,18.406082,0.0,23.0822343,21.7515036,0.0,0.0
2021-02-05,22.2982016,0.0,0.0,26.8402948,30.7946129,31.1034491,0.0,18.1776927,0.0,20.3874847,21.9768553,0.0,0.0
2021-02-06,23.7387389,0.0,0.0,26.3210403,27.9971146,32.8256035,0.0,18.5793993,0.0,19.7764809,22.8666176,0.0,0.0
2021-02-07,18.7815099,0.0,0.0,23.3426695,32.4694864,28.1013183,0.0,17.4228171,0.0,20.8844934,21.7652304,0.0,0.0
2021-02-08,19.1628853,0.0,0.0,22.7928482,29.8323326,25.2210628,0.0,17.0371594,0.0,21.7040751,23.5430375,0.0,0.0
2021-02-09,17.0886123,0.0,0.0,21.6993156,28.7258451,19.9443189,0.0,17.3671364,0.0,21.8933268,22.1119111,0.0,0.0
2021-02-10,16.3497037,0.0,0.0,21.2004999,23.8105316,19.2074592,0.0,16.3132246,0.0,18.1401011,20.8124463,0.0,0.0
2021-02-11,13.7573501,0.0,0.0,19.4909351,20.4164827,20.7506515,0.0,16.7424512,0.0,14.0506922,21.0692264,0.0,0.0
2021-02-12,11.1704361,0.0,0.0,18.5548113,19.668196,24.2921407,0.0,16.6690322,0.0,15.5512045,21.1756259,0.0,0.0
2021-02-13,11.8237482,0.0,0.0,18.1418386,20.4692874,23.0615385,0.0,16.5439943,0.0,13.4738405,22.4987438,0.0,0.0
2021-02-14,12.0633606,0.0,0.0,18.6127001,12.9078985,26.5136004,0.0,17.606928,0.0,0.0,21.6469759,0.0,0.0
2021-02-15,10.1052063,0.0,0.0,20.2579821,13.2028483,28.5380571,0.0,18.3861925,0.0,0.0,22.9071262,0.0,0.0
2021-02-16,15.4227378,0.0,0.0,23.4587146,16.8465745,30.6109434,0.0,20.2113414,0.0,0.0,24.4841468,0.0,0.0
2021-02-17,17.8218701,0.0,0.0,22.624403,18.7343834,30.0018372,0.0,21.0257066,0.0,0.0,24.2764479,0.0,0.0
2021-02-18,18.8320507,0.0,0.0,23.4990539,21.1548317,31.4995925,0.0,21.6308632,0.0,0.0,20.8403465,0.0,0.0
2021-02-19,20.7496404,0.0,0.0,24.8171784,18.7047964,27.1088825,0.0,22.1756485,0.0,0.0,20.6509693,0.0,0.0
2021-02-20,19.1243123,0.0,0.0,25.2443079,17.9805391,31.0534806,0.0,22.0170608,0.0,0.0,19.9674485,0.0,0.0
2021-02-21,19.8868074,0.0,0.0,24.6889226,21.6675523,0.0,0.0,20.665901,0.0,0.0,20.2848418,0.0,0.0
2021-02-22,21.8758675,0.0,0.0,22.8688505,21.8695057,0.0,0.0,20.7297781,0.0,0.0,17.011477,0.0,0.0
2021-02-23,17.7797144,0.0,0.0,20.7612524,20.6578495,0.0,0.0,18.1429138,0.0,0.0,14.6566227,0.0,0.0
2021-02-24,15.1678444,0.0,0.0,21.8126251,20.0823891,0.0,0.0,18.6766076,0.0,0.0,14.2080227,0.0,0.0
2021-02-25,15.7669826,0.0,0.0,21.1254651,15.5093719,21.1981049,0.0,18.0178659,0.0,0.0,15.3115892,0.0,0.0
2021-02-26,15.7771396,0.0,0.0,20.7914144,17.9749797,24.4704004,0.0,16.7046603,0.0,0.0,14.7592912,0.0,0.0
2021-02-27,13.9021766,0.0,0.0,21.4036131,18.8016034,21.0493005,0.0,17.6348407,0.0,0.0,12.5044307,0.0,0.0
2021-02-28,12.6826204,0.0,0.0,21.1635114,17.6922997,17.3555842,0.0,18.2116546,0.0,0.0,12.268113,0.0,0.0
2021-03-01,14.765416,0.0,0.0,20.9859679,18.1482902,0.0,0.0,18.0270232,0.0,0.0,16.5266675,0.0,0.0
2021-03-02,15.7699223,0.0,0.0,18.8217875,18.5860748,0.0,0.0,17.3373276,0.0,0.0,17.3554603,0.0,0.0
2021-03-03,16.6870713,0.0,0.0,17.1431448,20.5299657,0.0,0.0,15.2576193,0.0,0.0,20.0831131,0.0,0.0
2021-03-04,16.9967994,0.0,0.0,14.1757207,22.8256108,0.0,0.0,14.9076367,0.0,0.0,20.1517604,0.0,0.0
2021-03-05,16.9388963,0.0,0.0,12.5806386,23.7939726,0.0,0.0,14.4067404,0.0,0.0,20.0755944,0.0,0.0
2021-03-06,18.2534813,0.0,0.0,10.9717488,22.2418252,0.0,0.0,12.6323611,0.0,0.0,17.6137393,0.0,0.0
2021-03-07,18.9860626,0.0,0.0,9.3900456,21.2126528,0.0,0.0,11.3955688,0.0,0.0,19.0243732,0.0,0.0
2021-03-08,14.4761445,0.0,0.0,9.5500893,22.7676592,0.0,0.0,13.04537,0.0,0.0,14.0299999,0.0,0.0
2021-03-09,11.8659496,0.0,0.0,10.0881262,21.5453568,0.0,0.0,13.2665831,0.0,0.0,13.0363413,0.0,0.0
2021-03-10,11.1159768,0.0,0.0,11.111736,19.7024184,0.0,0.0,12.9490733,0.0,0.0,10.5321083,0.0,0.0
2021-03-11,9.1521425,0.0,0.0,11.6656691,23.0775793,0.0,0.0,11.3981888,0.0,0.0,9.8420344,0.0,0.0
2021-03-12,5.7232385,0.0,0.0,10.6976947,21.2157801,0.0,0.0,14.118527,0.0,0.0,9.0310694,0.0,0.0
2021-03-13,5.3544865,0.0,0.0,11.7701908,19.2586572,0.0,0.0,13.3263755,0.0,0.0,11.3059156,0.0,0.0
2021-03-14,7.0154334,0.0,0.0,13.445347,18.8869431,0.0,0.0,13.2453549,0.0,0.0,8.0169977,0.0,0.0
2021-03-15,6.5697243,0.0,0.0,13.5700828,16.2856593,0.0,0.0,11.316761,0.0,0.0,7.0625618,0.0,0.0
2021-03-16,7.9613666,0.0,0.0,12.8906835,15.0811828,0.0,0.0,11.859782,0.0,0.0,6.2727695,0.0,0.0
2021-03-17,8.0866501,0.0,0.0,10.9013662,13.0532378,0.0,0.0,13.2863806,0.0,0.0,6.1730538,0.0,0.0
2021-03-18,7.8028083,0.0,0.0,10.6945702,7.8367703,0.0,0.0,15.4545681,0.0,0.0,7.3884346,0.0,0.0
2021-03-19,7.8042835,0.0,0.0,11.7850563,11.3516474,0.0,0.0,13.8983514,0.0,0.0,7.6041104,0.0,0.0
2021-03-20,7.1250818,0.0,0.0,10.2628674,15.046555,0.0,0.0,15.6400108,0.0,0.0,5.4926549,0.0,0.0
2021-03-21,6.2041962,0.0,0.0,8.6281683,13.6542009,0.0,0.0,17.2892111,0.0,0.0,5.0251035,0.0,0.0
2021-03-22,6.8292735,0.0,0.0,9.6234617,13.0807271,0.0,0.0,16.9180512,0.0,0.0,5.8995496,0.0,0.0
2021-03-23,6.1000702,0.0,0.0,8.9415426,13.7797286,0.0,0.0,16.5591348,0.0,0.0,5.5265883,0.0,0.0
2021-03-24,6.618721,0.0,0.0,8.7885179,18.4240198,0.0,0.0,14.4788264,0.0,0.0,5.6582131,0.0,0.0
2021-03-25,6.3427177,0.0,0.0,9.7954691,17.1816932,0.0,0.0,12.8094344,0.0,0.0,4.7171839,0.0,0.0
2021-03-26,6.6864512,0.0,0.0,10.0478814,16.792215,0.0,0.0,10.0295335,0.0,0.0,3.7769024,0.0,0.0
2021-03-27,6.8413507,0.0,0.0,10.3810548,13.3990351,0.0,0.0,10.5270089,0.0,0.0,3.5644612,0.0,0.0
2021-03-28,7.0099711,0.0,0.0,11.5539214,0.0,0.0,0.0,9.0298989,0.0,0.0,4.7082866,0.0,0.0
2021-03-29,6.7795518,0.0,0.0,9.1358311,0.0,0.0,0.0,9.4241822,0.0,0.0,5.8935926,0.0,0.0
2021-03-30,6.9852688,0.0,0.0,9.4366787,0.0,0.0,0.0,8.6206804,0.0,0.0,5.7192609,0.0,0.0
2021-03-31,8.5559723,0.0,0.0,8.7206751,0.0,0.0,0.0,8.8281705,0.0,0.0,5.8855404,0.0,0.0
2021-04-01,0.0,0.0,0.0,9.1865479,0.0,0.0,0.0,9.5295656,0.0,0.0,5.9023489,0.0,0.0
2021-04-02,0.0,0.0,0.0,8.299627,8.5284917,0.0,0.0,13.6040072,0.0,0.0,6.3096066,0.0,0.0
2021-04-03,10.3212016,0.0,0.0,6.7106134,9.8260782,0.0,0.0,14.6323439,0.0,0.0,8.6611643,0.0,0.0
2021-04-04,0.0,0.0,0.0,5.7638736,7.941044,0.0,0.0,14.9117621,0.0,0.0,8.8399146,0.0,0.0
2021-04-05,0.0,0.0,0.0,5.8611581,7.7723115,0.0,0.0,14.0974064,0.0,0.0,9.5935922,0.0,0.0
2021-04-06,0.0,0.0,0.0,6.0160925,8.5426285,0.0,0.0,14.2629589,0.0,0.0,10.3273053,0.0,0.0
2021-04-07,0.0,0.0,0.0,6.5362284,0.0,0.0,0.0,15.093802,0.0,0.0,0.0,0.0,0.0
2021-04-08,13.7523323,0.0,0.0,5.6541262,0.0,0.0,0.0,14.7298768,0.0,0.0,0.0,0.0,0.0
2021-04-09,0.0,0.0,0.0,4.6779011,0.0,0.0,0.0,11.787745,0.0,0.0,13.3074589,0.0,0.0
2021-04-10,0.0,0.0,0.0,5.5856227,0.0,0.0,0.0,8.3868771,0.0,0.0,0.0,0.0,0.0
2021-04-11,0.0,0.0,0.0,6.7628917,0.0,0.0,0.0,8.4791388,0.0,0.0,13.3794877,0.0,0.0
2021-04-12,0.0,0.0,0.0,6.676791,0.0,0.0,0.0,8.5166036,0.0,0.0,0.0,0.0,0.0
2021-04-13,8.2186929,0.0,0.0,6.6982361,0.0,0.0,0.0,8.425691,0.0,0.0,0.0,0.0,0.0
2021-04-14,0.0,0.0,0.0,5.7890158,0.0,0.0,0.0,9.6483206,0.0,0.0,10.5769867,0.0,0.0
2021-04-15,0.0,0.0,0.0,5.9463275,0.0,0.0,0.0,8.6178591,0.0,0.0,9.9796966,0.0,0.0
2021-04-16,0.0,0.0,0.0,7.5803328,0.0,0.0,0.0,8.6580936,0.0,0.0,0.0,0.0,0.0
2021-04-17,0.0,0.0,0.0,6.8211422,0.0,0.0,0.0,9.8808572,0.0,0.0,0.0,0.0,0.0
2021-04-18,0.0,0.0,0.0,6.8149702,0.0,0.0,0.0,9.8827095,0.0,0.0,0.0,0.0,0.0
2021-04-19,0.0,0.0,0.0,6.4378171,0.0,0.0,0.0,9.3358239,0.0,0.0,0.0,0.0,0.0
2021-04-20,0.0,0.0,0.0,5.8850409,0.0,0.0,0.0,9.9777771,0.0,0.0,0.0,0.0,0.0
2021-04-21,0.0,0.0,0.0,7.0506235,0.0,0.0,0.0,9.1594749,0.0,0.0,0.0,0.0,0.0
2021-04-22,0.0,0.0,0.0,6.0716602,0.0,0.0,0.0,9.857796,0.0,0.0,0.0,0.0,0.0
2021-04-23,0.0,0.0,0.0,6.1464337,0.0,0.0,0.0,10.7128736,0.0,0.0,0.0,0.0,0.0
2021-04-24,0.0,0.0,0.0,7.1955462,0.0,0.0,0.0,9.2043827,0.0,0.0,0.0,0.0,0.0
2021-04-25,0.0,0.0,0.0,5.4584931,0.0,0.0,0.0,10.0049012,0.0,0.0,0.0,0.0,0.0
2021-04-26,0.0,0.0,0.0,7.956304,0.0,0.0,0.0,10.2166728,0.0,0.0,0.0,0.0,0.0
2021-04-27,0.0,0.0,0.0,8.6366002,0.0,0.0,0.0,10.5662488,0.0,0.0,0.0,0.0,0.0
2021-04-28,0.0,0.0,0.0,8.723547,0.0,0.0,0.0,12.3561919,0.0,0.0,0.0,0.0,0.0
2021-04-29,0.0,0.0,0.0,10.7298818,0.0,0.0,0.0,13.7946877,0.0,0.0,0.0,0.0,0.0
2021-04-30,0.0,0.0,0.0,8.9792172,0.0,0.0,0.0,13.144898,0.0,0.0,0.0,0.0,0.0
2021-05-01,0.0,0.0,0.0,10.7474444,0.0,0.0,0.0,14.3643151,0.0,0.0,0.0,0.0,0.0
2021-05-02,0.0,0.0,0.0,12.4470613,0.0,0.0,0.0,13.3536818,0.0,0.0,0.0,0.0,0.0
2021-05-03,0.0,0.0,0.0,10.3812485,0.0,0.0,0.0,13.7576475,0.0,0.0,0.0,0.0,0.0
2021-05-04,0.0,0.0,0.0,13.372615,0.0,0.0,0.0,13.3497898,0.0,0.0,0.0,0.0,0.0
2021-05-05,0.0,0.0,0.0,13.7303959,0.0,0.0,0.0,10.0778555,0.0,0.0,0.0,0.0,0.0
2021-05-06,0.0,0.0,0.0,13.7342365,0.0,0.0,0.0,8.2445873,0.0,0.0,0.0,0.0,0.0
2021-05-07,0.0,0.0,0.0,13.3128644,0.0,0.0,0.0,7.798202,0.0,0.0,0.0,0.0,0.0
2021-05-08,0.0,0.0,0.0,11.8172692,0.0,0.0,0.0,6.9735107,0.0,0.0,0.0,0.0,0.0
2021-05-09,0.0,0.0,0.0,0.0,0.0,0.0,0.0,8.6599923,0.0,0.0,0.0,0.0,0.0
2021-05-10,0.0,0.0,0.0,11.0143182,0.0,0.0,0.0,8.1483526,0.0,0.0,0.0,0.0,0.0
2021-05-11,0.0,0.0,0.0,7.2110907,0.0,0.0,0.0,7.6273444,0.0,0.0,0.0,0.0,0.0
2021-05-12,0.0,0.0,0.0,6.8680039,0.0,0.0,0.0,9.6598844,0.0,0.0,0.0,0.0,0.0
2021-05-13,0.0,0.0,0.0,5.3100658,0.0,0.0,0.0,10.38791,0.0,0.0,0.0,0.0,0.0
2021-05-14,0.0,0.0,0.0,5.5467421,0.0,0.0,0.0,11.1929031,0.0,0.0,0.0,0.0,0.0
2021-05-15,0.0,0.0,0.0,0.0,0.0,0.0,0.0,12.6303688,0.0,0.0,0.0,0.0,0.0
2021-05-16,0.0,0.0,0.0,5.3729212,0.0,0.0,0.0,10.90525,0.0,0.0,0.0,0.0,0.0
2021-05-17,0.0,0.0,0.0,0.0,0.0,0.0,0.0,10.678878,0.0,0.0,0.0,0.0,0.0
2021-05-18,0.0,0.0,0.0,0.0,0.0,0.0,0.0,11.2458041,0.0,0.0,0.0,0.0,0.0
2021-05-19,0.0,0.0,0.0,0.0,0.0,0.0,0.0,9.794019,0.0,0.0,0.0,0.0,0.0
2021-05-20,0.0,0.0,0.0,0.0,0.0,0.0,0.0,8.2423113,0.0,0.0,0.0,0.0,0.0
2021-05-21,0.0,0.0,0.0,7.8167561,0.0,0.0,0.0,7.7972849,0.0,0.0,0.0,0.0,0.0
2021-05-22,0.0,0.0,0.0,7.5443252,0.0,0.0,0.0,5.9896944,0.0,0.0,0.0,0.0,0.0
2021-05-23,0.0,0.0,0.0,6.8611221,0.0,0.0,0.0,8.4015117,0.0,0.0,0.0,0.0,0.0
2021-05-24,0.0,0.0,0.0,5.2707594,0.0,0.0,0.0,8.7445496,0.0,0.0,0.0,0.0,0.0
2021-05-25,0.0,0.0,0.0,5.3366471,0.0,0.0,0.0,7.9716236,0.0,0.0,0.0,0.0,0.0
2021-05-26,0.0,0.0,0.0,4.7037508,0.0,0.0,0.0,7.2877715,0.0,0.0,2.3624865,0.0,0.0
2021-05-27,0.0,0.0,0.0,4.861151,0.0,0.0,0.0,8.3547177,0.0,0.0,2.405643,0.0,0.0
2021-05-28,0.0,0.0,0.0,6.2979373,0.0,0.0,0.0,6.7691012,0.0,0.0,3.6768639,0.0,0.0
2021-05-29,0.0,0.0,0.0,6.1342035,0.0,0.0,0.0,7.2118883,0.0,0.0,0.0,0.0,0.0
2021-05-30,0.0,0.0,0.0,5.9729136,0.0,0.0,0.0,5.2345465,0.0,0.0,0.0,0.0,0.0
2021-05-31,0.0,0.0,0.0,4.9432341,0.0,0.0,0.0,4.6201117,0.0,0.0,0.0,0.0,0.0
2021-06-01,0.0,0.0,0.0,6.0885324,0.0,0.0,0.0,5.9490128,0.0,0.0,0.0,0.0,0.0
2021-06-02,0.0,0.0,0.0,6.3581452,0.0,0.0,0.0,6.2719277,0.0,0.0,0.0,0.0,0.0
2021-06-03,0.0,0.0,0.0,5.9421819,0.0,0.0,0.0,5.1877175,0.0,0.0,0.0,0.0,0.0
2021-06-04,0.0,0.0,0.0,4.4471466,0.0,0.0,0.0,6.2902204,0.0,0.0,0.0,0.0,0.0
2021-06-05,0.0,0.0,0.0,5.1511121,0.0,0.0,0.0,5.8883683,0.0,0.0,0.0,0.0,0.0
2021-06-06,0.0,0.0,0.0,6.2655893,0.0,0.0,0.0,4.4429051,0.0,0.0,0.0,0.0,0.0
2021-06-07,0.0,0.0,0.0,6.9764105,0.0,0.0,0.0,4.2247697,0.0,0.0,0.0,0.0,0.0
2021-06-08,0.0,0.0,0.0,10.4819277,0.0,0.0,0.0,2.420257,0.0,0.0,0.0,0.0,0.0
2021-06-09,0.0,0.0,0.0,10.1445738,0.0,0.0,0.0,3.3776321,0.0,0.0,0.0,0.0,0.0
2021-06-10,0.0,0.0,0.0,10.0372458,0.0,0.0,0.0,3.9042586,0.0,0.0,0.0,0.0,0.0
2021-06-11,0.0,0.0,0.0,11.0368189,0.0,0.0,0.0,4.0707942,0.0,0.0,0.0,0.0,0.0
2021-06-12,0.0,0.0,0.0,12.582941,0.0,0.0,0.0,4.9887091,0.0,0.0,0.0,0.0,0.0
2021-06-13,0.0,0.0,0.0,11.5525753,0.0,0.0,0.0,6.3399093,0.0,0.0,0.0,0.0,0.0
2021-06-14,0.0,0.0,0.0,12.6957332,0.0,0.0,0.0,8.2123377,0.0,0.0,0.0,0.0,0.0
2021-06-15,0.0,0.0,0.0,8.5443479,0.0,0.0,0.0,10.0925291,0.0,0.0,0.0,0.0,0.0
2021-06-16,0.0,0.0,0.0,9.1399651,0.0,0.0,0.0,10.200152,0.0,0.0,0.0,0.0,0.0
2021-06-17,0.0,0.0,0.0,0.0,0.0,0.0,0.0,10.9268146,0.0,0.0,0.0,0.0,0.0
2021-06-18,0.0,0.0,0.0,0.0,0.0,0.0,0.0,10.0851317,0.0,0.0,0.0,0.0,0.0
2021-06-19,0.0,0.0,0.0,0.0,0.0,0.0,0.0,8.3781059,0.0,0.0,0.0,0.0,0.0
2021-06-20,0.0,0.0,0.0,0.0,0.0,0.0,0.0,9.0295102,0.0,0.0,0.0,0.0,0.0
2021-06-21,0.0,0.0,0.0,0.0,0.0,0.0,0.0,8.1581337,0.0,0.0,0.0,0.0,0.0
2021-06-22,0.0,0.0,0.0,0.0,0.0,0.0,0.0,7.1235395,0.0,0.0,0.0,0.0,0.0
2021-06-23,0.0,0.0,0.0,0.0,0.0,0.0,0.0,6.0870225,0.0,0.0,0.0,0.0,0.0
2021-06-24,0.0,0.0,0.0,0.0,0.0,0.0,0.0,5.5363217,0.0,0.0,0.0,0.0,0.0
2021-06-25,0.0,0.0,0.0,0.0,0.0,0.0,0.0,5.8561994,0.0,0.0,0.0,0.0,0.0
2021-06-26,0.0,0.0,0.0,0.0,0.0,0.0,0.0,6.5294891,0.0,0.0,0.0,0.0,0.0
2021-06-27,0.0,0.0,0.0,0.0,0.0,0.0,0.0,4.5205962,0.0,0.0,0.0,0.0,0.0
2021-06-28,0.0,0.0,0.0,0.0,0.0,0.0,0.0,4.8483626,0.0,0.0,0.0,0.0,0.0
2021-06-29,0.0,0.0,0.0,0.0,0.0,0.0,0.0,6.2072311,0.0,0.0,0.0,0.0,0.0
2021-06-30,0.0,0.0,0.0,10.7657172,0.0,0.0,0.0,7.2370535,0.0,0.0,0.0,0.0,0.0
2021-07-01,0.0,0.0,0.0,8.3114919,0.0,0.0,0.0,6.2673321,0.0,0.0,0.0,0.0,0.0
2021-07-02,0.0,0.0,0.0,0.0,0.0,0.0,0.0,6.645849,0.0,0.0,0.0,0.0,0.0
2021-07-03,0.0,0.0,0.0,0.0,0.0,0.0,0.0,6.134753,0.0,0.0,0.0,0.0,0.0
2021-07-04,0.0,0.0,0.0,0.0,0.0,0.0,0.0,9.7213053,0.0,0.0,0.0,0.0,0.0
2021-07-05,0.0,0.0,0.0,0.0,0.0,0.0,0.0,9.84766,0.0,0.0,0.0,0.0,0.0
2021-07-06,0.0,0.0,0.0,0.0,0.0,0.0,0.0,10.1939325,0.0,0.0,0.0,0.0,0.0
2021-07-07,0.0,0.0,0.0,0.0,0.0,0.0,0.0,9.0394598,0.0,0.0,0.0,0.0,0.0
2021-07-08,0.0,0.0,0.0,0.0,0.0,0.0,0.0,11.2902585,0.0,0.0,0.0,0.0,0.0
2021-07-09,0.0,0.0,0.0,12.5979246,0.0,0.0,0.0,11.2372453,0.0,0.0,0.0,0.0,0.0
2021-07-10,0.0,0.0,0.0,12.0261719,0.0,0.0,0.0,11.1675645,0.0,0.0,0.0,0.0,0.0
2021-07-11,0.0,0.0,0.0,11.3391436,0.0,0.0,0.0,8.59207,0.0,0.0,0.0,0.0,0.0
2021-07-12,0.0,0.0,0.0,11.4252099,0.0,0.0,0.0,8.0102022,0.0,0.0,0.0,0.0,0.0
2021-07-13,0.0,0.0,0.0,11.0166387,0.0,0.0,0.0,6.364189,0.0,0.0,0.0,0.0,0.0
2021-07-14,0.0,0.0,0.0,10.1370364,0.0,0.0,0.0,6.1619027,0.0,0.0,0.0,0.0,0.0
2021-07-15,0.0,0.0,0.0,9.0896171,0.0,0.0,0.0,3.8218309,0.0,0.0,0.0,0.0,0.0
2021-07-16,0.0,0.0,0.0,8.2165554,0.0,0.0,0.0,4.173996,0.0,0.0,0.0,0.0,0.0
2021-07-17,0.0,0.0,0.0,8.5274273,0.0,0.0,0.0,4.7888335,0.0,0.0,0.0,0.0,0.0
2021-07-18,0.0,0.0,0.0,7.9808917,0.0,0.0,0.0,4.5054467,0.0,0.0,4.7685832,0.0,0.0
2021-07-19,0.0,0.0,0.0,8.5275769,0.0,0.0,0.0,5.0051789,0.0,0.0,6.0604146,0.0,0.0
2021-07-20,0.0,0.0,0.0,9.5863192,0.0,0.0,0.0,5.3615002,0.0,0.0,12.2147427,0.0,0.0
2021-07-21,0.0,0.0,0.0,11.3294188,0.0,0.0,0.0,6.682637,0.0,0.0,10.7711284,0.0,0.0
2021-07-22,14.719669,0.0,0.0,13.7363015,0.0,0.0,0.0,9.5052653,0.0,0.0,12.0486939,0.0,0.0
2021-07-23,13.2588971,0.0,0.0,16.615449,0.0,0.0,0.0,9.5777985,0.0,0.0,11.2558822,0.0,0.0
2021-07-24,9.9658206,0.0,0.0,15.639356,0.0,0.0,0.0,9.9012688,0.0,0.0,13.7290191,0.0,0.0
2021-07-25,9.5583047,0.0,0.0,17.5546902,0.0,0.0,0.0,11.1545491,0.0,0.0,14.0380629,0.0,0.0
2021-07-26,11.3332969,0.0,0.0,17.4914383,0.0,0.0,0.0,11.7747011,0.0,0.0,13.9063146,0.0,0.0
2021-07-27,12.1064465,0.0,0.0,17.4848614,0.0,0.0,0.0,13.5835271,0.0,0.0,7.3727364,0.0,0.0
2021-07-28,13.221966,0.0,0.0,19.397988,0.0,0.0,0.0,17.6663421,0.0,0.0,9.5823055,0.0,0.0
2021-07-29,14.3629581,0.0,0.0,17.8524078,0.0,0.0,0.0,18.4062014,0.0,0.0,9.9947686,0.0,0.0
2021-07-30,16.3084747,0.0,0.0,18.2623867,0.0,0.0,0.0,19.691302,0.0,0.0,11.8984931,0.0,0.0
2021-07-31,15.4256659,0.0,0.0,21.8998817,0.0,0.0,0.0,22.5617058,0.0,0.0,13.6419945,0.0,0.0
2021-08-01,15.30571,0.0,0.0,20.3326554,0.0,0.0,0.0,22.5118059,0.0,0.0,15.3049259,0.0,0.0
2021-08-02,16.0330842,0.0,0.0,18.8827056,0.0,0.0,0.0,23.0254814,0.0,0.0,17.7977923,0.0,0.0
2021-08-03,16.7119362,0.0,0.0,19.5239983,0.0,0.0,0.0,22.0355656,0.0,0.0,20.9296823,0.0,0.0
2021-08-04,14.9318743,0.0,0.0,18.2682216,0.0,0.0,0.0,19.5345402,0.0,0.0,20.8617085,0.0,0.0
2021-08-05,12.9135139,0.0,0.0,17.71979,0.0,0.0,0.0,17.9589389,0.0,0.0,24.0218862,0.0,0.0
2021-08-06,11.7072906,0.0,0.0,16.1941774,0.0,20.8446357,0.0,18.3543625,0.0,0.0,20.1597043,0.0,0.0
2021-08-07,12.4965097,0.0,0.0,15.0750432,0.0,21.8625018,0.0,15.7833404,0.0,0.0,17.434333,0.0,0.0
2021-08-08,14.3164884,0.0,0.0,16.5502427,0.0,19.6787419,0.0,15.8624658,0.0,0.0,16.6889289,0.0,0.0
2021-08-09,13.7454553,0.0,0.0,17.6613446,0.0,22.5469739,0.0,14.8637205,0.0,0.0,14.8684958,0.0,0.0
2021-08-10,12.9930052,0.0,0.0,17.8804626,0.0,20.2337781,0.0,15.4381941,0.0,0.0,16.0816339,0.0,0.0
2021-08-11,14.3499407,0.0,0.0,19.0371639,0.0,16.9530962,0.0,15.3224484,0.0,0.0,17.2348505,0.0,0.0
2021-08-12,15.6668115,0.0,0.0,19.3395458,0.0,15.2241357,0.0,15.8075336,0.0,9.8527844,14.8101386,0.0,0.0
2021-08-13,16.4854609,0.0,27.0791804,20.2286858,9.9742956,15.0874271,0.0,17.2198181,0.0,13.2136265,16.4401893,0.0,0.0
2021-08-14,16.7988436,0.0,27.4388016,19.0029445,9.0930787,13.0659325,0.0,18.6562003,0.0,13.4115068,17.6979251,0.0,0.0
2021-08-15,14.9513596,0.0,32.0535743,16.1195531,8.8764751,12.7533887,0.0,18.8442018,0.0,0.0,18.7155793,0.0,0.0
2021-08-16,15.8591741,0.0,34.2886114,15.0806623,6.5463649,10.9208263,0.0,18.8115676,0.0,19.2558758,17.621356,0.0,0.0
2021-08-17,14.820091,0.0,32.9499027,16.4071531,6.194218,14.3519054,0.0,18.3806929,0.0,18.9032586,16.936241,0.0,0.0
2021-08-18,14.9649168,0.0,31.4667564,13.8257136,6.8123148,14.0337652,0.0,19.9653755,0.0,20.0871621,14.7647363,0.0,0.0
2021-08-19,15.1687971,0.0,32.1168899,14.7503758,6.5866646,16.0754927,0.0,20.3599293,0.0,22.3759348,16.4954095,0.0,0.0
2021-08-20,17.0181282,0.0,33.1313105,14.2537499,5.8850767,16.2579304,0.0,17.9092447,0.0,19.3789673,17.3716479,0.0,0.0
2021-08-21,14.9505567,0.0,32.0195315,13.929278,6.9689708,20.1840505,0.0,16.9737993,0.0,18.2814868,14.9889206,0.0,0.0
2021-08-22,15.5953192,0.0,31.9319048,15.8897816,7.1019799,20.2149381,0.0,18.1078801,0.0,17.7139598,13.7736788,0.0,0.0
2021-08-23,12.5486667,0.0,31.6181963,15.3833423,10.227752,22.4505745,0.0,17.9863557,0.0,16.8392911,17.119344,0.0,0.0
2021-08-24,12.4294265,0.0,32.0633906,14.6814333,13.1369754,19.7344028,0.0,17.9481141,0.0,18.699616,17.19692,0.0,0.0
2021-08-25,12.0896472,0.0,30.3055193,18.2453206,14.1712364,19.9477921,0.0,17.0397914,0.0,18.2761773,19.7071721,0.0,0.0
2021-08-26,10.8530371,0.0,30.4913873,17.7097649,14.5346936,19.304255,0.0,16.5505843,0.0,17.0540477,18.2836987,0.0,0.0
2021-08-27,7.2476334,0.0,28.8590626,17.6261289,13.086188,21.7857669,0.0,17.5759521,0.0,17.1796879,15.6316104,21.3265245,0.0
2021-08-28,9.9951137,0.0,28.2296899,19.1398428,12.736138,19.1401907,0.0,17.8610401,0.0,19.3819004,17.5690415,0.0,0.0
2021-08-29,8.7274591,0.0,24.069821,18.2397615,12.4386599,17.8313378,0.0,17.7352237,0.0,16.0786893,20.8756048,0.0,0.0
2021-08-30,9.8877218,0.0,19.9540961,18.0828426,0.0,15.7004853,0.0,19.8201229,0.0,13.7476477,18.5787508,23.9963036,0.0
2021-08-31,10.4824933,0.0,21.6050363,17.1878267,8.4936483,15.8124184,0.0,20.3697427,0.0,12.360637,16.1247079,22.6029878,0.0
2021-09-01,9.001762,0.0,23.1284151,14.2474349,8.0245916,16.7178991,0.0,19.1634146,0.0,11.6810204,14.7750913,0.0,0.0
2021-09-02,9.1117065,0.0,21.0030856,13.4266228,12.1017034,16.6994361,0.0,19.0690474,0.0,10.4731255,15.4489408,0.0,0.0
2021-09-03,9.4573112,0.0,24.3545193,13.3844974,11.6756922,17.8746627,0.0,19.3231533,22.4664826,11.6753688,18.9570446,0.0,0.0
2021-09-04,7.4793539,0.0,26.1977258,11.8501296,10.280654,17.8683062,0.0,18.2532869,21.061963,0.0,19.1589078,27.6824434,0.0
2021-09-05,7.381412,0.0,29.0436009,11.7551296,10.1043498,20.6742495,0.0,15.8759833,22.0190892,0.0,15.7443766,28.4854428,0.0
2021-09-06,6.9228466,0.0,30.9373518,12.5464644,10.3930251,24.8848062,0.0,13.0636994,21.0843433,0.0,16.297613,33.5230431,0.0
2021-09-07,7.1675224,0.0,25.2317945,11.1662234,9.2350133,26.3416656,0.0,12.1967609,26.5646006,0.0,17.2156225,31.51577,0.0
2021-09-08,7.3499292,0.0,25.0468667,12.2826338,9.2415119,27.3942219,0.0,13.4790217,29.4917997,0.0,15.8753308,30.0594564,0.0
2021-09-09,7.3293504,0.0,25.4822023,15.2699085,5.4898794,28.2095006,0.0,13.5449698,28.9773155,0.0,16.6372913,0.0,0.0
2021-09-10,9.3878565,0.0,0.0,15.4422617,5.073642,23.6607093,0.0,14.3957114,0.0,0.0,17.787382,0.0,0.0
2021-09-11,8.8601295,0.0,0.0,14.9407219,7.0879325,24.100353,0.0,15.252477,0.0,0.0,19.9218537,0.0,0.0
2021-09-12,8.5057715,0.0,19.7966657,15.3110894,7.6603438,23.1125143,0.0,15.2768284,0.0,0.0,18.1640203,0.0,0.0
2021-09-13,9.9003488,0.0,0.0,15.4002117,6.9560949,19.3648743,0.0,15.3147064,0.0,0.0,16.7213974,0.0,0.0
2021-09-14,10.1800721,0.0,0.0,17.4324912,0.0,20.4080411,0.0,15.9831225,0.0,0.0,16.8650274,0.0,0.0
2021-09-15,10.9922346,0.0,0.0,17.3742022,6.3553199,23.0694869,0.0,14.6445212,0.0,0.0,18.6436912,0.0,0.0
2021-09-16,11.2076214,0.0,0.0,15.4107375,4.6700494,22.7477693,0.0,14.7192683,0.0,0.0,17.1565273,0.0,21.3773329
2021-09-17,10.348122,0.0,0.0,16.1237487,0.0,22.8428201,0.0,15.0769316,0.0,0.0,12.7648586,0.0,0.0
2021-09-18,11.5749926,0.0,0.0,15.0249195,0.0,22.1319458,0.0,16.5615265,0.0,0.0,9.8972363,0.0,0.0
2021-09-19,12.8122027,0.0,0.0,14.2605454,0.0,21.5858161,0.0,16.2079318,0.0,0.0,12.9589461,0.0,0.0
2021-09-20,11.2750028,0.0,0.0,14.6231017,0.0,20.9153587,0.0,16.3674808,0.0,0.0,13.0138608,0.0,0.0
2021-09-21,11.2318314,0.0,0.0,13.3183643,0.0,19.0872894,0.0,15.2892634,0.0,0.0,14.211347,0.0,0.0
2021-09-22,11.1136328,0.0,0.0,12.9622006,0.0,14.0168069,0.0,14.3623625,0.0,0.0,10.5726124,0.0,0.0
2021-09-23,10.5457733,0.0,0.0,12.0353054,0.0,12.2176134,0.0,14.3804317,0.0,0.0,9.9407263,0.0,0.0
2021-09-24,8.8785352,0.0,0.0,9.7126475,0.0,13.6860443,0.0,12.6505174,0.0,0.0,11.0216778,0.0,0.0
2021-09-25,7.5486338,0.0,0.0,12.1509797,0.0,14.3571035,0.0,10.551808,0.0,0.0,10.2655083,0.0,0.0
2021-09-26,6.8064846,0.0,0.0,12.0292622,0.0,12.688568,0.0,12.112471,0.0,0.0,9.8497792,0.0,0.0
2021-09-27,7.3393002,0.0,0.0,11.4427975,0.0,12.7777542,0.0,12.4142585,0.0,0.0,8.5964428,0.0,0.0
2021-09-28,12.4687051,0.0,0.0,11.4592694,0.0,12.5078333,0.0,12.3373855,0.0,0.0,6.1866432,0.0,0.0
2021-09-29,13.0118218,0.0,0.0,11.0515019,0.0,14.6769438,0.0,12.6641622,0.0,0.0,8.0827143,0.0,0.0
2021-09-30,11.7749564,0.0,0.0,10.7497611,0.0,15.6487935,0.0,12.2318614,0.0,0.0,8.4329014,0.0,0.0
2021-10-01,13.1487465,0.0,0.0,10.6494272,0.0,14.6421139,0.0,11.5620739,0.0,0.0,8.2329293,0.0,0.0
2021-10-02,14.8816785,0.0,0.0,10.7602871,0.0,13.8741324,0.0,10.8258318,0.0,0.0,10.9578048,0.0,0.0
2021-10-03,14.4426561,0.0,0.0,10.9511167,0.0,15.5964242,0.0,9.5554923,0.0,0.0,10.7009223,0.0,0.0
2021-10-04,13.9608597,0.0,0.0,9.6692414,0.0,17.5783559,0.0,8.2889249,0.0,0.0,10.873784,0.0,0.0
2021-10-05,7.9784693,0.0,0.0,11.0080902,0.0,13.7769735,0.0,7.5818462,0.0,0.0,14.2020326,0.0,0.0
2021-10-06,7.4345569,0.0,0.0,10.7769446,0.0,12.5053952,0.0,8.3839538,0.0,0.0,15.108171,0.0,0.0
2021-10-07,9.6864082,0.0,0.0,11.7717823,0.0,12.0887839,0.0,6.7225603,0.0,0.0,14.5770626,0.0,0.0
2021-10-08,8.5670203,0.0,0.0,11.9671937,0.0,14.2524908,0.0,7.0786182,0.0,0.0,16.9342823,0.0,0.0
2021-10-09,10.2662051,0.0,0.0,11.5544768,0.0,15.1823855,0.0,7.2717589,0.0,0.0,13.6283904,0.0,0.0
2021-10-10,10.004803,0.0,0.0,11.3985408,0.0,15.1316588,0.0,7.4616281,0.0,0.0,12.2847647,0.0,0.0
2021-10-11,9.9943048,0.0,0.0,12.3431598,0.0,15.2296405,0.0,7.8490872,0.0,0.0,16.1343059,0.0,0.0
2021-10-12,8.7371346,0.0,0.0,10.7128055,0.0,21.6158796,0.0,9.5329215,0.0,0.0,14.2954127,0.0,0.0
2021-10-13,9.3488518,0.0,0.0,12.7263526,0.0,0.0,0.0,8.7677473,0.0,0.0,11.3216826,0.0,0.0
2021-10-14,9.5001553,0.0,0.0,11.2299076,0.0,0.0,0.0,9.4261464,0.0,0.0,10.3258633,0.0,0.0
2021-10-15,11.4683625,0.0,0.0,12.6285548,0.0,0.0,0.0,10.0328281,0.0,0.0,8.7220703,0.0,0.0
2021-10-16,7.0198071,0.0,0.0,10.9279753,0.0,0.0,0.0,10.5190368,0.0,0.0,9.6061759,0.0,0.0
2021-10-17,7.2649567,0.0,0.0,11.2063969,0.0,0.0,0.0,9.9308569,0.0,0.0,8.4614812,0.0,0.0
2021-10-18,0.0,0.0,0.0,11.8300341,0.0,0.0,0.0,9.6891047,0.0,0.0,0.0,0.0,0.0
2021-10-19,0.0,0.0,0.0,12.3944928,0.0,8.9175074,0.0,7.8855936,0.0,0.0,0.0,0.0,0.0
2021-10-20,0.0,0.0,0.0,12.2148026,0.0,0.0,0.0,7.2138582,0.0,0.0,0.0,0.0,0.0
2021-10-21,0.0,0.0,0.0,12.9771668,0.0,0.0,0.0,6.5228279,0.0,0.0,0.0,0.0,0.0
2021-10-22,0.0,0.0,0.0,13.0308091,0.0,8.942821,0.0,5.5858469,0.0,0.0,9.9965563,0.0,0.0
2021-10-23,0.0,0.0,0.0,12.8817795,0.0,10.0408926,0.0,5.0493596,0.0,0.0,8.4608619,0.0,0.0
2021-10-24,0.0,0.0,0.0,12.7387039,0.0,0.0,0.0,6.0588101,0.0,0.0,9.8298688,0.0,0.0
2021-10-25,0.0,0.0,0.0,10.1980785,0.0,0.0,0.0,6.5177284,0.0,0.0,8.7201395,0.0,0.0
2021-10-26,8.3003889,0.0,0.0,9.4634977,0.0,0.0,0.0,8.1869758,0.0,0.0,6.5999066,0.0,0.0
2021-10-27,8.8400177,0.0,0.0,7.6388571,0.0,0.0,0.0,10.4139444,0.0,0.0,5.1259563,0.0,0.0
2021-10-28,12.0008992,0.0,0.0,7.1238573,0.0,0.0,0.0,13.1879716,0.0,0.0,6.6928713,0.0,0.0
2021-10-29,10.8000067,0.0,0.0,6.7376393,0.0,0.0,0.0,13.1620944,0.0,0.0,8.5313821,0.0,0.0
2021-10-30,8.8391658,0.0,0.0,7.8733702,0.0,0.0,0.0,13.9341376,0.0,0.0,8.8434836,0.0,0.0
2021-10-31,7.0161202,0.0,0.0,7.9636857,0.0,0.0,0.0,12.4607296,0.0,0.0,7.3438143,0.0,0.0
2021-11-01,6.8818834,0.0,0.0,9.9891616,0.0,0.0,0.0,11.8958222,0.0,0.0,6.8743027,0.0,0.0
2021-11-02,5.9739363,0.0,0.0,10.252143,0.0,0.0,0.0,12.1089751,0.0,0.0,5.1093892,0.0,0.0
2021-11-03,5.1798575,0.0,0.0,13.7268384,0.0,6.9924261,0.0,11.1591504,0.0,0.0,4.8386869,0.0,0.0
2021-11-04,4.5099643,0.0,0.0,14.5150668,0.0,0.0,0.0,8.7259822,0.0,0.0,3.2920699,0.0,0.0
2021-11-05,5.889558,0.0,0.0,13.3369919,0.0,0.0,0.0,6.8818498,0.0,0.0,3.033268,0.0,0.0
2021-11-06,7.3559642,0.0,0.0,11.1225239,0.0,0.0,0.0,6.0819878,0.0,0.0,2.8799203,0.0,0.0
2021-11-07,0.0,0.0,0.0,10.9426971,0.0,0.0,0.0,6.6289104,0.0,0.0,4.1161796,0.0,0.0
2021-11-08,0.0,0.0,0.0,9.5977274,0.0,0.0,0.0,6.534834,0.0,0.0,4.7718193,0.0,0.0
2021-11-09,0.0,0.0,0.0,11.1768143,15.3749154,0.0,0.0,4.995144,0.0,0.0,7.78245,0.0,0.0
2021-11-10,0.0,0.0,0.0,6.9720416,0.0,0.0,0.0,3.9968928,0.0,0.0,8.261684,0.0,0.0
2021-11-11,0.0,0.0,0.0,7.0751383,14.5749248,0.0,0.0,5.3445232,0.0,0.0,9.1514057,0.0,0.0
2021-11-12,0.0,0.0,0.0,6.4777237,15.6229243,0.0,0.0,5.3290821,0.0,0.0,8.4748666,0.0,0.0
2021-11-13,0.0,0.0,0.0,7.2227144,18.6039034,0.0,0.0,5.6360313,0.0,0.0,0.0,0.0,0.0
2021-11-14,0.0,0.0,0.0,6.2257257,19.9742018,0.0,0.0,5.4534879,0.0,0.0,7.7695126,0.0,0.0
2021-11-15,0.0,0.0,0.0,6.9758378,19.8963314,0.0,0.0,6.3896622,0.0,0.0,5.4209814,0.0,0.0
2021-11-16,0.0,0.0,0.0,4.5133481,19.7149818,0.0,0.0,6.4609877,0.0,0.0,2.7293065,0.0,0.0
2021-11-17,0.0,0.0,0.0,3.8664623,23.3766939,0.0,0.0,8.0243798,0.0,0.0,0.0,0.0,0.0
2021-11-18,0.0,0.0,0.0,2.448,22.0677322,0.0,0.0,7.1762599,0.0,0.0,4.1386187,0.0,0.0
2021-11-19,0.0,0.0,0.0,2.7873872,24.0317821,0.0,0.0,6.8898196,0.0,0.0,0.0,0.0,0.0
2021-11-20,11.3855872,0.0,0.0,3.0977221,20.6783897,0.0,0.0,6.2785535,0.0,0.0,4.4011717,0.0,0.0
2021-11-21,0.0,0.0,0.0,3.2640309,19.6419673,0.0,0.0,5.9009494,0.0,0.0,0.0,0.0,0.0
2021-11-22,0.0,0.0,0.0,3.5966826,20.5893069,0.0,0.0,4.9607008,0.0,0.0,0.0,0.0,0.0
2021-11-23,0.0,0.0,0.0,3.9971127,22.4256744,0.0,0.0,4.5665959,0.0,0.0,0.0,0.0,0.0
2021-11-24,0.0,0.0,0.0,4.0203826,22.3030857,0.0,0.0,3.4731887,0.0,0.0,0.0,0.0,0.0
2021-11-25,0.0,0.0,0.0,5.4271274,23.2903483,0.0,0.0,2.8723837,0.0,0.0,0.0,0.0,0.0
2021-11-26,0.0,0.0,0.0,6.8505776,21.340805,0.0,0.0,4.1319739,0.0,0.0,0.0,0.0,0.0
2021-11-27,0.0,0.0,0.0,7.621149,21.0340888,0.0,0.0,6.4651074,0.0,0.0,0.0,0.0,0.0
2021-11-28,0.0,0.0,0.0,7.8171652,22.3499055,0.0,0.0,6.5847314,0.0,0.0,5.0804693,0.0,0.0
2021-11-29,4.9357438,0.0,0.0,6.7505309,20.7764189,0.0,0.0,7.4450575,0.0,0.0,0.0,0.0,0.0
2021-11-30,5.3022102,0.0,0.0,6.4985181,20.2413359,0.0,0.0,8.3573726,0.0,0.0,0.0,0.0,0.0
2021-12-01,7.0555412,0.0,0.0,6.8946417,19.6497986,0.0,0.0,9.2826716,0.0,0.0,0.0,0.0,0.0
2021-12-02,11.8223971,0.0,0.0,6.507268,18.4183126,0.0,0.0,9.5949072,0.0,0.0,8.3974967,0.0,0.0
2021-12-03,10.828435,0.0,0.0,6.1398357,24.6717462,0.0,0.0,9.3362773,0.0,0.0,9.077608,0.0,0.0
2021-12-04,12.1944667,0.0,0.0,5.8715345,27.8781747,0.0,0.0,7.7198221,0.0,0.0,10.159651,0.0,0.0
2021-12-05,12.4545166,0.0,0.0,6.9827224,32.135876,0.0,0.0,8.5710279,0.0,0.0,10.3830096,0.0,0.0
2021-12-06,12.3382672,0.0,0.0,9.6588176,28.8678721,0.0,0.0,6.9853134,0.0,0.0,9.2371911,0.0,0.0
2021-12-07,11.0050152,0.0,0.0,9.3152742,25.0864966,0.0,0.0,5.8100597,0.0,0.0,9.8794016,0.0,0.0
2021-12-08,10.241668,0.0,0.0,10.4281385,21.2482863,0.0,0.0,5.9600243,0.0,0.0,7.4894984,0.0,0.0
2021-12-09,7.3068571,0.0,0.0,9.9948133,20.9051478,0.0,0.0,5.9740921,0.0,0.0,7.7159232,0.0,0.0
2021-12-10,10.7206114,0.0,0.0,10.3437541,15.5761657,0.0,0.0,5.1156043,0.0,0.0,7.8997206,0.0,0.0
2021-12-11,9.8191175,0.0,0.0,10.0332042,15.5645304,10.7348224,0.0,4.8653156,0.0,0.0,6.4565556,0.0,0.0
2021-12-12,8.9874784,0.0,0.0,8.1795981,13.8334914,8.4386986,0.0,4.4990374,0.0,0.0,5.3777129,0.0,0.0
2021-12-13,8.9660418,0.0,0.0,5.7242,15.5350541,0.0,0.0,4.3354602,0.0,0.0,4.690988,0.0,0.0
2021-12-14,9.7878869,0.0,0.0,5.7310006,16.9923016,0.0,0.0,3.9038173,0.0,0.0,0.0,0.0,0.0
2021-12-15,0.0,0.0,0.0,2.9679509,19.2626389,0.0,0.0,3.1961904,0.0,0.0,4.1494894,0.0,0.0
2021-12-16,0.0,0.0,0.0,4.4321059,20.2735566,0.0,0.0,3.8483452,0.0,0.0,0.0,0.0,0.0
2021-12-17,0.0,0.0,0.0,6.336983,22.4575689,0.0,0.0,5.804785,0.0,0.0,2.4497756,0.0,0.0
2021-12-18,0.0,0.0,0.0,5.8030243,23.3760934,0.0,0.0,5.1144153,0.0,0.0,4.4560707,0.0,0.0
2021-12-19,9.5206047,0.0,0.0,7.4073123,27.7417212,0.0,0.0,5.8296523,0.0,0.0,5.6431638,0.0,0.0
2021-12-20,9.9210341,0.0,0.0,8.3331415,27.2654131,0.0,0.0,11.5075124,0.0,0.0,5.7096101,0.0,0.0
2021-12-21,11.656126,0.0,0.0,9.6880381,29.3916333,0.0,0.0,13.6494042,0.0,0.0,8.3623171,0.0,0.0
2021-12-22,11.5510178,0.0,0.0,11.0734218,26.9972718,0.0,0.0,16.6378873,0.0,0.0,11.2810831,0.0,0.0
2021-12-23,11.6664082,0.0,0.0,9.9540474,25.5579863,0.0,0.0,20.1236022,0.0,0.0,13.3224341,0.0,0.0
2021-12-24,14.5834017,0.0,0.0,14.2756436,27.3296972,9.537599,0.0,25.5058277,0.0,0.0,14.2139257,0.0,0.0
2021-12-25,16.2003707,0.0,0.0,17.0471803,24.2419526,12.2574066,0.0,29.9380685,0.0,0.0,19.0222625,0.0,0.0
2021-12-26,15.5756621,0.0,0.0,18.9923057,20.5307989,11.9869753,0.0,29.9203849,0.0,0.0,20.9467374,0.0,0.0
2021-12-27,17.5297506,0.0,0.0,21.4569963,21.2457274,15.8411781,0.0,30.3652416,0.0,0.0,23.1854056,0.0,0.0
2021-12-28,19.9882904,0.0,0.0,23.0507801,19.3182431,16.5311982,0.0,31.0538767,0.0,0.0,23.2187812,0.0,0.0
2021-12-29,20.915593,0.0,0.0,22.411139,19.3600364,13.8298163,0.0,33.3670338,0.0,0.0,22.3317423,0.0,0.0
2021-12-30,23.9944008,0.0,0.0,25.0571789,21.1950544,18.5329321,0.0,33.0943191,0.0,0.0,25.0335114,0.0,0.0
2021-12-31,24.2564338,0.0,0.0,23.4899137,18.7507839,22.0482418,0.0,31.7210601,0.0,0.0,29.0061279,0.0,0.0
2022-01-01,26.1807352,0.0,0.0,25.2829785,21.8459787,23.9249023,0.0,31.3616606,0.0,0.0,26.5607918,0.0,0.0
2022-01-02,28.2288223,0.0,0.0,28.992229,19.3050362,27.2680636,0.0,34.413387,0.0,0.0,24.7614376,0.0,0.0
2022-01-03,28.1896203,0.0,0.0,31.9473257,20.0744165,30.5557822,0.0,34.0377269,0.0,28.8151427,27.2037638,39.4212285,0.0
2022-01-04,28.1087796,0.0,0.0,32.1329268,22.7551031,35.1658105,0.0,37.0515448,0.0,36.3260731,26.0580367,36.5484135,0.0
2022-01-05,29.856793,0.0,0.0,34.5805931,32.1758685,37.7138904,28.8775207,34.9802532,29.442989,34.6512076,28.0446799,34.8425293,0.0
2022-01-06,30.1629685,0.0,34.5969233,35.0914292,36.3115555,38.7293186,31.5725491,35.2573641,33.2034408,38.5739173,27.6546969,37.2787202,0.0
2022-01-07,29.9203149,0.0,36.214549,35.4694992,37.5579754,40.44691,28.7859778,35.1426476,36.2980457,42.6448802,29.6756179,0.0,0.0
2022-01-08,29.7658258,0.0,37.7189846,35.515639,35.1152631,40.4369047,30.0391859,34.7075486,34.9025585,38.5971087,29.2481972,40.3710402,0.0
2022-01-09,29.3050913,0.0,38.902387,33.8251822,39.0041583,40.5003573,30.6953078,33.1235176,38.8749594,38.7553326,31.3790724,44.7542343,0.0
2022-01-10,28.5273165,0.0,40.5394115,31.9448121,41.6873463,40.2195819,31.5311501,32.4385154,39.2636319,38.1722295,31.6254916,43.1917353,0.0
2022-01-11,28.3389616,0.0,40.5462046,32.1374597,40.1133545,39.8374241,32.868472,28.2166862,40.2388304,33.760128,33.1937521,43.9743968,0.0
2022-01-12,27.2618805,0.0,44.5296742,32.9587279,36.0596525,38.4361746,35.1860046,28.6465737,45.0815811,35.9297108,31.6946392,47.7204051,0.0
2022-01-13,27.9716081,0.0,44.3691471,34.6709205,32.6333331,37.6199852,41.0381333,29.7317954,0.0,35.6829586,32.9858852,42.9170838,0.0
2022-01-14,30.1198576,0.0,45.2339572,36.4327057,31.6476651,35.8908042,41.4164231,28.0943416,49.593746,29.7132366,31.5236263,45.4409,0.0
2022-01-15,31.4666182,0.0,45.3705912,38.4384855,37.0639388,34.901485,39.8885081,27.3134474,51.3593956,31.498509,35.3473759,47.5886434,0.0
2022-01-16,36.4030541,0.0,43.4033808,36.8997787,37.0918851,33.9270432,36.8116319,27.646161,56.6852112,34.0822349,36.1436226,46.6405401,0.0
2022-01-17,37.6812044,0.0,41.7107612,36.9653456,34.3684229,30.6946968,38.9700719,27.2340635,60.2929425,36.2936857,35.9529111,50.6441478,0.0
2022-01-18,39.529355,0.0,43.5291812,37.5619923,35.2645649,31.0146515,35.0108749,28.2692937,61.1867768,36.9485384,37.2432322,47.3381185,0.0
2022-01-19,39.6337935,0.0,39.3588644,40.2398252,33.8647424,35.5494764,35.240888,27.3460162,60.9776242,38.4258122,39.2882384,44.0780525,0.0
2022-01-20,38.3194526,26.9439261,40.4726128,39.401056,34.6282657,34.2829472,33.4919655,26.916334,59.4958402,39.1987675,38.423985,48.2770667,0.0
2022-01-21,37.7716066,0.0,39.5217569,39.484244,35.5754995,35.3134169,34.0850861,26.9469363,56.5400564,40.9354321,40.9463841,46.3524335,0.0
2022-01-22,38.9549195,0.0,41.4727652,37.2677082,34.1795041,33.3764698,34.9520177,27.0115482,58.6791148,42.1340439,38.9064807,44.6167879,0.0
2022-01-23,36.4866038,0.0,40.6953309,39.5908541,32.0359607,34.891322,40.289201,27.0195137,56.9927203,38.2956159,38.7478433,42.3304405,0.0
2022-01-24,36.3330484,0.0,40.8820693,39.1698855,33.346819,37.3274494,39.6258798,26.3999882,57.6109528,36.6633765,38.6274856,38.5378934,0.0
2022-01-25,34.8242639,0.0,39.1474095,37.5820306,31.8120658,38.1307723,40.134565,25.4674163,63.0550606,36.1245442,39.3557555,39.7817639,0.0
2022-01-26,33.7999992,0.0,43.5920234,33.5112279,33.0932195,36.793807,41.7311815,24.4701858,65.2596539,31.5947757,40.0069443,40.8998524,0.0
2022-01-27,34.3663424,0.0,44.8476759,33.1512127,34.9153215,38.3899795,35.7846577,23.1204006,60.9407912,29.4889629,40.2433778,33.9259795,0.0
2022-01-28,36.7057527,0.0,44.1087404,29.9136878,35.7526606,38.8117549,32.5292919,23.5860716,64.3095619,31.0513013,37.1363756,33.5640416,0.0
2022-01-29,35.8167045,0.0,41.3112197,30.5107014,33.8234645,40.092548,32.0502264,23.1850669,63.7864044,29.5553544,38.5389176,32.1571301,0.0
2022-01-30,32.5603796,0.0,43.4509766,30.2425501,37.1827982,39.7604531,35.0971663,22.3084038,61.1179222,30.7980129,38.4945333,35.7960971,0.0
2022-01-31,32.6907241,0.0,44.0639403,30.721604,34.8264977,39.5844431,37.8439763,23.5431041,62.1981286,26.7398475,38.7701223,36.8582671,0.0
2022-02-01,31.7634946,0.0,46.3751475,32.9716102,35.5730043,35.527278,40.0294172,23.6538256,0.0,25.4749522,39.7286733,35.5585374,0.0
2022-02-02,31.6334577,0.0,41.1650388,31.8124145,37.2972957,36.5493032,37.5313058,23.0777204,0.0,23.6940445,37.2340261,33.4981694,0.0
2022-02-03,31.0536307,0.0,37.8577275,30.4516287,36.6077789,40.5607491,38.886838,23.1435119,0.0,24.8206905,35.144877,40.95258,0.0
2022-02-04,27.5346808,0.0,34.9316267,30.5733598,35.7156202,39.3981886,0.0,22.1742042,0.0,24.9430314,34.7752359,0.0,0.0
2022-02-05,25.2784985,0.0,32.2407536,28.6877507,35.5683543,36.2591602,0.0,23.2565971,0.0,25.196253,30.6600783,0.0,0.0
2022-02-06,27.6165433,0.0,0.0,26.1460171,32.5817094,33.1399495,0.0,22.1368336,0.0,26.7277386,28.0040149,0.0,0.0
2022-02-07,27.8866418,0.0,0.0,26.0013854,34.3422693,31.2847816,0.0,20.5153586,0.0,31.4391326,27.6749095,0.0,0.0
2022-02-08,26.9460179,0.0,0.0,25.4291847,33.7697966,32.8990523,0.0,19.5061407,0.0,35.7262356,23.1095655,0.0,0.0
2022-02-09,24.6422689,0.0,0.0,24.1265249,30.1589302,28.7439458,0.0,19.9868674,0.0,38.3223395,24.2913223,0.0,0.0
2022-02-10,25.0103095,0.0,0.0,23.3126223,28.0646033,20.9503861,0.0,18.4509116,0.0,0.0,22.4717758,0.0,0.0
2022-02-11,24.4277318,0.0,0.0,23.616748,27.8090745,20.735534,0.0,18.7362048,0.0,0.0,22.1084991,0.0,0.0
2022-02-12,27.7830409,0.0,0.0,23.6736923,26.2069431,21.1655402,0.0,16.0900228,0.0,0.0,23.1023131,0.0,0.0
2022-02-13,24.8501907,0.0,0.0,23.4342478,25.1407514,17.8119139,0.0,16.7965712,0.0,0.0,24.0472431,0.0,0.0
2022-02-14,21.2506846,0.0,0.0,20.144882,22.6811906,18.0497116,0.0,16.2783797,0.0,0.0,22.7495155,0.0,0.0
2022-02-15,20.6521513,0.0,0.0,16.2134228,20.3050724,15.2507392,0.0,15.6477403,0.0,0.0,22.6777323,0.0,0.0
2022-02-16,22.9964563,0.0,0.0,18.2366824,19.3878941,15.6330653,0.0,14.5932457,0.0,0.0,22.1868734,0.0,0.0
2022-02-17,19.0411227,0.0,0.0,15.1621663,17.2826794,15.2235519,0.0,13.907225,0.0,0.0,21.7027148,0.0,0.0
2022-02-18,19.7228962,0.0,0.0,15.9278114,17.7859969,14.3533127,0.0,14.1675776,0.0,0.0,19.9180158,0.0,0.0
2022-02-19,14.4989086,0.0,0.0,14.0672707,19.5855764,14.8418249,0.0,14.7937243,0.0,0.0,19.6800741,0.0,0.0
2022-02-20,14.3773544,0.0,0.0,13.1006314,17.4345331,0.0,0.0,13.8062247,0.0,0.0,20.0079388,0.0,0.0
2022-02-21,15.3015626,0.0,0.0,14.6709428,17.6697593,0.0,0.0,14.57592,0.0,0.0,18.0649007,0.0,0.0
2022-02-22,0.0,0.0,0.0,15.4679719,20.2262332,0.0,0.0,17.0047466,0.0,0.0,16.5298534,0.0,0.0
2022-02-23,0.0,0.0,0.0,12.6542455,26.3003904,0.0,0.0,16.003062,0.0,0.0,12.2983893,0.0,0.0
2022-02-24,0.0,0.0,0.0,13.1588799,28.0315094,0.0,0.0,15.9760232,0.0,0.0,17.4252392,0.0,0.0
2022-02-25,0.0,0.0,0.0,13.0153805,25.21144,0.0,0.0,14.2998017,0.0,0.0,17.9279776,0.0,0.0
2022-02-26,0.0,0.0,0.0,12.6681191,22.6918908,0.0,0.0,12.6713354,0.0,0.0,17.6225988,0.0,0.0
2022-02-27,0.0,0.0,0.0,12.8724642,0.0,0.0,0.0,13.0906108,0.0,0.0,17.1804637,0.0,0.0
2022-02-28,0.0,0.0,0.0,11.435376,0.0,0.0,0.0,12.0579121,0.0,0.0,17.2930425,0.0,0.0
2022-03-01,0.0,0.0,0.0,10.400711,0.0,0.0,0.0,10.2331914,0.0,0.0,18.044573,0.0,0.0
2022-03-02,0.0,0.0,0.0,11.0476678,0.0,0.0,0.0,10.9858232,0.0,0.0,16.2693405,0.0,0.0
2022-03-03,0.0,0.0,0.0,9.9397623,0.0,0.0,0.0,10.161979,0.0,0.0,11.312484,0.0,0.0
2022-03-04,0.0,0.0,0.0,7.091976,0.0,0.0,0.0,8.5683873,0.0,0.0,8.8186152,0.0,0.0
2022-03-05,0.0,0.0,0.0,6.8928768,0.0,0.0,0.0,8.4876847,0.0,0.0,0.0,0.0,0.0
2022-03-06,0.0,0.0,0.0,5.5066988,0.0,0.0,0.0,7.0773222,0.0,0.0,3.4047829,0.0,0.0
2022-03-07,0.0,0.0,0.0,3.982516,0.0,0.0,0.0,6.2358503,0.0,0.0,3.9746323,0.0,0.0
2022-03-08,0.0,0.0,0.0,2.8506377,0.0,0.0,0.0,5.3488621,0.0,0.0,5.8443043,0.0,0.0
2022-03-09,0.0,0.0,0.0,2.4359863,0.0,0.0,0.0,4.2300579,0.0,0.0,7.1815488,0.0,0.0
2022-03-10,0.0,0.0,0.0,2.9291255,0.0,0.0,0.0,3.6425781,0.0,0.0,7.5782276,0.0,0.0
2022-03-11,0.0,0.0,0.0,2.5556325,0.0,0.0,0.0,4.7851473,0.0,0.0,7.3483817,0.0,0.0
2022-03-12,0.0,0.0,0.0,2.894647,0.0,0.0,0.0,4.0928897,0.0,0.0,7.5962373,0.0,0.0
2022-03-13,0.0,0.0,0.0,2.9208923,0.0,0.0,0.0,4.3786758,0.0,0.0,8.1375975,0.0,0.0
2022-03-14,0.0,0.0,0.0,2.8412424,0.0,0.0,0.0,4.7398439,0.0,0.0,8.2694339,0.0,0.0
2022-03-15,0.0,0.0,0.0,2.244741,0.0,0.0,0.0,4.3356797,0.0,0.0,0.0,0.0,0.0
2022-03-16,0.0,0.0,0.0,2.44735,0.0,0.0,0.0,4.2049265,0.0,0.0,0.0,0.0,0.0
2022-03-17,0.0,0.0,0.0,2.8521815,0.0,0.0,0.0,4.805559,0.0,0.0,0.0,0.0,0.0
2022-03-18,0.0,0.0,0.0,4.9168866,0.0,0.0,0.0,5.3178785,0.0,0.0,0.0,0.0,0.0
2022-03-19,0.0,0.0,0.0,5.2368201,0.0,0.0,0.0,5.5997054,0.0,0.0,0.0,0.0,0.0
2022-03-20,0.0,0.0,0.0,5.8099352,0.0,0.0,0.0,5.1122681,0.0,0.0,6.4192788,0.0,0.0
2022-03-21,0.0,0.0,0.0,5.1540589,0.0,0.0,0.0,4.6635534,0.0,0.0,5.7176477,0.0,0.0
2022-03-22,0.0,0.0,0.0,5.3467402,0.0,0.0,0.0,4.3345868,0.0,0.0,5.4726598,0.0,0.0
2022-03-23,0.0,0.0,0.0,7.2323236,0.0,0.0,0.0,5.3592655,0.0,0.0,6.3771221,0.0,0.0
2022-03-24,0.0,0.0,0.0,6.9605151,0.0,0.0,0.0,6.0937351,0.0,0.0,6.199576,0.0,0.0
2022-03-25,0.0,0.0,0.0,6.271905,0.0,0.0,0.0,8.9910146,0.0,0.0,5.4474263,0.0,0.0
2022-03-26,0.0,0.0,0.0,5.274286,0.0,0.0,0.0,8.7772614,0.0,0.0,3.8491911,0.0,0.0
2022-03-27,0.0,0.0,0.0,5.8947562,0.0,0.0,0.0,10.1519182,0.0,0.0,5.2849469,0.0,0.0
2022-03-28,0.0,0.0,0.0,9.4953164,0.0,0.0,0.0,10.9971049,0.0,0.0,5.5175277,0.0,0.0
2022-03-29,0.0,0.0,0.0,9.6135156,0.0,0.0,0.0,11.2589283,0.0,0.0,7.1715148,0.0,0.0
2022-03-30,0.0,0.0,0.0,9.2907868,0.0,0.0,0.0,11.7710509,0.0,0.0,4.3804724,0.0,0.0
2022-03-31,0.0,0.0,0.0,9.3070464,0.0,0.0,0.0,9.8946002,0.0,0.0,0.0,0.0,0.0
2022-04-01,0.0,0.0,0.0,7.0899652,0.0,0.0,0.0,6.0262887,0.0,0.0,0.0,0.0,0.0
2022-04-02,0.0,0.0,0.0,6.0624077,0.0,0.0,0.0,5.5575359,0.0,0.0,0.0,0.0,0.0
2022-04-03,0.0,0.0,0.0,5.691531,0.0,0.0,0.0,4.7113405,0.0,0.0,0.0,0.0,0.0
2022-04-04,0.0,0.0,0.0,3.5865716,0.0,0.0,0.0,3.8986265,0.0,0.0,0.0,0.0,0.0
2022-04-05,0.0,0.0,0.0,4.9883057,0.0,0.0,0.0,3.2744238,0.0,0.0,0.0,0.0,0.0
2022-04-06,0.0,0.0,0.0,3.7926186,0.0,0.0,0.0,2.2765322,0.0,0.0,0.0,0.0,0.0
2022-04-07,0.0,0.0,0.0,4.0454342,0.0,0.0,0.0,3.1565707,0.0,0.0,0.0,0.0,0.0
2022-04-08,0.0,0.0,0.0,4.8958675,0.0,0.0,0.0,3.5344344,0.0,0.0,0.0,0.0,0.0
2022-04-09,0.0,0.0,0.0,5.8709703,0.0,0.0,0.0,5.0797243,0.0,0.0,0.0,0.0,0.0
2022-04-10,0.0,0.0,0.0,4.6175044,0.0,0.0,0.0,10.3691747,0.0,0.0,0.0,0.0,0.0
2022-04-11,0.0,0.0,0.0,4.541846,0.0,0.0,0.0,11.5734773,0.0,0.0,0.0,0.0,0.0
2022-04-12,0.0,0.0,0.0,2.3738906,0.0,0.0,0.0,12.2961815,0.0,0.0,0.0,0.0,0.0
2022-04-13,0.0,0.0,0.0,3.9387235,0.0,0.0,0.0,13.5721636,0.0,0.0,0.0,0.0,0.0
2022-04-14,0.0,0.0,0.0,4.2894437,0.0,0.0,0.0,14.208326,0.0,0.0,0.0,0.0,0.0
2022-04-15,0.0,0.0,0.0,4.0715053,0.0,0.0,0.0,13.1175471,0.0,0.0,0.0,0.0,0.0
2022-04-16,0.0,0.0,0.0,4.3144555,0.0,0.0,0.0,15.8983479,0.0,0.0,0.0,0.0,0.0
2022-04-17,0.0,0.0,0.0,5.3554349,0.0,0.0,0.0,13.0848778,0.0,0.0,0.0,0.0,0.0
2022-04-18,0.0,0.0,0.0,4.9847733,0.0,0.0,0.0,12.924169,0.0,0.0,0.0,0.0,0.0
2022-04-19,0.0,0.0,0.0,6.1271822,0.0,0.0,0.0,11.3205881,0.0,0.0,0.0,0.0,0.0
2022-04-20,0.0,0.0,0.0,4.9398166,0.0,0.0,0.0,10.5402618,0.0,0.0,0.0,0.0,0.0
2022-04-21,0.0,0.0,0.0,3.622489,0.0,0.0,0.0,11.3029663,0.0,0.0,0.0,0.0,0.0
2022-04-22,0.0,0.0,0.0,4.5039891,0.0,0.0,0.0,13.3756025,0.0,0.0,0.0,0.0,0.0
2022-04-23,0.0,0.0,0.0,6.0791998,0.0,0.0,0.0,9.7581102,0.0,0.0,0.0,0.0,0.0
2022-04-24,0.0,0.0,0.0,8.0104919,0.0,0.0,0.0,8.5717642,0.0,0.0,0.0,0.0,0.0
2022-04-25,0.0,0.0,0.0,11.0461271,0.0,0.0,0.0,8.1063629,0.0,0.0,0.0,0.0,0.0
2022-04-26,0.0,0.0,0.0,9.9364123,0.0,0.0,0.0,10.0199949,0.0,0.0,0.0,0.0,0.0
2022-04-27,0.0,0.0,0.0,12.3406429,0.0,0.0,0.0,10.710072,0.0,0.0,0.0,0.0,0.0
2022-04-28,0.0,0.0,0.0,14.818812,0.0,0.0,0.0,9.9552458,0.0,0.0,0.0,0.0,0.0
2022-04-29,0.0,0.0,0.0,14.0836499,0.0,0.0,0.0,7.2278508,0.0,0.0,0.0,0.0,0.0
2022-04-30,0.0,0.0,0.0,13.5545084,0.0,0.0,0.0,8.0613919,0.0,0.0,0.0,0.0,0.0
2022-05-01,0.0,0.0,0.0,12.1812621,0.0,0.0,0.0,10.0791902,0.0,0.0,0.0,0.0,0.0
2022-05-02,0.0,0.0,0.0,9.6444843,0.0,0.0,0.0,10.3725496,0.0,0.0,0.0,0.0,0.0
2022-05-03,0.0,0.0,0.0,12.4942594,0.0,0.0,0.0,11.5757168,0.0,0.0,14.5387668,0.0,0.0
2022-05-04,0.0,0.0,0.0,9.324566,0.0,0.0,0.0,14.572057,0.0,0.0,0.0,0.0,0.0
2022-05-05,0.0,0.0,0.0,7.9000629,0.0,0.0,0.0,16.2215191,0.0,0.0,0.0,0.0,0.0
2022-05-06,0.0,0.0,0.0,13.9705177,0.0,0.0,0.0,18.3099122,0.0,0.0,0.0,0.0,0.0
2022-05-07,0.0,0.0,0.0,13.295143,0.0,0.0,0.0,18.5936544,0.0,0.0,0.0,0.0,0.0
2022-05-08,0.0,0.0,0.0,15.1224342,0.0,0.0,0.0,17.5969653,0.0,0.0,0.0,0.0,0.0
2022-05-09,0.0,0.0,0.0,17.2468727,0.0,0.0,0.0,18.7096248,0.0,0.0,0.0,0.0,0.0
2022-05-10,0.0,0.0,0.0,14.7975122,0.0,0.0,0.0,17.2240313,0.0,0.0,0.0,0.0,0.0
2022-05-11,0.0,0.0,0.0,16.4831535,0.0,0.0,0.0,13.3421854,0.0,0.0,0.0,0.0,0.0
2022-05-12,0.0,0.0,0.0,20.3168244,0.0,0.0,0.0,15.0173927,0.0,0.0,0.0,0.0,0.0
2022-05-13,0.0,0.0,0.0,17.4839682,0.0,0.0,0.0,14.6436508,0.0,0.0,0.0,0.0,0.0
2022-05-14,0.0,0.0,0.0,18.7172128,0.0,0.0,0.0,17.7328697,0.0,0.0,0.0,0.0,0.0
2022-05-15,0.0,0.0,0.0,17.9702783,0.0,0.0,0.0,18.610243,0.0,0.0,21.1385457,0.0,0.0
2022-05-16,28.8765129,0.0,0.0,16.602274,0.0,0.0,0.0,19.5784181,0.0,0.0,21.495975,0.0,0.0
2022-05-17,29.0169725,0.0,0.0,17.8298374,0.0,0.0,0.0,21.4818925,0.0,0.0,0.0,0.0,0.0
2022-05-18,30.2995703,0.0,0.0,18.5011863,0.0,0.0,0.0,23.3882408,0.0,0.0,21.6455335,0.0,0.0
2022-05-19,27.262356,0.0,0.0,15.6708475,0.0,0.0,0.0,21.8249607,0.0,0.0,22.5894774,0.0,0.0
2022-05-20,26.6565138,0.0,0.0,14.2065653,0.0,0.0,0.0,24.0934345,0.0,0.0,22.7170735,0.0,0.0
2022-05-21,24.9429433,0.0,0.0,13.7434995,0.0,0.0,0.0,21.6171124,0.0,0.0,21.9432458,0.0,0.0
2022-05-22,25.7241609,0.0,0.0,13.3311481,0.0,0.0,0.0,22.2143003,0.0,0.0,19.2349932,0.0,0.0
2022-05-23,22.0117841,0.0,0.0,14.9593231,0.0,0.0,0.0,21.1299488,0.0,0.0,19.7339023,0.0,0.0
2022-05-24,20.8694928,0.0,0.0,16.2870412,0.0,0.0,0.0,21.6685272,0.0,0.0,20.1764248,0.0,0.0
2022-05-25,20.1812539,0.0,0.0,15.3084126,0.0,0.0,0.0,21.8181815,0.0,0.0,23.7059267,0.0,0.0
2022-05-26,22.5465905,0.0,0.0,13.8724012,0.0,0.0,0.0,20.8360883,0.0,0.0,23.8227843,0.0,0.0
2022-05-27,24.5159899,0.0,0.0,13.8515647,0.0,0.0,0.0,20.2178144,0.0,0.0,24.3235796,0.0,0.0
2022-05-28,29.0149092,0.0,0.0,13.5567752,0.0,0.0,0.0,20.5156217,0.0,0.0,27.4784386,0.0,0.0
2022-05-29,28.8199573,0.0,0.0,13.0233837,0.0,0.0,0.0,20.7810394,0.0,0.0,29.861741,0.0,0.0
2022-05-30,28.2033068,0.0,0.0,12.3536749,0.0,0.0,0.0,22.4133328,0.0,0.0,29.7851451,0.0,0.0
2022-05-31,23.6394806,0.0,0.0,10.305157,0.0,0.0,0.0,21.2710738,0.0,0.0,31.5667432,0.0,0.0
2022-06-01,25.1693077,0.0,0.0,10.3715738,0.0,0.0,0.0,24.2573077,0.0,0.0,27.7253019,0.0,0.0
2022-06-02,23.8160892,0.0,0.0,11.2909665,0.0,0.0,0.0,26.0893668,0.0,0.0,28.5341561,0.0,0.0
2022-06-03,24.855889,0.0,0.0,13.8967684,0.0,0.0,0.0,26.9291098,0.0,0.0,29.089351,0.0,0.0
2022-06-04,22.332201,0.0,0.0,16.1135491,0.0,0.0,0.0,30.1499208,0.0,0.0,28.7327479,0.0,0.0
2022-06-05,22.5075715,0.0,0.0,21.9279492,0.0,0.0,0.0,28.9939368,0.0,0.0,26.3337556,0.0,0.0
2022-06-06,28.6321613,0.0,0.0,23.164419,0.0,0.0,0.0,29.3614748,0.0,0.0,28.0300516,0.0,0.0
2022-06-07,34.0982466,0.0,0.0,23.8793786,0.0,0.0,0.0,30.7734931,0.0,0.0,28.6800747,0.0,0.0
2022-06-08,32.0137749,0.0,0.0,27.2129329,0.0,0.0,0.0,27.6461613,0.0,0.0,34.7830826,0.0,0.0
2022-06-09,32.1775212,0.0,0.0,29.7574228,0.0,0.0,0.0,28.1324502,0.0,0.0,36.2443534,0.0,0.0
2022-06-10,31.0577351,0.0,0.0,28.5991604,0.0,0.0,0.0,27.0654161,0.0,0.0,32.5516979,0.0,0.0
2022-06-11,33.8535733,0.0,0.0,27.0730445,0.0,0.0,0.0,26.5821056,0.0,0.0,32.2781007,0.0,0.0
2022-06-12,29.7876716,0.0,0.0,24.9967006,0.0,25.6755965,0.0,31.2936077,0.0,0.0,38.8889587,0.0,0.0
2022-06-13,27.3009767,0.0,0.0,24.5208668,29.1284104,0.0,0.0,28.907251,0.0,0.0,35.8096686,0.0,0.0
2022-06-14,25.8304843,0.0,0.0,25.7861945,29.4976336,0.0,0.0,27.6610852,0.0,0.0,38.3675894,0.0,0.0
2022-06-15,26.926051,0.0,0.0,26.6508271,30.3886924,0.0,0.0,26.7806381,0.0,0.0,34.2925836,0.0,0.0
2022-06-16,23.7453612,0.0,0.0,25.3129232,32.9801158,0.0,0.0,25.9396064,0.0,0.0,33.9509178,0.0,0.0
2022-06-17,27.1641912,0.0,0.0,27.5115288,34.0973423,0.0,0.0,29.2545896,0.0,0.0,34.7900611,0.0,0.0
2022-06-18,24.6335536,0.0,0.0,30.5397148,37.0562243,0.0,0.0,30.1651353,0.0,0.0,34.5236504,0.0,0.0
2022-06-19,28.6831676,0.0,0.0,31.1232656,37.1918365,0.0,0.0,29.9804936,0.0,0.0,31.1990351,0.0,0.0
2022-06-20,31.2824503,0.0,0.0,28.846687,39.2989382,0.0,0.0,29.6434802,0.0,0.0,29.5858049,0.0,0.0
2022-06-21,33.1017958,0.0,0.0,28.5779366,37.7682745,0.0,0.0,31.4715484,0.0,0.0,29.5926891,0.0,0.0
2022-06-22,33.3237837,0.0,0.0,26.9055068,41.0306855,0.0,0.0,31.7470622,0.0,0.0,29.3126143,0.0,0.0
2022-06-23,36.4559009,0.0,0.0,27.2277193,40.6710425,0.0,0.0,32.5701241,0.0,0.0,25.4329736,0.0,0.0
2022-06-24,34.2974408,0.0,0.0,25.8999975,41.480242,32.9443735,0.0,29.866373,0.0,0.0,26.6631647,0.0,0.0
2022-06-25,33.911105,0.0,0.0,25.7559208,38.7852,28.1770032,0.0,28.401058,0.0,0.0,27.9273977,0.0,0.0
