time_value,447,449,451
2020-09-09,0.0,0.0,0.0
2020-09-10,0.0,0.0,0.0
2020-09-11,0.0,0.0,0.0
2020-09-12,0.0,4.3994581,0.0
2020-09-13,0.0,4.6515757,0.0
2020-09-14,0.0,6.522121,4.0176694
2020-09-15,0.0,7.2543771,3.2593595
2020-09-16,0.0,5.0452002,3.0505593
2020-09-17,0.0,4.3963048,2.8545343
2020-09-18,0.0,4.1916918,4.4982373
2020-09-19,0.0,4.3720048,12.446818
2020-09-20,0.0,6.5038633,14.3054471
2020-09-21,0.0,5.5612555,14.6120761
2020-09-22,0.0,6.3225485,15.5376915
2020-09-23,0.0,6.1589833,17.8757763
2020-09-24,0.0,8.357217,16.9163768
2020-09-25,0.0,9.8415537,18.3654001
2020-09-26,0.0,10.9491156,13.6448364
2020-09-27,0.0,8.8084433,11.3231032
2020-09-28,0.0,8.2931866,12.4417729
2020-09-29,0.0,8.225046,14.4998938
2020-09-30,0.0,8.4759133,12.2932722
2020-10-01,0.0,7.0041661,10.424431
2020-10-02,0.0,6.4115003,10.1314099
2020-10-03,0.0,5.1838807,8.9047155
2020-10-04,0.0,5.2188681,7.4728647
2020-10-05,0.0,4.7161149,9.9015425
2020-10-06,0.0,6.2881757,8.5046906
2020-10-07,0.0,6.4260848,9.7292541
2020-10-08,28.3659378,6.4484114,9.225672
2020-10-09,31.729955,7.1175201,7.952618
2020-10-10,31.1567715,9.1229978,10.8693224
2020-10-11,30.9069902,9.6811449,17.3141007
2020-10-12,29.192915,10.1931164,15.9814864
2020-10-13,28.8653781,7.9023222,18.7109194
2020-10-14,27.0715476,7.8042112,17.7279384
2020-10-15,28.2792545,9.3736325,17.3666671
2020-10-16,31.0877023,9.6195121,19.1039704
2020-10-17,0.0,8.963392,16.0047907
2020-10-18,0.0,8.9370268,12.959923
2020-10-19,0.0,9.9541835,12.1535636
2020-10-20,0.0,9.7738986,8.9181918
2020-10-21,0.0,10.8546715,9.441214
2020-10-22,0.0,13.739891,11.6307266
2020-10-23,0.0,12.9087074,10.8139872
2020-10-24,0.0,17.1879962,12.5787542
2020-10-25,0.0,18.6371558,12.7709796
2020-10-26,0.0,18.5083946,12.5157064
2020-10-27,0.0,16.6518083,16.1224642
2020-10-28,0.0,16.2326934,15.3065692
2020-10-29,0.0,13.090363,15.0927637
2020-10-30,0.0,13.4993702,0.0
2020-10-31,0.0,11.5197567,19.5060883
2020-11-01,0.0,11.3412762,20.4788509
2020-11-02,0.0,13.6209383,23.4046366
2020-11-03,0.0,16.2227291,22.3503002
2020-11-04,0.0,17.9612968,27.2468013
2020-11-05,0.0,19.4075886,30.0846023
2020-11-06,0.0,21.8141921,34.2295407
2020-11-07,0.0,26.033043,30.7083633
2020-11-08,0.0,25.3593282,36.0304437
2020-11-09,0.0,23.0266466,34.1942292
2020-11-10,0.0,24.7221413,32.843857
2020-11-11,0.0,23.3692082,28.3108768
2020-11-12,0.0,24.1384748,26.4500632
2020-11-13,0.0,23.0618464,24.0714607
2020-11-14,0.0,18.2536936,24.004839
2020-11-15,0.0,20.9309562,18.8287427
2020-11-16,0.0,20.0200868,20.1775275
2020-11-17,0.0,21.5667038,23.6194226
2020-11-18,0.0,20.6669263,24.3574158
2020-11-19,0.0,21.0530251,23.8997559
2020-11-20,0.0,20.1767654,25.8527525
2020-11-21,0.0,19.9564216,25.2964663
2020-11-22,0.0,17.8611531,26.0918325
2020-11-23,0.0,17.0245316,24.3420886
2020-11-24,0.0,12.8491631,23.1164809
2020-11-25,0.0,13.3224909,23.246767
2020-11-26,0.0,9.6474393,24.9205991
2020-11-27,0.0,11.3253265,22.5073877
2020-11-28,0.0,12.6413219,22.6068886
2020-11-29,0.0,14.630288,21.2119561
2020-11-30,0.0,16.3132177,20.7848763
2020-12-01,0.0,18.5504679,19.6937705
2020-12-02,0.0,19.8220732,21.0667429
2020-12-03,0.0,21.8497111,20.4273384
2020-12-04,0.0,21.7058861,17.5714903
2020-12-05,0.0,22.591922,18.371929
2020-12-06,0.0,20.419363,19.2350065
2020-12-07,0.0,20.2258272,19.5482234
2020-12-08,0.0,18.7154502,19.8555683
2020-12-09,0.0,20.8905371,17.9814611
2020-12-10,0.0,21.8207493,16.0993448
2020-12-11,0.0,22.7257487,20.0708629
2020-12-12,0.0,22.9730321,19.569635
2020-12-13,0.0,24.2602621,18.5332381
2020-12-14,0.0,22.4268639,18.9203887
2020-12-15,0.0,20.610252,21.0935824
2020-12-16,0.0,17.0808012,24.2177059
2020-12-17,0.0,15.1547111,22.4684107
2020-12-18,0.0,13.1672856,20.6168343
2020-12-19,0.0,11.2634065,20.2817592
2020-12-20,0.0,10.0927831,21.2526288
2020-12-21,0.0,12.3329378,20.5058435
2020-12-22,0.0,13.20844,17.338521
2020-12-23,0.0,14.4657426,12.773659
2020-12-24,0.0,15.0659306,12.4499843
2020-12-25,0.0,16.0697512,13.8919731
2020-12-26,0.0,15.4052741,13.4590047
2020-12-27,0.0,15.2879991,12.9084531
2020-12-28,0.0,13.407833,12.1248524
2020-12-29,0.0,12.9029899,10.1835011
2020-12-30,0.0,11.9075551,11.2248103
2020-12-31,0.0,10.4505398,12.6713605
2021-01-01,0.0,10.2857659,10.8750156
2021-01-02,0.0,10.3696236,9.836897
2021-01-03,0.0,9.0668754,9.9512409
2021-01-04,0.0,9.1507459,11.3073886
2021-01-05,0.0,9.1609933,13.8996589
2021-01-06,0.0,8.1715691,14.2492492
2021-01-07,0.0,8.7806718,16.8002761
2021-01-08,0.0,7.6127593,14.998584
2021-01-09,0.0,9.736943,16.1041213
2021-01-10,0.0,10.3300997,14.1035458
2021-01-11,0.0,9.6598857,15.044904
2021-01-12,0.0,9.7489685,14.4473749
2021-01-13,0.0,9.1848586,14.7381037
2021-01-14,0.0,9.078214,12.9426343
2021-01-15,0.0,12.406087,17.000028
2021-01-16,0.0,11.4511778,16.7010181
2021-01-17,0.0,11.0367073,20.6167044
2021-01-18,0.0,12.8931591,19.3420204
2021-01-19,0.0,15.7178317,19.0898606
2021-01-20,0.0,17.2204695,18.6249526
2021-01-21,0.0,15.3837542,16.363784
2021-01-22,0.0,12.4050813,14.2130584
2021-01-23,0.0,12.1533912,14.4482625
2021-01-24,0.0,11.4185009,12.67912
2021-01-25,0.0,10.5686712,13.0391096
2021-01-26,0.0,6.8387025,10.8157027
2021-01-27,0.0,6.1525667,11.2430642
2021-01-28,0.0,8.0772271,12.0755588
2021-01-29,0.0,9.0364548,11.3656111
2021-01-30,0.0,8.7881153,10.420742
2021-01-31,0.0,9.4311769,8.2330261
2021-02-01,0.0,9.4323941,7.9011997
2021-02-02,0.0,9.5247562,8.1987425
2021-02-03,0.0,8.934466,6.5782826
2021-02-04,0.0,9.3339354,7.0184759
2021-02-05,0.0,9.209969,8.3094639
2021-02-06,0.0,7.9456125,9.6408388
2021-02-07,0.0,7.1818501,9.7672366
2021-02-08,0.0,7.5108283,9.0717031
2021-02-09,0.0,7.3511343,10.1220721
2021-02-10,0.0,8.6847521,10.4332544
2021-02-11,0.0,8.028074,9.6795783
2021-02-12,0.0,7.0947583,8.3111356
2021-02-13,0.0,7.2977305,7.6166735
2021-02-14,0.0,10.5431445,6.3708541
2021-02-15,0.0,10.1268396,6.6033718
2021-02-16,0.0,10.2937656,7.1738491
2021-02-17,0.0,8.275749,7.8583292
2021-02-18,0.0,7.3677107,8.7380075
2021-02-19,0.0,7.0706806,9.2252398
2021-02-20,0.0,8.0023505,7.7366432
2021-02-21,0.0,5.1809489,7.5936262
2021-02-22,0.0,4.1101634,6.6965292
2021-02-23,0.0,3.7179539,5.2758705
2021-02-24,0.0,4.6871632,8.1401043
2021-02-25,0.0,4.9962149,7.1578064
2021-02-26,0.0,4.284365,7.8089747
2021-02-27,0.0,4.6311843,7.827645
2021-02-28,0.0,5.2861919,8.0180592
2021-03-01,0.0,4.3533848,8.0882914
2021-03-02,0.0,6.0771542,9.1361283
2021-03-03,0.0,4.9406216,5.5217342
2021-03-04,0.0,4.5676195,4.5507542
2021-03-05,0.0,5.3282954,2.9241882
2021-03-06,0.0,4.6147916,3.1872348
2021-03-07,0.0,5.0989787,3.2879508
2021-03-08,0.0,6.9994661,3.5591243
2021-03-09,0.0,6.3594147,2.1576284
2021-03-10,0.0,6.2536796,1.7821149
2021-03-11,0.0,6.7225262,1.7431505
2021-03-12,0.0,6.8972098,1.102725
2021-03-13,0.0,8.0771235,3.0052546
2021-03-14,0.0,6.3555407,2.9954836
2021-03-15,0.0,4.2867212,2.3551468
2021-03-16,0.0,3.7800325,3.4744553
2021-03-17,0.0,3.85184,4.1579783
2021-03-18,0.0,3.4668508,4.504678
2021-03-19,0.0,2.5698635,7.1942445
2021-03-20,0.0,1.591696,5.3104125
2021-03-21,0.0,1.8388896,6.3503428
2021-03-22,0.0,1.8621243,6.9942214
2021-03-23,0.0,1.7719004,6.3368954
2021-03-24,0.0,1.4944768,5.1580904
2021-03-25,0.0,2.3264799,6.6229902
2021-03-26,0.0,3.65754,4.6502858
2021-03-27,0.0,3.7122672,0.0
2021-03-28,0.0,3.7838774,6.4119819
2021-03-29,0.0,3.9646926,5.3691754
2021-03-30,0.0,3.0301826,7.0831771
2021-03-31,0.0,7.115749,0.0
2021-04-01,0.0,6.5833794,0.0
2021-04-02,0.0,5.5576559,0.0
2021-04-03,0.0,5.6903736,8.4070759
2021-04-04,0.0,5.6224197,5.7356671
2021-04-05,0.0,5.712887,0.0
2021-04-06,0.0,5.7342678,0.0
2021-04-07,0.0,2.1656219,0.0
2021-04-08,0.0,1.5122986,0.0
2021-04-09,0.0,1.4844526,0.0
2021-04-10,0.0,2.0044423,0.0
2021-04-11,0.0,2.0177514,0.0
2021-04-12,0.0,4.2362576,0.0
2021-04-13,0.0,3.8524552,0.0
2021-04-14,0.0,6.3702391,0.0
2021-04-15,0.0,7.4882429,0.0
2021-04-16,0.0,10.7055782,2.7575013
2021-04-17,0.0,11.0380894,0.0
2021-04-18,0.0,10.8298274,0.0
2021-04-19,0.0,11.1619067,0.0
2021-04-20,0.0,12.2810526,0.0
2021-04-21,0.0,0.0,0.0
2021-04-22,0.0,0.0,0.0
2021-04-23,0.0,5.8529714,0.0
2021-04-24,0.0,0.0,0.0
2021-04-25,0.0,0.0,0.0
2021-04-26,0.0,0.0,0.0
2021-04-27,0.0,0.0,0.0
2021-04-28,0.0,0.0,0.0
2021-04-29,0.0,0.0,0.0
2021-04-30,0.0,0.0,0.0
2021-05-01,0.0,0.0,0.0
2021-05-02,0.0,0.0,0.0
2021-05-03,0.0,0.0,0.0
2021-05-04,0.0,0.0,0.0
2021-05-05,0.0,0.0,0.0
2021-05-06,0.0,0.0,0.0
2021-05-07,0.0,0.0,0.0
2021-05-08,0.0,0.0,0.0
2021-05-09,0.0,0.0,0.0
2021-05-10,0.0,0.0,0.0
2021-05-11,0.0,0.0,0.0
2021-05-12,0.0,0.0,0.0
2021-05-13,0.0,0.0,0.0
2021-05-14,0.0,0.0,0.0
2021-05-15,0.0,0.0,0.0
2021-05-16,0.0,0.0,0.0
2021-05-17,0.0,0.0,0.0
2021-05-18,0.0,0.0,0.0
2021-05-19,0.0,0.0,0.0
2021-05-20,0.0,0.0,0.0
2021-05-21,0.0,0.0,0.0
2021-05-22,0.0,0.0,0.0
2021-05-23,0.0,0.0,0.0
2021-05-24,0.0,0.0,0.0
2021-05-25,0.0,0.0,0.0
2021-05-26,0.0,0.0,0.0
2021-05-27,0.0,0.0,0.0
2021-05-28,0.0,0.0,0.0
2021-05-29,0.0,0.0,0.0
2021-05-30,0.0,0.0,0.0
2021-05-31,0.0,0.0,0.0
2021-06-01,0.0,0.0,0.0
2021-06-02,0.0,0.0,0.0
2021-06-03,0.0,0.0,0.0
2021-06-04,0.0,0.0,0.0
2021-06-05,0.0,0.0,0.0
2021-06-06,0.0,0.0,0.0
2021-06-07,0.0,0.0,0.0
2021-06-08,0.0,0.0,0.0
2021-06-09,0.0,0.0,0.0
2021-06-10,0.0,0.0,0.0
2021-06-11,0.0,0.0,0.0
2021-06-12,0.0,0.0,0.0
2021-06-13,0.0,0.0,0.0
2021-06-14,0.0,0.0,0.0
2021-06-15,0.0,0.0,0.0
2021-06-16,0.0,0.0,0.0
2021-06-17,0.0,0.0,0.0
2021-06-18,0.0,0.0,0.0
2021-06-19,0.0,0.0,0.0
2021-06-20,0.0,0.0,0.0
2021-06-21,0.0,0.0,0.0
2021-06-22,0.0,0.0,0.0
2021-06-23,0.0,0.0,0.0
2021-06-24,0.0,0.0,0.0
2021-06-25,0.0,0.0,0.0
2021-06-26,0.0,0.0,0.0
2021-06-27,0.0,0.0,0.0
2021-06-28,0.0,0.0,0.0
2021-06-29,0.0,0.0,0.0
2021-06-30,0.0,0.0,0.0
2021-07-01,0.0,0.0,0.0
2021-07-02,0.0,0.0,0.0
2021-07-03,0.0,0.0,0.0
2021-07-04,0.0,0.0,0.0
2021-07-05,0.0,0.0,0.0
2021-07-06,0.0,0.0,0.0
2021-07-07,0.0,0.0,0.0
2021-07-08,0.0,0.0,0.0
2021-07-09,0.0,0.0,0.0
2021-07-10,0.0,0.0,0.0
2021-07-11,0.0,0.0,0.0
2021-07-12,0.0,0.0,0.0
2021-07-13,0.0,0.0,0.0
2021-07-14,0.0,0.0,0.0
2021-07-15,0.0,0.0,0.0
2021-07-16,0.0,0.0,0.0
2021-07-17,0.0,0.0,0.0
2021-07-18,0.0,0.0,0.0
2021-07-19,0.0,0.0,0.0
2021-07-20,0.0,0.0,0.0
2021-07-21,0.0,0.0,0.0
2021-07-22,0.0,0.0,0.0
2021-07-23,0.0,0.0,0.0
2021-07-24,0.0,0.0,0.0
2021-07-25,0.0,0.0,0.0
2021-07-26,0.0,0.0,0.0
2021-07-27,0.0,0.0,0.0
2021-07-28,0.0,0.0,0.0
2021-07-29,0.0,0.0,0.0
2021-07-30,0.0,0.0,0.0
2021-07-31,0.0,0.0,0.0
2021-08-01,0.0,0.0,0.0
2021-08-02,0.0,0.0,0.0
2021-08-03,0.0,0.0,0.0
2021-08-04,0.0,0.0,0.0
2021-08-05,0.0,0.0,0.0
2021-08-06,0.0,0.0,0.0
2021-08-07,0.0,0.0,0.0
2021-08-08,0.0,0.0,0.0
2021-08-09,0.0,0.0,9.6500591
2021-08-10,0.0,0.0,13.7544009
2021-08-11,0.0,0.0,15.5863462
2021-08-12,0.0,0.0,13.9284894
2021-08-13,0.0,11.0282772,13.7074127
2021-08-14,0.0,12.9213412,14.8075571
2021-08-15,0.0,13.8638476,14.738939
2021-08-16,0.0,13.3200646,13.7048277
2021-08-17,0.0,10.3128147,10.7052205
2021-08-18,0.0,11.556704,7.2401836
2021-08-19,0.0,9.5487074,10.4880555
2021-08-20,0.0,7.6961474,10.4076244
2021-08-21,0.0,4.9072805,10.5160941
2021-08-22,0.0,5.1740361,9.6973019
2021-08-23,0.0,5.7380725,9.8792837
2021-08-24,0.0,7.3445712,10.1292085
2021-08-25,0.0,7.3168777,15.1978478
2021-08-26,0.0,8.1548478,11.0594345
2021-08-27,0.0,7.8388491,9.8448803
2021-08-28,0.0,7.2888083,13.6438884
2021-08-29,0.0,7.7481989,14.0960053
2021-08-30,0.0,9.6316657,14.4220484
2021-08-31,0.0,9.1420407,14.1043919
2021-09-01,0.0,8.6829819,10.7961859
2021-09-02,0.0,7.8524866,9.497553
2021-09-03,0.0,8.0762844,11.9805712
2021-09-04,0.0,8.8864552,7.3316216
2021-09-05,0.0,10.6023391,11.2927128
2021-09-06,0.0,8.9730772,11.0748885
2021-09-07,0.0,10.2860369,10.5834256
2021-09-08,0.0,10.609101,13.3728487
2021-09-09,0.0,11.371552,14.6164366
2021-09-10,0.0,11.293554,15.3258495
2021-09-11,0.0,10.6709697,14.7574016
2021-09-12,0.0,10.0807838,12.3231944
2021-09-13,0.0,11.870001,12.5616923
2021-09-14,0.0,13.8624478,12.7715374
2021-09-15,0.0,13.4476181,10.7400998
2021-09-16,0.0,13.1349586,9.987041
2021-09-17,0.0,13.2551054,7.7943068
2021-09-18,0.0,13.7711424,8.8113846
2021-09-19,0.0,10.7875357,10.3164826
2021-09-20,0.0,8.7961199,9.3648969
2021-09-21,0.0,5.1843038,8.5094474
2021-09-22,0.0,7.6968462,7.5503519
2021-09-23,0.0,9.9951253,7.1148778
2021-09-24,0.0,10.843859,7.6692252
2021-09-25,0.0,10.7191005,6.9187162
2021-09-26,0.0,12.1190475,5.4508897
2021-09-27,0.0,12.5184685,6.992183
2021-09-28,0.0,12.8921132,8.0602301
2021-09-29,0.0,14.3428667,7.4976098
2021-09-30,0.0,11.3449089,10.0415551
2021-10-01,0.0,10.0946714,11.4340719
2021-10-02,0.0,8.7973275,11.3838775
2021-10-03,0.0,9.8146907,10.345659
2021-10-04,0.0,10.6644654,9.2821789
2021-10-05,0.0,10.9440998,8.7039581
2021-10-06,0.0,8.8006535,11.1020221
2021-10-07,0.0,9.8967914,10.1636222
2021-10-08,0.0,10.0937718,7.7371643
2021-10-09,0.0,8.7245737,9.543882
2021-10-10,0.0,5.9813793,8.7100067
2021-10-11,0.0,4.5817738,12.2435883
2021-10-12,0.0,5.2433829,11.853241
2021-10-13,0.0,0.0,12.2218363
2021-10-14,0.0,0.0,14.2119334
2021-10-15,0.0,0.0,15.7398101
2021-10-16,0.0,0.0,20.4703513
2021-10-17,0.0,0.0,21.6374277
2021-10-18,0.0,0.0,17.4506728
2021-10-19,0.0,0.0,20.7883394
2021-10-20,0.0,0.0,18.4031247
2021-10-21,0.0,0.0,18.6082745
2021-10-22,0.0,0.0,17.6594337
2021-10-23,0.0,0.0,11.0123399
2021-10-24,0.0,0.0,10.8667494
2021-10-25,0.0,0.0,13.7232771
2021-10-26,0.0,0.0,9.8321242
2021-10-27,0.0,0.0,10.479713
2021-10-28,0.0,0.0,6.3373765
2021-10-29,0.0,0.0,6.9756209
2021-10-30,0.0,0.0,8.1027987
2021-10-31,0.0,12.3926137,6.778092
2021-11-01,0.0,14.3165089,5.2938772
2021-11-02,0.0,14.7166055,6.5656786
2021-11-03,0.0,16.7143391,8.2599997
2021-11-04,0.0,13.5294401,8.6706235
2021-11-05,0.0,12.313822,7.3918319
2021-11-06,0.0,10.5859216,7.470497
2021-11-07,0.0,11.7498161,8.4382062
2021-11-08,0.0,11.4477054,12.0857886
2021-11-09,0.0,10.835534,13.0108215
2021-11-10,0.0,9.708277,12.7260135
2021-11-11,0.0,8.0313749,17.9665095
2021-11-12,0.0,9.6394506,18.3410134
2021-11-13,0.0,0.0,17.8213068
2021-11-14,0.0,12.3121853,18.613498
2021-11-15,0.0,16.9525502,16.4071366
2021-11-16,0.0,0.0,14.7126399
2021-11-17,0.0,0.0,15.9562682
2021-11-18,0.0,0.0,15.6844325
2021-11-19,0.0,18.3808326,14.502606
2021-11-20,0.0,16.6680096,14.9017548
2021-11-21,0.0,20.4053335,12.9404198
2021-11-22,0.0,15.6054846,12.8827576
2021-11-23,0.0,15.0612231,12.2709003
2021-11-24,0.0,16.5011631,9.8907966
2021-11-25,0.0,13.1090677,6.6084079
2021-11-26,0.0,14.3127455,6.5272452
2021-11-27,0.0,17.0388663,7.4655374
2021-11-28,0.0,14.1159818,9.9693823
2021-11-29,0.0,14.7803521,10.4102721
2021-11-30,0.0,14.9663574,11.7959975
2021-12-01,0.0,12.9524576,12.6822042
2021-12-02,0.0,16.2476289,15.3734062
2021-12-03,0.0,17.5105172,18.703563
2021-12-04,0.0,17.4367656,19.7875948
2021-12-05,0.0,17.6358968,18.3132518
2021-12-06,0.0,19.2726651,16.775527
2021-12-07,0.0,19.6042888,19.0210068
2021-12-08,0.0,22.8419509,19.9838191
2021-12-09,0.0,20.6193387,15.3954614
2021-12-10,0.0,19.7906256,18.7727917
2021-12-11,0.0,24.9838709,16.5650101
2021-12-12,0.0,25.8084664,20.3855755
2021-12-13,0.0,25.096038,23.517514
2021-12-14,0.0,26.1462323,21.3587787
2021-12-15,0.0,23.3480943,19.8186352
2021-12-16,0.0,24.6166651,22.0708392
2021-12-17,0.0,26.2862427,19.3402385
2021-12-18,0.0,17.8285324,20.1011132
2021-12-19,0.0,17.0359341,16.5274274
2021-12-20,0.0,17.398619,16.0798449
2021-12-21,0.0,14.9963371,16.0434987
2021-12-22,0.0,15.936908,16.6077569
2021-12-23,0.0,14.2519297,16.2244144
2021-12-24,0.0,14.2141272,16.5143008
2021-12-25,0.0,17.9407205,17.6754903
2021-12-26,0.0,18.7213778,16.5478846
2021-12-27,0.0,17.8220168,15.7469495
2021-12-28,0.0,16.7348044,16.052005
2021-12-29,0.0,18.721653,17.9433327
2021-12-30,0.0,19.1523037,18.3845455
2021-12-31,0.0,18.3401912,19.8553477
2022-01-01,0.0,14.5947136,21.1414756
2022-01-02,0.0,13.2240859,22.4649642
2022-01-03,0.0,16.8793213,23.1231861
2022-01-04,19.48731,19.2419518,23.3124294
2022-01-05,21.6846916,19.353215,24.3435044
2022-01-06,26.6638708,24.7708866,25.724537
2022-01-07,29.2556134,26.5579617,24.1074891
2022-01-08,29.6934868,31.0592171,23.9675884
2022-01-09,33.1136804,33.6394922,25.3508682
2022-01-10,0.0,33.6402106,27.5009814
2022-01-11,43.3834152,33.606907,29.5157188
2022-01-12,0.0,32.2677426,31.3295297
2022-01-13,0.0,30.2093452,30.8679992
2022-01-14,0.0,32.1034463,30.900325
2022-01-15,52.421985,30.0175717,33.0377264
2022-01-16,55.3566678,30.5018283,33.6962117
2022-01-17,57.9748734,30.3776121,33.0992829
2022-01-18,55.890976,31.6858705,31.8630969
2022-01-19,55.5905913,31.6726244,28.7000755
2022-01-20,54.3972388,28.0325653,27.3714959
2022-01-21,53.0357218,26.0136422,28.8583469
2022-01-22,51.2490128,27.2415899,26.6545355
2022-01-23,51.407126,26.4391138,25.7721541
2022-01-24,0.0,27.1871884,25.2139746
2022-01-25,0.0,25.1462801,25.2298356
2022-01-26,0.0,26.9744442,24.2939863
2022-01-27,0.0,30.660636,29.5282325
2022-01-28,0.0,31.4144357,28.0587975
2022-01-29,0.0,31.1030644,27.312327
2022-01-30,0.0,32.0711758,25.1913764
2022-01-31,0.0,30.3616548,22.9061875
2022-02-01,0.0,32.4648346,24.0130575
2022-02-02,0.0,29.6696396,23.9995502
2022-02-03,0.0,27.0823812,19.6893567
2022-02-04,0.0,25.8911984,19.4077052
2022-02-05,0.0,21.8139749,18.7259858
2022-02-06,0.0,19.3866742,21.0757766
2022-02-07,0.0,19.2170802,20.9782877
2022-02-08,0.0,17.2066875,17.194635
2022-02-09,0.0,19.5875581,17.7916534
2022-02-10,0.0,17.9768596,19.1740914
2022-02-11,0.0,18.9759516,17.8332439
2022-02-12,0.0,22.6706016,18.7406401
2022-02-13,0.0,24.5038848,15.2883005
2022-02-14,0.0,23.485557,14.1295793
2022-02-15,0.0,26.0675534,16.2153497
2022-02-16,0.0,25.2356489,14.7373096
2022-02-17,0.0,25.6831374,15.8747887
2022-02-18,0.0,24.5356677,15.783176
2022-02-19,0.0,22.6401447,12.614577
2022-02-20,0.0,18.4784767,12.088565
2022-02-21,0.0,17.8181777,11.8425684
2022-02-22,0.0,14.5935087,8.7519753
2022-02-23,0.0,12.3048273,8.5827896
2022-02-24,0.0,12.4634321,4.6620094
2022-02-25,0.0,10.3885014,5.2647425
2022-02-26,0.0,6.4884286,4.3143766
2022-02-27,0.0,0.0,4.2481092
2022-02-28,0.0,6.8071445,8.1708787
2022-03-01,0.0,5.3776477,9.3505041
2022-03-02,0.0,6.2162921,9.5666691
2022-03-03,0.0,7.6250721,10.2149193
2022-03-04,0.0,7.9509724,9.7585935
2022-03-05,0.0,9.5795749,9.1819863
2022-03-06,0.0,10.4700647,0.0
2022-03-07,0.0,10.3781852,0.0
2022-03-08,0.0,0.0,7.009749
2022-03-09,0.0,0.0,0.0
2022-03-10,0.0,0.0,0.0
2022-03-11,0.0,0.0,0.0
2022-03-12,0.0,0.0,9.2458357
2022-03-13,0.0,0.0,8.9072363
2022-03-14,0.0,0.0,0.0
2022-03-15,0.0,0.0,0.0
2022-03-16,0.0,0.0,0.0
2022-03-17,0.0,0.0,0.0
2022-03-18,0.0,0.0,0.0
2022-03-19,0.0,0.0,0.0
2022-03-20,0.0,0.0,0.0
2022-03-21,0.0,0.0,0.0
2022-03-22,0.0,0.0,0.0
2022-03-23,0.0,0.0,0.0
2022-03-24,0.0,0.0,0.0
2022-03-25,0.0,13.1264543,0.0
2022-03-26,0.0,13.2714097,0.0
2022-03-27,0.0,18.3426596,0.0
2022-03-28,0.0,17.9423249,0.0
2022-03-29,0.0,17.3490409,0.0
2022-03-30,0.0,17.1701959,28.1845482
2022-03-31,0.0,0.0,0.0
2022-04-01,0.0,0.0,0.0
2022-04-02,0.0,0.0,0.0
2022-04-03,0.0,0.0,0.0
2022-04-04,0.0,0.0,0.0
2022-04-05,0.0,0.0,0.0
2022-04-06,0.0,0.0,0.0
2022-04-07,0.0,0.0,0.0
2022-04-08,0.0,0.0,0.0
2022-04-09,0.0,12.1480995,0.0
2022-04-10,0.0,14.1315511,0.0
2022-04-11,0.0,16.6400058,0.0
2022-04-12,0.0,13.9117672,0.0
2022-04-13,0.0,11.3965644,13.2005943
2022-04-14,0.0,11.7807472,10.6881568
2022-04-15,0.0,14.9965728,10.7907681
2022-04-16,0.0,18.5341071,11.3633265
2022-04-17,0.0,18.3802585,13.4760898
2022-04-18,0.0,19.1594163,16.7532154
2022-04-19,0.0,22.0181402,18.1597631
2022-04-20,0.0,24.0043539,15.6213632
2022-04-21,0.0,23.9670284,16.2526021
2022-04-22,0.0,21.9242381,15.2936631
2022-04-23,0.0,18.97195,16.5040894
2022-04-24,0.0,18.0217274,14.6116098
2022-04-25,0.0,17.599812,15.6215123
2022-04-26,0.0,15.9943831,15.9766823
2022-04-27,0.0,23.0129701,19.5205052
2022-04-28,0.0,23.2282074,19.8632602
2022-04-29,0.0,24.202655,23.4877825
2022-04-30,0.0,28.6322082,27.8124035
2022-05-01,0.0,33.5841298,28.6336741
2022-05-02,0.0,31.4581734,29.2153343
2022-05-03,0.0,35.1956805,27.7697686
2022-05-04,0.0,32.7529761,25.0117066
2022-05-05,0.0,35.2345681,24.3187885
2022-05-06,0.0,35.8845091,22.9142444
2022-05-07,0.0,34.4520855,19.0303065
2022-05-08,0.0,32.1450751,18.6516093
2022-05-09,0.0,34.5772315,19.7831262
2022-05-10,0.0,29.2687327,20.7569567
2022-05-11,0.0,28.9170482,20.8694835
2022-05-12,0.0,29.0320996,22.4870795
2022-05-13,0.0,31.1837808,22.0567157
2022-05-14,0.0,30.2936128,24.7246205
2022-05-15,0.0,31.7208732,27.6296649
2022-05-16,0.0,31.6461217,23.9630698
2022-05-17,0.0,38.3026728,22.9399212
2022-05-18,0.0,38.7448643,26.9653078
2022-05-19,0.0,38.568395,24.4524167
2022-05-20,0.0,34.4582235,23.8454516
2022-05-21,0.0,35.4657646,21.6787916
2022-05-22,0.0,33.2114842,18.8696525
2022-05-23,0.0,32.0117861,18.1910442
2022-05-24,0.0,29.6481546,18.1210422
2022-05-25,0.0,28.7072247,15.612702
2022-05-26,0.0,22.7313604,17.478803
2022-05-27,0.0,23.9462196,17.9098817
2022-05-28,0.0,25.2399997,19.9589313
2022-05-29,0.0,24.9228155,29.8221731
2022-05-30,0.0,25.9004513,30.1550636
2022-05-31,0.0,25.7340757,32.8675055
2022-06-01,0.0,28.5474287,31.7271884
2022-06-02,0.0,31.9569842,33.2796815
2022-06-03,0.0,32.7831168,30.6011538
2022-06-04,0.0,29.8255788,28.4040544
2022-06-05,0.0,30.5147601,21.5127373
2022-06-06,0.0,29.9124048,23.6302752
2022-06-07,0.0,29.7195321,20.9652935
2022-06-08,0.0,27.3351927,22.3709777
2022-06-09,0.0,34.3079979,17.9381954
2022-06-10,0.0,33.2210613,25.0592194
2022-06-11,0.0,35.8837392,27.8642237
2022-06-12,0.0,36.587459,30.9039688
2022-06-13,0.0,35.4047776,28.0055352
2022-06-14,0.0,37.5947931,28.7953218
2022-06-15,0.0,35.1839061,29.0007359
2022-06-16,0.0,31.9401576,29.3261309
2022-06-17,0.0,30.2237998,27.4465894
2022-06-18,0.0,26.7448752,26.2814268
2022-06-19,0.0,25.4218903,27.8164283
2022-06-20,0.0,27.1766944,28.6951696
2022-06-21,0.0,23.7499154,27.2423568
2022-06-22,0.0,28.3511285,25.6919637
2022-06-23,0.0,30.1741753,30.8170467
2022-06-24,0.0,34.3029945,27.1920901
2022-06-25,0.0,38.4156936,24.7419759
