time_value,179,180,181,183,184,185,186,187,188
2021-01-07,877.65,819.32,401.95,3611.11,247.91,171.49,225.79,538.41,240.84
2021-01-08,657.76,661.18,459.05,2912.33,320.68,139.4,209.23,510.66,119.41
2021-01-09,794.33,614.13,372.34,2958.45,261.11,159.58,194.79,343.33,155.67
2021-01-10,546.65,1029.17,243.03,2104.82,166.93,86.4,120.23,433.59,105.13
2021-01-11,535.23,383.25,266.73,1790.5,167.99,64.43,138.73,287.52,103.25
2021-01-12,467.05,449.72,210.31,1529.16,88.89,67.16,114.24,213.94,56.29
2021-01-13,603.82,448.48,212.66,1603.56,118.24,88.64,100.26,384.09,75.71
2021-01-14,603.96,482.84,298.15,2006.36,142.64,103.8,137.69,404.12,106.67
2021-01-15,565.45,517.71,262.95,2245.7,205.45,99.56,139.4,358.04,118.77
2021-01-16,516.61,418.15,284.76,1642.52,189.95,104.61,157.47,319.62,105.0
2021-01-17,405.82,302.64,193.17,1491.12,148.69,72.29,105.84,181.82,82.31
2021-01-18,296.17,284.69,210.87,1138.61,88.3,40.95,103.24,196.51,49.26
2021-01-19,296.72,287.43,150.12,1391.77,182.34,118.79,78.35,167.6,39.8
2021-01-20,465.0,418.06,185.6,1240.36,76.57,42.58,88.73,277.95,70.96
2021-01-21,521.81,416.75,197.68,1689.71,139.54,106.98,109.65,253.77,85.47
2021-01-22,451.25,343.46,214.24,1682.74,135.57,50.18,129.55,277.66,88.65
2021-01-23,402.0,375.6,199.26,1465.53,93.36,40.69,96.23,253.04,66.68
2021-01-24,294.76,248.55,196.55,1202.9,103.4,56.73,89.59,149.08,57.35
2021-01-25,236.51,239.53,204.61,967.34,82.86,29.52,91.72,206.97,41.18
2021-01-26,250.57,264.4,113.42,828.15,61.96,32.47,64.44,118.39,40.86
2021-01-27,326.49,349.7,135.66,996.69,111.93,46.0,65.31,154.22,65.37
2021-01-28,378.0,337.87,179.36,1314.01,105.5,73.45,96.34,255.45,64.21
2021-01-29,322.7,284.35,168.78,1166.64,129.04,47.9,78.97,215.44,80.29
2021-01-30,316.44,290.24,137.95,1136.6,82.58,39.94,84.57,173.41,61.87
2021-01-31,210.24,174.96,102.14,758.44,68.82,59.7,54.52,118.41,50.06
2021-02-01,153.0,200.87,109.12,805.06,74.15,38.23,59.87,137.66,43.72
2021-02-02,211.6,203.51,55.2,759.68,69.91,44.94,31.01,106.55,32.87
2021-02-03,257.74,228.47,67.99,615.26,51.76,26.4,34.06,145.64,35.19
2021-02-04,248.27,318.5,139.83,1106.51,99.84,43.13,77.65,211.91,56.36
2021-02-05,251.91,144.05,126.42,685.66,85.82,29.27,55.39,125.23,46.97
2021-02-06,371.76,373.54,169.04,1179.5,190.88,63.77,78.12,201.69,80.91
2021-02-07,204.64,232.79,95.38,795.67,40.22,32.54,54.7,133.65,45.26
2021-02-08,97.2,140.44,74.54,449.48,49.24,25.47,40.2,93.02,29.65
2021-02-09,109.99,301.27,72.18,519.76,84.75,13.67,44.31,86.27,11.39
2021-02-10,220.32,240.14,56.09,621.05,42.75,32.31,32.14,144.55,48.38
2021-02-11,171.21,235.66,101.48,754.12,111.07,53.54,55.7,156.72,24.49
2021-02-12,133.09,216.83,71.44,662.9,44.87,27.39,48.32,147.13,36.82
2021-02-13,123.45,181.13,71.75,536.87,75.58,11.18,36.48,133.68,36.41
2021-02-14,129.88,179.98,73.23,492.38,66.01,20.55,37.41,140.44,34.57
2021-02-15,78.0,100.95,64.53,355.88,48.48,8.72,36.76,78.07,11.13
2021-02-16,94.43,160.97,66.49,354.65,46.8,26.28,39.52,82.59,14.96
2021-02-17,66.72,166.22,63.49,355.32,35.14,4.72,28.1,178.53,21.71
2021-02-18,93.62,86.06,55.84,305.86,61.19,8.41,26.74,121.34,10.62
2021-02-19,114.96,184.5,70.55,383.06,71.87,11.14,35.36,138.5,27.83
2021-02-20,114.85,199.15,94.84,609.04,89.48,22.4,36.65,168.16,26.9
2021-02-21,69.8,122.48,64.76,386.96,40.23,13.35,35.32,105.94,19.4
2021-02-22,53.77,124.52,52.27,382.21,38.08,5.94,27.6,118.53,18.33
2021-02-23,72.19,122.14,31.27,303.55,41.9,4.42,19.34,82.27,18.93
2021-02-24,100.45,141.75,71.25,402.44,59.78,16.22,35.36,147.57,35.76
2021-02-25,95.47,144.14,79.83,406.87,75.79,18.29,41.69,149.82,31.08
2021-02-26,81.22,137.39,62.7,373.76,64.45,13.61,38.2,128.85,36.57
2021-02-27,77.24,98.45,66.64,383.47,58.99,9.64,33.42,118.26,25.03
2021-02-28,63.03,109.0,44.72,266.55,31.94,7.06,22.29,121.18,24.9
2021-03-01,26.99,86.32,45.29,222.64,27.02,2.67,22.16,86.17,21.7
2021-03-02,65.7,84.56,38.8,204.51,31.09,4.71,22.29,85.56,17.72
2021-03-03,82.62,116.83,58.95,284.09,50.1,15.27,30.6,114.27,16.48
2021-03-04,67.5,115.93,81.73,354.98,56.55,17.61,35.25,141.31,36.2
2021-03-05,93.79,96.87,61.67,348.53,49.96,11.4,38.58,150.98,14.47
2021-03-06,49.25,115.21,57.29,773.91,40.86,15.02,35.17,121.6,16.78
2021-03-07,56.7,144.08,36.08,308.47,24.34,15.46,24.02,94.14,15.71
2021-03-08,35.5,69.32,52.1,192.43,23.63,4.79,23.97,89.72,7.16
2021-03-09,50.24,108.39,26.63,233.26,47.31,18.17,15.12,99.16,14.37
2021-03-10,80.74,145.95,67.4,347.78,31.48,16.49,29.26,159.18,20.72
2021-03-11,97.29,101.31,86.36,367.94,45.08,10.25,41.66,162.43,21.22
2021-03-12,95.03,173.2,65.62,340.8,39.91,21.97,36.62,180.82,18.59
2021-03-13,68.11,170.27,76.71,290.93,19.26,22.23,29.41,145.78,17.06
2021-03-14,43.46,102.48,53.89,263.71,16.88,19.7,30.45,121.84,12.63
2021-03-15,34.73,70.14,41.47,139.5,30.97,13.18,22.77,84.12,9.75
2021-03-16,41.33,93.44,36.81,212.2,24.22,11.9,23.52,116.31,25.31
2021-03-17,89.87,143.44,69.93,342.96,33.98,20.15,35.01,200.52,20.89
2021-03-18,75.19,142.46,65.03,386.89,31.76,22.56,40.28,194.01,25.09
2021-03-19,79.67,117.14,62.9,368.8,22.04,17.81,37.43,161.18,20.1
2021-03-20,57.97,148.17,58.02,400.06,28.31,11.62,32.24,150.69,20.89
2021-03-21,44.66,124.34,69.12,318.01,23.7,10.27,32.39,128.27,9.7
2021-03-22,24.62,55.27,46.13,236.52,26.84,10.66,18.4,107.34,9.94
2021-03-23,45.45,103.01,63.85,303.46,25.96,13.63,27.55,124.2,12.87
2021-03-24,82.63,206.32,79.48,339.04,39.66,18.79,38.65,188.08,17.42
2021-03-25,93.04,151.24,69.8,352.1,38.91,22.15,34.43,216.45,17.31
2021-03-26,76.6,192.47,78.27,445.6,55.31,15.49,42.53,207.69,29.12
2021-03-27,76.75,146.72,93.5,395.41,41.57,20.37,49.71,165.3,18.48
2021-03-28,67.08,124.58,83.04,370.52,43.66,19.02,41.54,162.59,21.9
2021-03-29,25.31,100.71,74.35,299.36,26.1,8.69,39.28,184.86,8.51
2021-03-30,68.27,139.56,50.2,287.41,57.62,12.88,33.98,149.83,7.25
2021-03-31,93.81,147.6,93.94,402.79,64.59,12.56,34.77,234.25,18.84
2021-04-01,78.81,145.21,126.28,463.76,66.43,34.1,52.88,272.88,24.28
2021-04-02,89.92,174.83,107.22,439.09,79.93,16.59,55.17,248.37,11.36
2021-04-03,70.24,144.94,109.25,426.74,53.66,10.06,50.85,234.61,17.12
2021-04-04,45.73,102.57,96.76,394.79,57.25,13.87,45.62,155.6,11.03
2021-04-05,16.81,98.92,91.65,296.06,35.56,12.52,35.3,142.03,5.39
2021-04-06,40.07,102.55,58.73,241.11,51.21,6.65,36.73,118.12,14.38
2021-04-07,83.44,167.71,106.9,480.48,69.67,12.32,49.52,280.08,17.21
2021-04-08,68.3,176.37,136.93,606.85,83.98,27.54,61.58,237.03,15.54
2021-04-09,54.11,202.13,128.48,538.94,69.48,22.56,62.84,282.61,21.05
2021-04-10,54.02,163.76,151.58,580.57,85.06,26.28,69.96,242.56,23.23
2021-04-11,47.2,207.79,115.85,407.09,55.8,16.95,54.19,223.37,26.22
2021-04-12,45.1,144.08,122.52,502.54,61.29,19.02,61.07,202.74,8.63
2021-04-13,72.59,187.85,95.08,406.38,34.68,11.47,43.55,181.76,14.71
2021-04-14,100.3,188.59,106.52,463.48,54.61,23.05,45.4,251.39,20.82
2021-04-15,94.72,157.12,145.96,525.1,89.02,28.21,70.25,297.68,20.12
2021-04-16,64.29,232.1,124.35,479.98,72.88,21.57,63.66,259.7,29.98
2021-04-17,51.51,192.2,1017.71,601.82,62.91,27.65,152.36,369.75,40.11
2021-04-18,60.63,171.67,65.1,346.75,63.08,19.48,54.2,173.52,9.82
2021-04-19,33.36,103.55,51.59,308.55,41.36,10.92,35.94,204.61,10.95
2021-04-20,71.17,130.23,66.82,255.21,41.67,11.56,40.7,117.01,9.71
2021-04-21,72.89,135.58,108.73,452.79,53.81,11.09,50.26,261.84,23.56
2021-04-22,52.02,182.9,150.89,450.24,48.98,17.63,70.22,223.86,14.03
2021-04-23,68.71,166.14,124.91,398.92,47.63,13.8,57.12,221.09,25.02
2021-04-24,67.99,173.5,123.84,413.94,37.97,25.42,58.43,206.79,16.05
2021-04-25,42.19,85.62,100.23,334.76,30.62,12.53,54.36,140.6,16.47
2021-04-26,23.43,105.84,94.57,267.49,24.48,18.3,43.42,146.87,3.78
2021-04-27,51.15,140.52,106.5,341.68,23.26,11.92,50.52,144.33,24.45
2021-04-28,62.97,213.93,142.18,499.76,50.37,29.9,56.83,247.59,12.37
2021-04-29,59.72,176.48,162.91,560.27,44.22,27.27,74.87,244.26,21.82
2021-04-30,110.43,184.18,157.02,613.59,41.78,15.5,76.93,232.38,26.91
2021-05-01,59.75,125.24,138.93,493.55,35.2,25.32,60.48,203.52,26.83
2021-05-02,36.9,181.7,120.45,439.01,25.7,21.33,53.78,179.51,3.22
2021-05-03,14.88,90.59,106.38,295.89,35.18,16.54,47.76,172.88,4.55
2021-05-04,52.81,132.25,81.12,349.42,26.12,11.91,37.03,138.19,12.16
2021-05-05,86.97,161.51,118.07,454.21,27.96,28.02,53.74,220.12,32.8
2021-05-06,78.72,185.84,117.9,497.16,35.18,24.81,51.52,245.99,37.27
2021-05-07,58.31,155.62,124.33,536.47,34.66,36.77,62.68,173.81,9.58
2021-05-08,51.19,159.26,107.72,452.0,25.8,23.39,48.51,176.46,16.6
2021-05-09,34.81,125.05,91.16,376.25,16.63,18.63,50.78,150.52,10.27
2021-05-10,25.27,67.49,88.67,228.06,15.58,9.27,42.13,104.91,9.44
2021-05-11,51.0,106.8,62.43,293.27,14.16,19.47,33.79,106.05,13.03
2021-05-12,66.5,159.2,69.78,347.29,18.73,19.25,36.93,144.5,21.2
2021-05-13,66.73,102.67,115.64,360.8,18.29,18.24,53.7,157.59,15.39
2021-05-14,52.3,114.86,117.51,376.34,29.64,10.82,50.16,159.19,16.74
2021-05-15,63.81,90.24,82.57,406.92,28.06,16.44,36.95,432.95,16.83
2021-05-16,32.37,80.1,98.04,294.35,25.55,16.39,45.8,124.82,9.33
2021-05-17,20.74,68.78,81.4,238.78,18.57,6.27,42.77,91.06,6.35
2021-05-18,61.66,76.66,57.08,201.28,19.85,11.39,32.17,81.21,5.03
2021-05-19,81.47,121.1,73.95,328.13,32.79,15.88,36.44,135.94,17.81
2021-05-20,44.82,141.0,91.95,400.77,38.04,19.83,45.99,113.1,9.08
2021-05-21,73.94,96.91,99.9,321.82,27.68,16.69,50.97,112.57,7.56
2021-05-22,46.61,80.74,87.04,290.01,18.48,13.02,42.54,101.53,6.97
2021-05-23,31.51,62.53,45.22,263.06,19.51,12.24,27.0,84.79,9.7
2021-05-24,13.15,42.03,36.24,190.1,20.19,11.27,19.11,55.27,3.11
2021-05-25,35.58,58.25,65.27,243.22,17.53,4.6,27.46,74.01,7.37
2021-05-26,59.13,87.33,57.91,288.44,34.03,21.81,24.62,102.34,14.34
2021-05-27,34.07,79.78,100.24,274.39,28.47,17.3,40.11,88.78,6.28
2021-05-28,35.88,76.13,51.73,257.73,26.55,7.06,23.55,72.94,6.41
2021-05-29,32.07,40.68,33.94,204.86,20.33,13.33,18.26,41.48,14.37
2021-05-30,22.04,33.39,32.21,173.58,11.08,5.78,16.75,54.77,3.75
2021-05-31,6.09,0.0,0.0,0.0,0.0,0.0,2.42,0.0,0.81
2021-06-01,13.8,66.73,55.85,242.69,22.46,7.52,28.5,63.91,15.15
2021-06-02,28.6,43.84,14.77,124.79,11.82,7.52,7.74,40.89,4.87
2021-06-03,46.58,55.72,33.51,988.13,21.8,9.3,11.3,57.58,9.97
2021-06-04,33.38,49.74,38.8,215.7,23.47,6.16,19.42,50.81,10.49
2021-06-05,24.99,42.61,35.77,212.3,15.29,5.87,16.49,52.91,6.18
2021-06-06,3.22,0.08,0.0,0.16,0.0,0.14,1.49,0.0,0.0
2021-06-07,18.4,46.31,51.51,258.46,41.88,10.41,22.58,60.07,5.26
2021-06-08,50.76,44.07,27.25,193.18,19.3,5.27,10.95,31.62,6.88
2021-06-09,32.85,47.71,27.39,163.04,20.51,8.87,14.45,40.21,2.63
2021-06-10,21.16,48.33,67.77,201.07,25.68,8.6,33.6,39.5,23.49
2021-06-11,37.01,35.98,53.2,168.04,27.12,6.41,27.98,42.16,7.4
2021-06-12,35.54,31.25,56.84,165.19,24.4,6.54,44.56,40.07,15.37
2021-06-13,4.91,0.0,0.0,0.0,0.0,0.07,1.16,0.0,0.0
2021-06-14,10.34,49.68,51.29,207.94,22.4,1.43,23.08,39.61,4.9
2021-06-15,11.76,15.23,41.36,143.45,15.62,2.0,24.74,35.61,7.47
2021-06-16,18.65,34.4,62.3,133.76,14.99,0.41,44.03,20.0,10.27
2021-06-17,15.82,18.63,24.61,121.45,17.28,6.88,17.04,26.06,6.5
2021-06-18,24.81,26.97,30.26,125.67,14.19,1.24,18.94,19.83,8.07
2021-06-19,14.41,47.33,10.86,351.51,16.03,11.79,5.28,20.21,5.28
2021-06-20,1.75,0.0,0.0,0.08,0.0,0.0,0.0,0.0,0.0
2021-06-21,17.78,31.9,21.69,135.85,21.68,2.29,13.8,29.58,14.91
2021-06-22,25.15,24.95,46.14,120.47,22.76,4.86,34.66,16.62,7.62
2021-06-23,25.3,32.67,41.59,97.63,20.62,1.03,28.05,28.73,6.03
2021-06-24,31.29,25.66,21.54,143.18,20.26,3.14,15.61,16.17,8.33
2021-06-25,19.61,26.61,28.63,138.65,17.82,1.42,22.94,25.86,16.37
2021-06-26,7.47,1.0,0.0,0.16,0.0,0.07,0.0,0.0,0.0
2021-06-27,1.72,1.86,0.0,0.08,0.0,0.07,0.0,0.0,0.0
2021-06-28,81.29,53.05,43.14,249.5,45.9,13.47,27.14,57.6,5.93
2021-06-29,27.26,29.29,43.45,104.46,14.75,3.89,31.38,17.12,6.82
2021-06-30,52.69,40.8,52.97,144.59,28.31,3.16,27.38,31.51,13.47
2021-07-01,55.13,35.39,68.47,120.91,32.94,4.65,46.83,13.09,20.29
2021-07-02,37.73,50.93,66.03,148.04,33.67,1.7,36.97,18.7,6.58
2021-07-03,4.08,4.86,0.0,0.16,0.0,0.07,0.0,0.0,0.0
2021-07-04,0.03,0.0,0.0,0.0,0.0,0.0,0.0,0.0,0.0
2021-07-05,3.02,1.0,0.0,0.08,0.0,0.0,0.0,0.0,0.0
2021-07-06,131.61,101.16,99.31,390.03,57.4,9.24,64.21,68.85,48.56
2021-07-07,65.1,58.47,41.14,136.5,28.67,4.26,25.4,23.97,7.87
2021-07-08,67.62,100.12,50.13,232.0,34.31,9.45,30.3,23.83,15.27
2021-07-09,68.35,64.6,34.1,199.99,19.82,5.1,17.18,31.49,11.61
2021-07-10,7.58,6.8,0.0,0.08,0.0,0.07,0.0,0.0,0.0
2021-07-11,0.79,8.72,0.0,0.24,0.0,0.0,0.0,0.0,0.0
2021-07-12,115.98,147.53,39.81,381.54,57.39,9.22,19.48,62.32,15.76
2021-07-13,100.36,75.93,29.02,269.89,20.35,5.81,15.0,60.01,10.63
2021-07-14,85.4,122.69,12.07,243.72,25.8,10.44,10.81,27.4,11.83
2021-07-15,90.92,111.67,17.04,237.52,26.23,10.49,10.34,34.1,13.23
2021-07-16,84.1,87.02,21.51,249.17,21.99,9.53,11.55,42.38,25.17
2021-07-17,8.98,4.98,0.0,0.48,0.0,0.07,0.0,0.0,0.0
2021-07-18,0.09,5.12,0.0,0.24,0.0,0.0,0.0,0.0,0.0
2021-07-19,168.91,231.4,55.33,618.95,59.76,14.95,32.87,74.67,32.78
2021-07-20,140.33,122.08,28.81,263.73,28.93,8.71,11.73,59.36,18.46
2021-07-21,161.88,162.15,18.8,300.44,23.59,8.22,10.39,34.35,10.8
2021-07-22,179.82,109.18,25.71,414.69,41.65,18.84,14.32,46.9,20.84
2021-07-23,113.71,120.69,33.51,344.42,38.73,21.13,22.69,68.78,22.02
2021-07-24,20.4,8.74,0.0,0.08,0.0,0.0,0.0,0.0,0.0
2021-07-25,15.74,5.08,0.0,0.24,0.0,0.0,0.0,0.0,0.0
2021-07-26,257.86,287.04,88.06,925.56,116.68,29.2,44.56,92.3,55.78
2021-07-27,215.24,187.36,40.15,433.69,46.96,24.16,27.24,82.39,52.24
2021-07-28,209.07,217.6,49.46,533.23,36.98,14.07,34.72,96.9,54.41
2021-07-29,207.31,183.01,44.54,569.81,58.99,20.11,26.24,68.27,38.14
2021-07-30,462.33,193.03,56.84,569.0,55.32,17.55,22.71,101.65,39.78
2021-07-31,38.61,17.97,0.0,0.56,0.0,0.63,0.0,0.0,0.0
2021-08-01,24.68,8.8,0.0,0.32,0.0,0.21,0.0,0.0,0.0
2021-08-02,456.38,386.53,132.79,1357.76,127.92,31.02,74.01,124.45,51.27
2021-08-03,269.96,258.58,90.14,763.37,74.63,17.95,49.1,117.72,49.27
2021-08-04,404.49,243.11,56.79,760.82,63.9,29.7,23.91,95.44,62.45
2021-08-05,329.84,227.47,71.15,926.25,66.54,35.35,38.63,119.34,94.85
2021-08-06,388.46,349.01,81.37,870.5,74.28,31.76,47.42,136.5,75.61
2021-08-07,66.71,29.76,0.0,0.8,0.0,0.35,0.0,0.0,0.0
2021-08-08,38.47,14.35,0.0,0.48,0.0,0.21,0.0,0.0,0.0
2021-08-09,843.32,616.59,166.17,2410.49,173.87,88.29,86.7,279.9,154.54
2021-08-10,435.77,374.33,94.75,958.69,67.86,37.67,60.09,108.65,96.13
2021-08-11,662.97,382.8,80.96,1045.21,78.14,29.99,43.93,137.04,86.43
2021-08-12,520.82,486.57,109.3,1436.95,104.09,58.46,59.51,161.72,93.53
2021-08-13,508.91,418.94,97.26,1204.19,77.36,43.78,48.55,161.7,112.93
2021-08-14,53.5,44.67,0.0,0.4,0.0,0.42,0.0,0.0,0.0
2021-08-15,52.92,11.79,0.0,0.4,0.0,0.49,0.0,0.0,0.0
2021-08-16,990.12,941.01,231.56,3228.55,254.99,111.6,125.19,388.25,146.2
2021-08-17,511.05,412.22,119.62,1245.37,80.65,63.75,70.68,140.4,107.06
2021-08-18,690.97,539.82,121.63,1429.88,97.76,95.3,55.0,237.21,64.71
2021-08-19,760.54,509.25,100.36,1527.45,85.93,85.58,52.73,156.35,90.92
2021-08-20,820.57,490.4,133.45,1909.53,96.89,90.88,73.59,255.22,156.28
2021-08-21,42.84,48.91,0.0,1.44,0.0,0.77,0.0,0.0,0.0
2021-08-22,48.51,14.5,0.0,0.4,0.0,0.28,0.0,0.0,0.0
2021-08-23,1224.55,1160.19,298.12,4086.29,247.8,182.06,150.84,487.68,213.75
2021-08-24,555.74,508.42,146.88,1595.65,96.25,68.65,80.28,217.68,96.28
2021-08-25,1001.93,739.02,153.07,2203.44,140.88,114.1,72.49,293.15,163.76
2021-08-26,681.3,675.15,152.98,2370.74,146.29,123.62,78.43,280.5,204.85
2021-08-27,804.49,606.25,207.01,2349.95,135.75,114.21,102.92,353.23,133.06
2021-08-28,66.11,41.49,0.0,3.04,0.0,1.33,0.0,0.0,0.0
2021-08-29,44.81,37.44,0.0,0.96,0.0,0.98,0.0,0.0,0.0
2021-08-30,1670.88,1419.07,380.01,5530.49,344.59,286.26,189.98,639.44,356.09
2021-08-31,618.23,477.59,193.59,1578.88,100.4,101.34,108.73,278.33,126.49
2021-09-01,720.88,709.18,183.27,1880.77,135.15,97.76,93.29,382.04,161.8
2021-09-02,912.62,723.69,224.49,2356.73,139.44,151.05,99.59,368.9,198.39
2021-09-03,897.61,752.68,204.41,2254.18,164.49,152.1,104.91,431.45,184.92
2021-09-04,451.53,600.79,171.7,1982.97,120.49,135.31,90.24,308.0,163.36
2021-09-05,422.15,464.59,131.3,1556.46,106.49,67.08,52.32,279.26,116.3
2021-09-06,319.07,313.41,117.2,1285.57,79.14,47.44,48.48,154.93,94.28
2021-09-07,769.4,325.45,173.06,1235.09,75.23,62.04,109.68,330.47,170.22
2021-09-08,614.5,470.37,140.51,1395.25,76.77,76.43,81.25,159.36,86.93
2021-09-09,914.39,791.59,191.02,2380.91,139.43,155.03,87.0,413.45,176.64
2021-09-10,714.55,787.21,240.03,2557.57,188.71,175.08,114.42,493.96,204.28
2021-09-11,454.61,467.41,183.78,2028.25,115.65,126.28,83.04,338.74,157.07
2021-09-12,371.47,612.69,160.51,1780.75,100.32,67.78,60.0,326.77,115.59
2021-09-13,525.66,331.99,126.48,1085.09,66.93,72.34,86.05,208.27,122.78
2021-09-14,667.26,461.71,170.4,1675.39,109.42,152.76,82.61,313.89,146.67
2021-09-15,704.33,661.5,236.75,2153.86,141.67,156.15,91.6,540.37,190.71
2021-09-16,591.37,472.99,228.47,1869.53,125.42,113.49,89.41,456.36,233.69
2021-09-17,476.92,846.02,346.11,1741.42,129.03,127.68,104.97,557.03,173.14
2021-09-18,303.96,512.69,184.6,1647.11,95.58,127.66,75.36,291.74,135.45
2021-09-19,229.33,362.32,123.05,1224.98,68.16,89.14,51.84,270.1,71.28
2021-09-20,417.55,257.71,85.34,850.07,66.21,63.73,45.4,227.56,113.04
2021-09-21,411.86,443.12,184.08,1196.96,69.79,69.68,93.02,239.62,86.01
2021-09-22,573.43,606.42,252.55,1870.6,90.87,96.27,81.39,369.58,128.22
2021-09-23,466.04,517.16,186.4,1718.64,109.03,104.92,75.14,304.39,152.58
2021-09-24,458.58,477.2,157.72,1523.53,68.6,96.13,79.09,395.78,134.05
2021-09-25,295.67,508.96,187.34,1262.98,80.64,93.81,70.56,275.1,96.65
2021-09-26,112.21,268.18,113.55,737.34,52.89,37.68,45.12,181.86,68.65
2021-09-27,296.92,268.32,93.4,837.66,31.39,46.19,53.8,222.99,82.21
2021-09-28,440.88,386.06,148.69,1072.7,60.8,71.81,69.66,224.65,118.44
2021-09-29,425.77,520.74,215.84,1234.8,56.59,58.1,72.92,357.85,130.93
2021-09-30,378.01,597.47,149.75,1616.25,82.93,104.56,73.98,330.99,115.95
2021-10-01,468.33,491.11,171.94,1378.87,95.06,74.04,75.54,380.82,127.08
2021-10-02,262.64,402.47,121.03,1092.18,46.43,84.03,55.68,245.96,50.37
2021-10-03,142.41,332.09,117.68,916.24,42.96,52.39,48.96,200.97,47.17
2021-10-04,245.86,267.18,108.91,906.31,75.58,54.92,62.66,193.99,49.77
2021-10-05,376.88,348.71,150.3,913.47,59.86,51.65,62.9,202.06,70.54
2021-10-06,399.57,546.23,185.53,1060.22,60.12,73.71,60.87,328.84,69.81
2021-10-07,348.27,316.66,136.65,989.68,61.39,79.15,62.74,281.49,49.9
2021-10-08,481.15,685.79,173.23,1426.56,97.4,88.77,71.16,475.23,162.39
2021-10-09,254.5,360.21,148.37,1021.78,78.62,81.47,53.28,239.41,42.1
2021-10-10,111.52,289.38,61.05,563.33,42.97,37.13,29.76,131.53,33.08
2021-10-11,62.86,154.93,66.71,497.76,54.42,23.32,34.56,162.42,36.33
2021-10-12,267.04,373.99,135.5,714.52,41.17,41.27,64.88,155.05,55.34
2021-10-13,468.22,592.93,183.44,1124.81,67.93,62.89,84.39,332.1,52.86
2021-10-14,378.67,571.26,130.61,1035.37,100.38,65.41,60.84,253.2,103.45
2021-10-15,228.62,497.58,159.34,989.99,83.41,37.45,56.15,314.17,79.28
2021-10-16,166.08,340.92,114.67,802.38,56.53,69.92,40.8,236.22,54.1
2021-10-17,75.24,229.52,72.29,524.58,46.87,22.72,27.84,141.27,17.39
2021-10-18,131.93,152.93,50.05,316.54,44.94,12.51,37.61,109.4,28.05
2021-10-19,151.42,298.74,119.54,696.22,50.93,43.3,52.04,163.8,50.59
2021-10-20,271.16,410.23,112.89,817.15,57.3,46.27,52.57,235.28,37.99
2021-10-21,258.82,367.39,131.5,932.24,71.35,42.4,62.58,242.52,90.47
2021-10-22,192.5,415.96,144.95,709.4,61.05,49.28,58.8,299.65,55.14
2021-10-23,80.55,307.39,108.4,696.15,81.33,34.8,48.0,162.93,52.95
2021-10-24,67.03,234.16,69.18,479.64,29.31,34.03,30.72,112.12,24.63
2021-10-25,106.97,170.85,69.98,403.17,46.98,35.33,42.44,138.68,20.24
2021-10-26,129.83,309.13,117.92,611.18,36.25,18.67,60.1,193.61,54.11
2021-10-27,183.91,449.85,141.31,770.71,59.12,54.95,48.84,282.52,37.98
2021-10-28,147.79,424.14,127.47,837.05,80.85,52.59,53.51,249.48,58.97
2021-10-29,176.4,428.1,143.47,757.01,78.12,43.21,60.7,321.36,42.86
2021-10-30,77.57,333.55,137.25,690.27,83.47,42.36,52.8,236.44,46.81
2021-10-31,54.91,211.09,103.04,508.81,59.4,23.61,41.76,173.27,27.38
2021-11-01,81.34,264.21,80.57,440.18,52.33,18.18,54.12,154.32,30.61
2021-11-02,160.58,303.26,122.76,558.63,71.39,19.53,56.39,204.53,45.72
2021-11-03,162.18,525.25,130.5,821.24,58.16,51.56,42.98,311.5,48.37
2021-11-04,186.78,471.99,141.81,835.24,64.05,48.13,74.39,254.14,81.7
2021-11-05,199.79,512.29,162.52,900.68,81.26,51.65,68.66,424.56,80.81
2021-11-06,132.34,396.08,153.86,931.59,80.69,60.06,46.56,309.52,55.33
2021-11-07,77.65,380.69,93.62,608.7,57.78,31.61,41.28,216.43,19.69
2021-11-08,107.91,315.21,91.21,420.43,52.79,23.01,51.73,190.26,33.39
2021-11-09,183.68,441.24,143.52,903.01,69.24,43.76,67.91,210.36,80.74
2021-11-10,204.33,674.52,198.96,1125.97,86.94,75.34,77.06,400.68,86.49
2021-11-11,179.36,621.44,173.29,1177.9,108.56,71.01,64.8,386.84,69.4
2021-11-12,231.48,643.57,246.16,1044.62,138.91,52.76,96.85,483.15,65.08
2021-11-13,188.24,680.52,184.37,1166.06,114.61,83.39,80.64,384.15,24.36
2021-11-14,98.69,408.57,116.21,774.16,76.94,61.58,45.12,245.07,18.14
2021-11-15,142.69,361.69,128.23,486.62,84.94,39.73,71.59,250.91,30.16
2021-11-16,227.99,601.56,213.26,1193.36,99.33,64.36,86.75,295.61,66.28
2021-11-17,252.85,826.64,212.5,1440.73,105.41,86.44,85.78,496.05,67.41
2021-11-18,297.59,1036.58,248.82,1408.97,143.67,96.0,109.37,516.12,66.17
2021-11-19,257.49,739.82,253.27,1534.28,132.87,74.26,110.54,598.93,130.38
2021-11-20,24.12,100.04,0.0,0.96,0.0,1.26,0.0,0.0,0.0
2021-11-21,14.41,43.93,0.0,0.32,0.0,0.28,0.0,0.0,0.0
2021-11-22,505.19,1503.86,541.71,3228.69,355.21,199.6,247.6,1024.31,156.86
2021-11-23,310.99,583.31,220.75,1368.76,107.78,68.83,118.14,335.47,81.03
2021-11-24,312.99,957.2,293.09,1515.9,121.06,97.38,101.81,609.65,58.26
2021-11-25,31.86,0.0,0.0,0.0,0.0,0.0,0.0,0.0,0.0
2021-11-26,6.1,127.03,0.0,1.28,0.0,1.19,0.0,0.0,0.0
2021-11-27,8.2,57.69,0.0,0.48,0.0,0.21,0.0,0.0,0.0
2021-11-28,6.45,34.25,0.0,0.64,0.0,0.42,0.0,0.0,0.0
2021-11-29,942.64,2420.28,944.37,5136.78,523.7,302.08,416.48,1573.37,260.66
2021-11-30,449.28,679.6,343.04,1683.7,136.69,89.69,134.32,455.76,126.63
2021-12-01,475.09,1207.62,468.87,2413.72,222.6,153.74,188.62,799.76,116.88
2021-12-02,461.11,1041.91,446.67,2262.95,252.63,157.95,182.92,695.25,110.29
2021-12-03,526.35,913.55,352.25,2353.91,225.83,147.89,173.17,875.45,136.32
2021-12-04,47.52,96.96,0.0,2.88,0.0,1.96,0.0,0.0,0.0
2021-12-05,44.89,31.52,0.0,1.92,0.0,0.56,0.0,0.0,0.0
2021-12-06,861.49,1858.98,931.85,5244.85,596.73,354.76,423.03,1476.15,277.4
2021-12-07,428.25,789.9,383.97,1650.51,137.31,83.31,189.86,474.23,104.68
2021-12-08,555.53,1010.51,361.1,2060.14,239.11,168.19,145.44,659.31,143.06
2021-12-09,467.22,942.41,380.13,2293.67,199.64,155.4,183.45,670.36,132.71
2021-12-10,635.36,796.43,445.28,2170.08,231.36,116.59,182.88,626.97,88.21
2021-12-11,40.76,62.94,0.0,2.88,0.0,3.22,0.0,0.0,0.0
2021-12-12,8.58,39.1,0.0,1.04,0.0,0.35,0.0,0.0,0.0
2021-12-13,1031.66,1613.46,787.87,4950.82,541.82,302.27,417.79,1227.4,294.99
2021-12-14,529.53,552.07,371.26,1739.43,140.75,65.37,175.2,445.99,87.58
2021-12-15,492.67,834.09,369.67,1892.2,152.71,120.0,161.93,624.63,84.16
2021-12-16,473.22,869.87,373.57,2325.19,237.94,156.68,225.47,592.32,167.42
2021-12-17,452.91,638.83,422.77,2414.59,233.28,84.94,250.33,638.7,98.61
2021-12-18,69.08,55.76,0.0,1.36,0.0,3.5,0.0,0.0,0.0
2021-12-19,27.73,31.56,0.0,1.76,0.0,1.12,0.0,0.0,0.0
2021-12-20,762.98,1341.38,1042.24,4841.61,436.95,232.36,635.88,1123.62,307.11
2021-12-21,417.51,514.44,383.53,1657.4,165.62,74.48,265.74,309.8,89.68
2021-12-22,499.63,639.64,443.19,2143.11,173.31,105.99,317.16,502.51,82.78
2021-12-23,111.48,67.66,0.0,2.96,0.0,2.38,98.84,0.0,3.99
2021-12-24,0.0,60.28,0.0,2.8,0.0,2.1,0.0,0.0,0.0
2021-12-25,0.0,0.0,0.0,0.0,0.0,0.0,0.0,0.0,0.0
2021-12-26,0.0,53.53,0.0,2.08,0.0,2.31,0.0,0.0,0.0
2021-12-27,1459.53,1995.16,2623.02,9153.1,771.44,300.67,1767.42,1617.67,540.79
2021-12-28,535.57,583.65,575.21,2683.58,266.05,124.28,416.99,427.0,98.56
2021-12-29,719.27,868.48,764.9,3734.13,234.3,90.93,459.1,815.39,137.56
2021-12-30,825.03,1121.71,1213.11,5935.99,467.29,185.51,835.39,891.19,270.68
2021-12-31,0.0,80.6,0.0,3.68,0.0,3.78,0.0,0.0,0.0
2022-01-01,0.0,13.0,0.0,0.0,0.0,0.0,0.0,0.0,0.0
2022-01-02,0.0,95.89,0.0,5.28,0.0,3.5,0.0,0.0,0.0
2022-01-03,2276.39,2716.54,3630.56,15777.05,1143.47,384.19,2304.09,2375.66,837.85
2022-01-04,857.35,942.77,897.72,3908.4,356.59,107.93,490.64,851.26,181.37
2022-01-05,1502.38,2065.82,936.91,5711.65,504.33,212.54,503.15,1223.32,416.39
2022-01-06,1503.32,1866.83,1077.83,7343.36,576.14,257.6,661.01,1155.98,481.84
2022-01-07,1519.05,1805.28,1310.02,7211.85,585.63,253.51,727.86,1247.39,352.8
2022-01-08,0.0,119.6,0.0,2.64,0.0,2.87,0.0,0.0,0.0
2022-01-09,0.0,99.33,0.0,3.2,0.0,3.92,0.0,0.0,0.0
2022-01-10,3586.88,4087.49,2616.07,18565.41,1701.35,514.27,1513.32,3137.45,1103.29
2022-01-11,1626.93,1568.82,648.99,5842.23,561.22,193.76,384.47,903.46,356.82
2022-01-12,2323.28,2223.26,784.25,7186.68,606.35,240.28,464.15,1336.8,286.78
2022-01-13,2227.43,2166.01,822.1,7678.1,972.35,335.51,449.29,1306.54,518.2
2022-01-14,2452.32,2430.51,765.62,7377.0,767.19,248.71,416.52,1359.11,454.08
2022-01-15,0.0,443.61,0.0,12.32,0.0,22.47,0.0,0.0,0.0
2022-01-16,0.0,169.32,0.0,7.68,0.0,7.21,0.0,0.0,0.0
2022-01-17,3819.4,4476.52,1750.67,18024.1,1599.72,573.16,778.08,2560.08,733.13
2022-01-18,3738.65,1416.91,561.31,5582.44,559.59,263.98,497.21,885.97,520.88
2022-01-19,2885.97,2588.47,693.55,7015.18,786.08,394.41,328.07,1970.08,417.21
2022-01-20,2815.55,2569.17,596.74,7146.77,738.54,314.03,287.77,1420.8,613.05
2022-01-21,2718.56,2346.28,600.33,7905.49,815.91,414.14,337.13,1852.03,574.03
2022-01-22,0.0,207.76,0.0,5.28,0.0,5.81,0.0,0.0,0.0
2022-01-23,0.0,102.53,0.0,3.84,0.0,6.09,0.0,0.0,0.0
2022-01-24,5434.94,3649.91,1306.92,17017.5,1693.58,873.84,721.75,2904.22,819.31
2022-01-25,2183.09,1337.61,260.63,4029.12,508.28,163.74,110.85,736.35,483.5
2022-01-26,1542.35,742.47,154.62,2353.57,174.95,141.79,70.31,588.29,155.88
2022-01-27,2538.88,1941.69,341.74,4956.86,621.62,259.34,162.3,776.3,341.07
2022-01-28,2646.16,1991.29,638.29,7506.9,556.21,404.8,229.01,1584.75,634.02
2022-01-29,0.0,133.36,0.0,4.72,0.0,4.06,0.0,0.0,0.0
2022-01-30,0.0,62.46,0.0,2.24,0.0,3.29,0.0,0.0,0.0
2022-01-31,3635.53,2230.02,657.07,8954.97,914.18,555.63,288.14,1447.1,669.08
2022-02-01,1137.9,704.09,270.96,2288.33,214.28,114.21,106.35,458.27,204.43
2022-02-02,1330.12,954.27,314.59,2833.21,267.96,178.23,111.45,659.88,222.0
2022-02-03,1040.51,668.17,265.44,2874.12,260.31,145.98,79.68,470.32,154.91
2022-02-04,1045.45,464.97,127.41,1958.26,106.02,118.64,94.1,301.36,174.94
2022-02-05,0.0,46.83,0.0,2.24,0.0,1.19,0.0,0.0,0.0
2022-02-06,0.0,22.66,0.0,1.04,0.0,0.56,0.0,0.0,0.0
2022-02-07,952.62,642.13,255.98,2133.76,163.51,123.44,141.31,517.71,152.72
2022-02-08,545.89,407.69,190.74,1321.14,145.76,102.3,62.24,209.38,110.01
2022-02-09,204.59,76.07,8.45,3.2,0.0,2.38,10.25,71.25,21.28
2022-02-10,911.18,769.24,389.12,2671.49,233.3,185.03,103.74,424.28,200.27
2022-02-11,333.18,297.28,174.9,1341.26,104.1,76.7,41.76,237.06,75.98
2022-02-12,0.0,18.41,0.0,0.0,0.0,0.63,0.0,0.0,0.0
2022-02-13,0.0,15.25,0.0,0.32,0.0,0.28,0.0,0.0,0.0
2022-02-14,1093.12,365.92,180.02,1851.74,184.41,123.9,104.1,308.04,146.69
2022-02-15,272.92,176.02,95.65,605.72,70.87,40.97,22.39,120.57,70.66
2022-02-16,288.85,188.48,75.94,607.24,58.39,45.61,26.84,128.6,46.05
2022-02-17,279.11,150.92,66.47,615.32,73.13,32.43,31.33,106.99,53.5
2022-02-18,331.73,190.92,85.75,632.4,63.59,65.71,34.53,138.33,39.94
2022-02-19,0.0,52.85,0.0,0.8,0.0,0.28,0.0,0.0,0.0
2022-02-20,0.0,5.39,0.0,0.16,0.0,0.56,0.0,0.0,0.0
2022-02-21,383.42,207.4,127.86,1273.5,107.42,50.41,51.84,158.1,69.57
2022-02-22,244.66,173.83,33.83,348.64,45.11,30.19,36.57,60.25,48.02
2022-02-23,179.82,128.12,42.83,396.51,43.75,39.63,21.24,88.92,29.77
2022-02-24,147.44,126.8,49.33,411.14,52.24,32.06,21.94,68.08,30.76
2022-02-25,148.22,97.77,36.7,302.64,44.78,36.2,19.18,68.52,20.31
2022-02-26,0.0,16.74,0.0,0.48,0.0,0.42,0.0,0.0,0.0
2022-02-27,0.0,11.3,0.0,0.16,0.0,0.21,0.0,0.0,0.0
2022-02-28,219.52,111.56,100.67,553.08,80.39,41.66,57.3,117.31,33.34
2022-03-01,119.62,79.38,38.19,225.14,33.21,20.7,20.97,33.83,11.31
2022-03-02,93.03,79.4,31.71,175.28,10.5,17.8,18.18,48.42,8.67
2022-03-03,91.94,57.8,39.48,193.32,18.43,25.04,15.74,40.13,27.07
2022-03-04,91.05,50.4,50.21,207.47,29.27,17.66,27.77,49.6,11.22
2022-03-05,0.0,8.58,0.0,0.24,0.0,0.07,0.0,0.0,0.0
2022-03-06,0.0,1.08,0.0,0.08,0.0,0.0,0.0,0.0,0.0
2022-03-07,100.64,73.64,117.31,961.46,34.66,25.73,45.52,65.76,16.06
2022-03-08,41.47,42.48,47.14,151.44,16.63,12.48,12.54,28.69,19.82
2022-03-09,30.54,31.71,51.4,213.75,19.88,22.26,17.66,48.8,9.35
2022-03-10,66.91,60.2,19.62,157.76,21.98,9.24,15.65,31.6,11.99
2022-03-11,29.4,24.2,28.69,138.94,12.26,8.72,20.67,33.54,3.49
2022-03-12,0.0,4.16,0.0,0.0,0.0,0.07,0.0,0.0,0.0
2022-03-13,0.0,4.99,0.0,0.08,0.0,0.0,0.0,0.0,0.0
2022-03-14,62.72,54.8,76.83,252.52,18.7,11.41,31.05,59.54,16.17
2022-03-15,23.36,51.94,53.29,108.35,16.94,12.84,17.34,25.59,5.42
2022-03-16,38.76,26.27,52.48,116.12,10.3,16.56,17.53,50.06,2.67
2022-03-17,105.03,25.09,42.52,157.48,15.74,4.68,18.28,13.68,10.01
2022-03-18,24.31,25.56,30.4,346.27,14.85,10.56,18.43,44.69,5.96
2022-03-19,0.0,0.0,0.0,0.0,0.0,0.0,0.0,0.0,0.0
2022-03-20,0.0,0.0,0.0,0.0,0.0,0.0,0.0,0.0,0.0
2022-03-21,89.71,42.92,48.69,152.13,17.93,11.07,29.96,43.91,2.48
2022-03-22,41.07,22.47,25.26,82.34,17.06,7.36,20.73,30.4,9.85
2022-03-23,38.47,33.99,44.13,113.19,23.89,3.32,22.41,22.93,2.62
2022-03-24,29.59,36.73,50.4,94.45,23.25,0.87,21.26,34.22,9.23
2022-03-25,20.71,21.91,21.05,99.58,14.45,4.26,14.33,23.42,8.19
2022-03-26,0.0,0.0,0.0,0.0,0.0,0.0,0.0,0.0,0.0
2022-03-27,0.0,0.0,0.0,0.0,0.0,0.0,0.0,0.0,0.0
2022-03-28,58.19,39.53,32.02,194.16,40.55,11.13,30.7,42.35,3.82
2022-03-29,19.24,21.56,42.65,84.19,24.21,3.33,24.85,22.85,7.67
2022-03-30,9.15,0.0,1.1,0.0,0.0,0.0,5.44,8.4,0.7
2022-03-31,6.39,20.35,0.0,0.32,0.0,0.42,7.86,0.0,1.47
2022-04-01,46.05,55.03,75.03,282.26,46.8,12.43,38.81,70.79,9.04
2022-04-02,0.0,0.0,0.0,0.0,0.0,0.0,0.0,0.0,0.0
2022-04-03,0.0,0.0,0.0,0.0,0.0,0.0,0.0,0.0,0.0
2022-04-04,47.39,36.38,46.71,161.61,37.97,18.21,31.1,44.78,6.22
2022-04-05,4.44,0.0,0.0,0.0,0.0,0.0,8.99,0.0,0.12
2022-04-06,25.1,25.16,41.79,162.66,38.11,12.4,35.21,47.73,2.3
2022-04-07,6.16,11.24,0.0,0.32,0.0,0.35,8.03,0.0,0.15
2022-04-08,21.67,48.42,54.16,182.78,42.86,13.34,35.75,34.39,12.63
2022-04-09,0.0,0.0,0.0,0.0,0.0,0.0,0.0,0.0,0.0
2022-04-10,0.0,0.0,0.0,0.0,0.0,0.0,0.0,0.0,0.0
2022-04-11,76.68,40.67,33.9,174.27,38.49,2.76,35.1,43.68,3.11
2022-04-12,3.15,0.0,0.0,0.0,0.0,0.0,7.38,0.0,0.45
2022-04-13,22.41,55.29,68.0,174.69,43.52,7.8,31.62,89.97,3.22
2022-04-14,7.13,18.93,0.0,0.16,0.0,0.7,16.67,0.0,1.48
2022-04-15,9.09,0.0,0.0,0.0,0.0,0.0,10.66,0.0,0.9
2022-04-16,0.0,0.0,0.0,0.0,0.0,0.0,0.0,0.0,0.0
2022-04-17,0.0,0.0,0.0,0.0,0.0,0.0,0.0,0.0,0.0
2022-04-18,110.61,105.13,171.47,567.7,137.41,17.55,108.58,140.92,20.04
2022-04-19,5.99,0.0,0.0,0.0,0.0,0.0,10.2,0.0,0.12
2022-04-20,40.21,70.16,110.55,280.74,82.45,14.99,59.13,107.55,21.23
2022-04-21,9.88,24.87,0.0,0.32,0.0,0.49,16.49,0.0,0.72
2022-04-22,67.43,62.94,146.38,370.72,122.72,6.56,73.07,114.5,15.34
2022-04-23,0.0,0.0,0.0,0.0,0.0,0.0,0.0,0.0,0.0
2022-04-24,0.0,0.0,0.0,0.0,0.0,0.0,0.0,0.0,0.0
2022-04-25,116.96,94.33,227.73,1328.15,275.05,26.36,143.93,211.32,17.83
2022-04-26,3.15,0.0,0.0,0.0,0.0,0.0,9.51,0.0,3.49
2022-04-27,83.07,130.93,210.87,593.26,165.08,18.77,124.84,171.75,27.56
2022-04-28,16.97,35.37,0.0,1.04,0.0,1.19,21.34,0.0,2.62
2022-04-29,76.39,76.54,162.87,637.53,153.6,46.92,101.28,148.32,36.93
2022-04-30,0.0,0.0,0.0,0.0,0.0,0.0,0.0,0.0,0.0
2022-05-01,0.0,0.0,0.0,0.0,0.0,0.0,0.0,0.0,0.0
2022-05-02,128.55,117.17,152.15,510.81,144.1,21.65,108.45,112.95,6.31
2022-05-03,11.4,0.0,0.0,0.0,0.0,0.0,16.04,0.0,0.92
2022-05-04,126.35,103.95,254.29,725.73,171.78,35.15,133.64,204.08,38.69
2022-05-05,12.24,71.13,0.0,0.32,0.0,1.19,18.57,0.0,1.73
2022-05-06,85.48,130.44,226.22,698.46,163.33,17.85,139.8,147.74,17.32
2022-05-07,0.0,0.0,0.0,0.0,0.0,0.0,0.0,0.0,0.0
2022-05-08,0.0,0.0,0.0,0.0,0.0,0.0,0.0,0.0,0.0
2022-05-09,209.26,202.79,258.37,958.18,184.08,45.11,195.52,187.15,29.38
2022-05-10,19.05,0.0,0.0,0.0,0.0,0.0,21.4,0.0,4.1
2022-05-11,143.18,139.07,297.69,689.35,135.57,23.24,162.08,252.66,53.27
2022-05-12,18.96,91.25,0.0,1.44,0.0,1.4,25.32,0.0,3.09
2022-05-13,163.84,208.8,319.93,1112.96,142.67,51.21,177.3,250.35,50.12
2022-05-14,0.0,0.0,0.0,0.0,0.0,0.0,0.0,0.0,0.0
2022-05-15,0.0,0.0,0.0,0.0,0.0,0.0,0.0,0.0,0.0
2022-05-16,230.61,246.98,290.82,1077.3,145.11,40.27,218.06,213.14,63.07
2022-05-17,24.92,0.0,0.0,0.0,0.0,0.0,21.87,0.0,5.6
2022-05-18,129.48,241.86,271.94,885.57,107.95,34.51,135.92,269.98,53.67
2022-05-19,18.96,128.58,0.0,1.68,0.0,1.89,36.25,0.0,2.72
2022-05-20,205.19,248.21,388.96,1627.55,175.3,88.71,198.34,300.69,56.13
2022-05-21,0.0,0.0,0.0,0.0,0.0,0.0,0.0,0.0,0.0
2022-05-22,0.0,0.0,0.0,0.0,0.0,0.0,0.0,0.0,0.0
2022-05-23,220.53,296.32,263.25,1386.32,156.89,48.23,181.58,235.52,47.06
2022-05-24,18.33,0.0,0.0,0.0,0.0,0.0,16.08,0.0,4.11
2022-05-25,208.48,237.77,403.93,1311.91,137.06,53.59,198.66,320.54,56.39
2022-05-26,20.68,106.37,0.0,2.16,0.0,1.33,29.0,0.0,2.72
2022-05-27,200.51,237.05,310.46,1288.33,146.09,56.42,163.93,266.4,109.42
2022-05-28,0.0,0.0,0.0,0.0,0.0,0.0,0.0,0.0,0.0
2022-05-29,0.0,0.0,0.0,0.0,0.0,0.0,0.0,0.0,0.0
2022-05-30,0.0,0.0,0.0,0.0,0.0,0.0,0.0,0.0,0.0
2022-05-31,129.08,0.0,0.0,0.0,0.0,0.0,69.2,0.0,4.32
2022-06-01,393.38,408.46,529.61,2189.77,268.24,82.65,254.34,428.41,88.92
2022-06-02,40.45,123.62,0.0,2.16,0.0,3.64,25.35,0.0,8.49
2022-06-03,290.17,269.26,318.9,1433.27,171.32,61.86,172.24,269.7,75.17
2022-06-04,0.0,0.0,0.0,0.0,0.0,0.0,0.0,0.0,0.0
2022-06-05,0.0,0.0,0.0,0.0,0.0,0.0,0.0,0.0,0.0
2022-06-06,379.49,303.48,358.68,1369.68,178.01,76.34,221.51,368.45,40.44
2022-06-07,33.99,0.0,0.0,0.0,0.0,0.0,18.28,0.0,6.46
2022-06-08,253.8,205.59,324.83,1247.47,107.68,73.49,150.6,301.74,107.73
2022-06-09,51.15,132.56,0.0,4.24,0.0,3.29,16.1,0.0,1.84
2022-06-10,238.69,177.13,232.54,1076.86,102.31,52.14,129.68,184.98,60.06
2022-06-11,0.0,0.0,0.0,0.0,0.0,0.0,0.0,0.0,0.0
2022-06-12,0.0,0.0,0.0,0.0,0.0,0.0,0.0,0.0,0.0
2022-06-13,421.62,335.89,320.54,1571.56,133.65,79.89,187.1,346.31,73.62
2022-06-14,45.09,0.0,0.0,0.0,0.0,0.0,13.63,0.0,3.21
2022-06-15,255.53,162.82,227.47,915.02,51.17,48.2,125.42,270.6,63.21
2022-06-16,50.57,148.55,0.0,4.88,0.0,3.29,20.42,0.0,2.0
2022-06-17,276.43,184.09,261.67,1277.09,122.41,65.79,132.3,213.63,75.32
2022-06-18,0.0,0.0,0.0,0.0,0.0,0.0,0.0,0.0,0.0
2022-06-19,0.0,0.0,0.0,0.0,0.0,0.0,0.0,0.0,0.0
2022-06-20,356.01,325.63,226.96,1289.11,80.03,46.14,102.72,202.77,36.43
2022-06-21,108.62,0.0,0.0,0.0,0.0,0.0,52.39,0.0,3.58
