time_value,023,025,033,043,056,058,065,069,073,077,079,080,081,082,085,086,089,091,096
2020-08-01,1.2156058,1.8510694,2.192574,1.1961367,1.0662444,0.9700865,0.0,1.4994101,0.0,0.800515,0.7261605,0.0354217,0.6368152,1.0064031,0.0,0.0,0.0,1.4386813,1.3731842
2020-08-02,0.7505714,0.7962238,0.4142529,1.0740975,0.8006363,1.772796,0.1011642,0.9686972,0.0,0.0474606,0.2571751,0.662095,0.3129831,0.5724749,0.0,0.0,0.7835076,0.4602568,0.1844694
2020-08-03,0.0511219,1.2982695,0.6238998,1.5967841,0.8314403,1.7326327,0.6053819,1.2923666,0.2976573,0.6876251,0.4372292,0.4842289,1.1428511,0.3655827,0.166247,0.0,1.0904035,3.3714899,1.6463016
2020-08-04,1.1956812,2.8025022,0.0,0.1744535,0.7573789,1.0110884,0.3551283,0.0,0.0,0.1011388,0.1197149,0.3974937,0.2936797,0.5371023,0.6767191,0.0,0.8650609,1.2586522,0.6778855
2020-08-05,0.1446114,1.0379257,0.0,0.3737978,0.4474538,0.4574136,0.7030424,0.7687883,0.0,0.3387058,0.8889014,1.0231512,1.5442314,0.4229998,0.0,0.0,0.0,0.9679544,0.8449071
2020-08-06,0.3116526,0.097222,0.2523051,0.7507069,1.0385855,0.6365254,0.0,0.0,0.0,1.0612252,1.1726442,0.5152194,0.1094913,0.0,0.0599062,0.0,0.0,0.0,1.9330233
2020-08-07,0.4858889,1.1463583,1.4793522,1.7554851,1.0816441,0.7919305,0.0,1.4706132,0.0,0.162793,1.0536565,0.3535756,1.2797258,0.0,0.0,0.0,0.3892819,1.6533512,0.3580174
2020-08-08,0.2949506,1.7634687,0.9214004,0.3685363,1.3941663,2.1450269,0.3504701,0.0,0.0,0.2616257,0.4303352,0.176076,0.5789733,0.2517041,0.9364109,0.0,0.6679013,0.8741249,0.1095688
2020-08-09,0.254229,1.6412547,0.3377166,0.7926919,0.6906073,0.3742951,0.3934231,0.75,0.0,0.3286915,0.4671848,0.5219289,0.625105,0.5308681,0.0,0.0,0.5535384,1.5206762,0.9006884
2020-08-10,0.2352673,0.0,0.0,1.4137932,1.260584,0.8774977,0.134933,0.0,0.0,0.0997995,1.2226291,0.4125982,0.0,0.8802192,0.0,0.0,0.0,0.0,0.5240033
2020-08-11,0.2395868,0.1998056,1.1779654,3.3303207,1.0462784,0.9384927,0.5403957,0.0,0.0,1.0161248,1.0617274,1.6193341,0.1003072,0.0,0.0,0.0,0.4605543,0.7925696,0.3543968
2020-08-12,0.4216942,0.8134672,0.1495733,0.2539947,0.6715449,1.2309415,0.5180432,0.0,0.0,0.2646961,1.1009395,0.5177612,0.1984599,0.0,1.3617326,0.0,0.0,0.0,0.5587734
2020-08-13,0.3388445,0.9238905,0.0,1.4021556,0.8144524,2.8390235,0.6564363,0.0,0.0,0.4905734,0.1579739,0.2901866,0.2210263,0.0,0.0,0.0,0.0,0.0,0.4515339
2020-08-14,0.8795358,1.5032536,0.8796364,0.4612585,0.9683544,0.9143308,0.0,0.0,0.0,0.0355091,1.190883,1.2662935,0.0,0.0,0.0,0.0,0.0,2.0419209,0.0
2020-08-15,0.5050507,0.8476657,0.2470524,0.7084136,1.0946738,1.4314008,1.0840148,0.0,0.0,0.1645577,0.2442423,0.514205,0.9699821,0.5411141,0.0,0.0,0.611779,0.8456558,0.0
2020-08-16,0.294757,0.8085041,0.9291695,0.5385901,0.8420577,1.9180347,0.0,0.0,0.0,1.5922943,0.1394682,0.0,0.7727231,0.0,1.5599269,0.0,0.0,0.0,0.0
2020-08-17,0.473541,0.4768542,0.7040316,1.5795949,0.7270293,0.5531436,0.7046517,0.0,0.0,0.4070404,1.0113817,0.0763886,1.1074639,0.3726898,0.0,0.0,0.0,0.0,0.0
2020-08-18,0.4281428,0.3282361,0.4215557,1.3200735,0.9332015,0.9874239,0.0,0.0,0.0,0.2407698,0.1931359,0.0,0.223448,0.0948386,0.0,0.0,0.0,0.0,0.2677672
2020-08-19,0.0914223,0.7043093,0.7939423,1.1875673,0.7399025,0.0,0.4774944,0.0,0.0,0.2851709,0.5529649,0.5383851,0.3878838,0.7025696,0.0,0.0,0.0,0.0,0.0
2020-08-20,0.0,1.4074709,0.142087,1.3462526,0.8208215,2.0160894,0.2360982,0.0,0.0,0.2030475,1.0138849,0.9975121,0.5839553,0.0,0.2245454,0.0,0.0,0.4799898,0.0
2020-08-21,0.5234538,0.4782208,0.144232,0.8022337,0.6007669,1.8886555,0.2904757,0.0,0.0,0.4143404,0.5700273,0.1061535,0.4673389,0.4078144,0.0,0.0,0.0,0.0,0.0
2020-08-22,0.5981767,0.0,0.3606245,1.1960667,1.0330545,1.3298104,0.0,0.0,0.0,0.1581163,0.4119581,0.4050267,0.4875389,0.0944887,0.3059568,0.0,0.0,0.0,0.0
2020-08-23,0.551511,1.0214303,0.1905759,0.5431022,0.4954027,0.9901574,0.0,0.0,0.0,0.0,0.5002616,0.9754999,0.0,0.141374,0.0,0.0,0.0,0.0,0.0
2020-08-24,1.1121104,0.8204918,0.0,0.6592203,0.5365589,0.9455691,0.9084386,0.0,0.0,0.3189403,1.982375,0.5492303,0.0,0.0,0.0,0.0,0.0,0.0,1.876811
2020-08-25,0.0,0.0,0.894013,1.6977259,1.2852297,1.5389005,0.3166939,0.0,0.0,0.0,0.4141966,0.6333782,0.2904202,0.0980071,0.0,0.0,0.0,0.0,0.0
2020-08-26,1.032236,0.7639871,1.4267807,1.8856903,1.3847383,1.0323826,0.6468802,0.0,0.0,1.8552036,1.2130996,1.2380342,0.2520906,1.24349,0.0,0.0,0.0,0.0,0.0
2020-08-27,0.1023915,0.9082877,0.0,0.8534065,0.254753,0.6870135,0.0,0.0,0.0,0.0,0.0,0.2203572,0.6010901,0.718523,0.0,0.0,0.0,0.0,0.0
2020-08-28,0.0,0.8783586,0.8148832,0.5462885,0.7975162,0.0,0.0,0.0,0.0,0.0,0.5602294,0.1105892,0.0,0.0,0.0,0.0,0.0,0.0,0.0
2020-08-29,0.0,0.0,0.3316544,0.4314949,1.4326661,0.0,0.9306414,0.0,0.0,0.7151461,0.8213609,0.360837,0.0,0.0,0.0,0.0,0.0,0.0,0.0
2020-08-30,0.0,1.2953693,0.8907566,1.6498815,0.4698822,0.9635913,0.0,0.0,0.0,0.4504,0.4251566,0.5606935,0.6678247,0.4917529,0.0,0.0,0.0,0.0,0.0
2020-08-31,0.356896,2.307109,0.6816744,1.8322203,0.5221496,0.0,0.9489184,0.0,0.0,0.3613218,0.8282441,0.33953,0.9198906,0.0,0.0,0.0,0.0,0.0,0.0
2020-09-01,0.2180657,0.8410268,0.370403,1.3588291,0.7949933,0.9129941,0.0,0.0,0.0,0.0,0.7306033,0.2430076,0.6558167,0.1621807,0.4464526,0.0,0.0,0.0,0.0
2020-09-02,0.7679388,2.1791395,0.3357186,0.0,0.5931128,1.3044807,0.1119867,0.0,0.0,0.9367606,0.4756119,0.2184435,0.1690349,0.6024611,0.0,0.0,0.0,0.0,0.0
2020-09-03,0.2723801,0.9931451,0.0,0.0,0.3803301,0.0,0.8946722,0.0,0.0,0.0,0.4987183,0.0,0.4139047,0.752512,0.0,0.0,0.0,0.0,0.0
2020-09-04,0.8495908,0.0,0.1400063,0.9744972,0.0790963,0.0,0.2778628,0.0,0.0,0.0564076,1.2824571,0.0,0.5906522,0.0725613,0.0,0.0,0.0,0.0,0.0
2020-09-05,0.0,1.0,0.0,0.0,1.1138084,0.0,0.2740485,0.0,0.0,0.0,0.2595264,0.084179,0.0,0.22818,0.0,0.0,0.0,0.0,0.0
2020-09-06,0.4326046,0.0,0.0,0.3874237,1.6930407,0.0,0.0,0.0,0.0,0.5460762,0.0,0.0582013,0.313746,0.4571861,0.9938088,0.0,0.0,0.0,0.0
2020-09-07,0.3824351,0.9177125,0.363074,1.2113363,0.5313653,0.0,0.0,0.0,0.0,0.7133102,1.4755491,0.0687694,0.1088067,0.6924106,0.4285714,0.0,0.0,0.0,0.0
2020-09-08,0.7167338,0.48024,0.0,0.140488,0.305126,0.5335042,0.0,0.0,0.0,1.3073269,0.0,0.2775148,0.0,0.0,0.0,0.0,0.0,0.0,0.0
2020-09-09,1.0409164,0.3069264,0.229574,0.3016992,0.6447316,1.1059464,0.0,0.0,0.0,0.6690429,0.7113114,0.2026042,0.0,0.4416694,0.0,0.0,0.0,0.9975832,0.8329797
2020-09-10,0.5524919,0.4880695,0.3567083,0.0,0.988663,0.0,0.0,0.0,0.0,0.0,0.0,0.0,0.0,0.0,0.0,0.0,0.0,0.0,0.0
2020-09-11,0.7401706,0.6987282,0.8366932,0.9266078,0.604263,0.0,0.0,0.0,0.0,0.3566502,0.1405477,0.7207619,0.0,0.0,0.0,0.0,0.0,1.1462103,0.2555015
2020-09-12,0.0,0.6595842,0.0,0.0,1.9123586,1.1805953,0.3408445,0.0,0.0,0.0,0.3166563,0.1447508,0.2629058,0.0,0.0,0.0,0.0,0.75,0.1902091
2020-09-13,0.0,0.8402498,0.0,0.0,0.6022672,0.5456432,0.0,0.0,0.0,0.8008777,0.7689113,1.5098879,0.0,0.4741997,0.0,0.0,0.0,0.0,0.9057994
2020-09-14,0.6593277,1.4296029,0.664665,1.0947816,0.4119561,1.0,0.0,0.0,0.0,0.0,0.0,1.1899552,0.0,0.0,0.0,0.0,0.0,0.0,0.0
2020-09-15,0.3037487,0.802912,0.0,0.8951268,1.47328,0.5032643,0.0,0.0,0.0,0.2795673,0.8769805,1.1730877,0.0,0.8634932,0.0,0.0,0.0,0.0,0.0
2020-09-16,0.1851044,0.0,0.5152672,0.0,1.0476605,0.7108561,0.2570901,0.0,0.0,0.0,1.2482008,0.6542696,0.0,0.0,0.0,0.0,0.0,0.0,0.1956388
2020-09-17,0.6703565,0.0,0.0,0.2948195,2.1375086,1.278662,0.0,0.0,0.0,0.6782946,0.8815068,0.1044891,0.596817,0.0,0.0,0.0,0.9653781,0.0,0.1037601
2020-09-18,0.2713449,0.1899593,0.759676,0.0,0.9690397,0.0,0.0,0.0,0.0,0.7790446,0.3947974,0.0,0.3973827,0.0,0.9797988,0.0,0.0,0.0,0.5682134
2020-09-19,0.0894936,0.2292146,0.1316947,0.0,0.8303173,0.3315605,0.4381644,0.0,0.0,0.0,0.0,0.4531111,0.0,0.2541299,0.0,0.0,0.0,0.0,0.0
2020-09-20,0.0,0.0,0.25,1.3092416,0.7044119,0.0,0.0,0.0,0.0,0.0,0.3456011,0.5951553,0.0,0.2728635,0.0,0.0,0.0,0.0,0.9803491
2020-09-21,0.0,0.8140577,0.0,0.0,1.2401809,0.4318704,0.0,0.0,0.0,0.5612039,0.0975614,0.5881149,0.0,0.0,0.0,0.0,0.0,0.0,0.0
2020-09-22,0.0,0.8214041,1.7974462,0.1352043,0.2998337,0.0,0.0,0.0,0.0,0.8333426,0.3778369,0.0,0.9292546,1.2759008,0.0,0.0,0.0,0.0,0.0
2020-09-23,0.0,0.0,0.7169678,0.9652196,0.5519874,0.0,0.3976883,0.0,0.0,0.8111028,0.1744337,0.0,0.0748086,0.8726132,1.0024658,0.0,0.0,0.0,0.0
2020-09-24,0.7553114,0.9248433,0.0,0.24975,0.8829708,0.0,0.0,0.0,0.0,0.7703973,0.2378506,0.0,0.0,0.0,0.0,0.0,0.0,0.0,0.0
2020-09-25,0.3319143,0.0,0.4048007,0.0,0.6187808,0.4653464,0.0,0.0,0.0,0.0,1.635643,0.9525435,0.7063639,1.1123216,0.0,0.0,0.0,0.0,0.0
2020-09-26,0.0,0.7471478,0.0,0.0,0.5083441,0.3306924,0.9079794,0.0,0.0,0.3292486,1.2136524,0.626801,0.8723427,0.0,0.0,0.0,0.0,0.0,0.0
2020-09-27,1.0507774,0.0,0.4437146,0.1616153,1.285406,0.9707796,0.0,0.0,0.0,0.8815622,1.326983,0.2668638,0.0,0.0,0.934943,0.0,0.0,0.0,0.0
2020-09-28,0.0,0.4864854,0.0,0.3685854,0.4124137,0.0,0.9095372,0.0,0.0,0.299599,0.0,0.7028153,0.942763,0.0,0.0,0.0,0.0,0.0,0.7410694
2020-09-29,0.6088975,0.9797171,0.0,0.4757159,0.6405615,0.1989143,0.3940921,0.0,0.0,1.2927447,0.0,0.0,0.2873115,0.0,0.0,0.0,0.0,0.0,0.0
2020-09-30,0.0,1.3039549,0.0,0.9166667,0.405085,0.0,0.0,0.0,0.0,0.672023,0.0,0.1735963,0.3429861,0.0,0.0,0.0,0.0,0.0,0.0
2020-10-01,0.2930079,0.0,0.0,0.0,0.9179638,0.0,0.0,0.0,0.0,0.61073,0.7597552,0.8062148,0.0,0.0,0.0,0.0,0.0,0.0,0.0
2020-10-02,0.0,0.0,0.0,0.0,0.3642417,0.0,0.0,0.0,0.0,0.0,0.3247745,0.2074025,0.0,0.0,0.0,0.0,0.0,0.0,0.0
2020-10-03,0.0,0.0,0.0,0.0,0.6002101,0.0,0.0,0.0,0.0,0.7802924,0.3808973,0.0,0.876804,0.0,0.0,0.0,0.0,0.0,0.0
2020-10-04,0.6699601,0.0,0.0,0.0,0.5934764,0.0,0.0,0.0,0.0,0.1117679,1.0140617,0.0,0.0,0.2902878,0.0,0.0,0.0,0.0,0.0
2020-10-05,0.4455758,0.0,0.6973064,0.1927902,0.5367904,0.0,0.0,0.0,0.0,0.0,0.2554861,0.7927581,1.2798747,0.6472481,0.0,0.0,0.0,0.0,0.4429501
2020-10-06,0.1314659,0.0,0.0,1.3685736,1.3391431,0.9506411,0.0,0.0,0.0,0.8197785,0.3608466,0.4183064,1.4375067,0.7124373,0.0,0.0,0.0,0.0,1.6022588
2020-10-07,0.1980575,0.9612914,0.1783359,1.5320191,0.9256355,0.1727473,0.7721724,0.0,0.0,0.2087073,0.0,0.6480504,0.7148529,0.2064093,0.0,0.0,0.0,0.0,0.4563174
2020-10-08,0.2594235,0.4208215,0.0,0.1966928,0.2360369,0.6375094,0.0,0.0,0.0,0.429818,0.7617735,0.0,1.0511164,0.0,0.0,0.0,0.0,0.0,0.0
2020-10-09,0.0,0.5369009,0.0,1.4008325,0.1939374,0.0,0.0,0.0,0.0,1.2472899,1.0034523,0.4382471,0.0,1.137339,0.0,0.0,0.0,0.0,0.0
2020-10-10,0.0,2.4943068,0.2562387,0.0,0.6838098,0.0,0.4177942,0.0,0.0,0.6912463,1.4590219,0.2368351,0.0,1.1426922,0.0,0.0,0.0,0.0,0.4845125
2020-10-11,0.0,0.5983747,0.6401023,0.0,1.0040283,0.0,0.4220117,0.0,0.0,0.6863152,0.2983505,0.5520337,0.0,0.0,0.0,0.0,0.0,0.0,0.4287706
2020-10-12,0.555017,0.0,0.3245808,0.0,1.0719319,0.0,0.0,0.0,0.0,0.0,0.854276,0.0,0.0,0.7710704,0.0,0.0,0.0,0.0,0.0
2020-10-13,0.2125551,0.0,0.0,0.9445998,0.1919768,0.0,0.0,0.0,0.0,0.0,0.0,0.8977163,0.8383306,0.0,0.0,0.0,0.0,0.0,0.0
2020-10-14,0.0616618,1.1613831,0.0,0.79543,0.4726586,0.0,0.0,0.0,0.0,0.0,0.0326578,0.7086549,0.0,0.9795311,0.0,0.0,0.0,0.0,0.2788752
2020-10-15,0.1137392,0.0,0.2600563,0.0,1.5943965,0.0,0.6948917,0.0,0.0,0.172095,0.0,0.0,0.0,0.0,0.0,0.0,0.0,0.0,0.0
2020-10-16,0.0,0.0,0.761283,0.457146,1.2357445,0.0,0.0,0.0,0.0,1.1788266,0.0,0.2023575,0.4664315,0.0,0.0,0.0,0.0,0.0,0.0
2020-10-17,0.0,0.0,0.0,0.0,1.9073454,0.0,0.0,0.0,0.0,0.5090425,1.4082592,0.2266074,0.0,0.4118944,0.0,0.0,0.0,0.0,0.0
2020-10-18,0.6578811,0.0,0.0,0.0,1.2718939,0.0,0.0,0.0,0.0,1.2633223,0.9705906,0.0,0.0,0.3794185,0.0,0.0,0.0,0.0,0.0
2020-10-19,0.2827093,0.0,0.0,0.0,1.0000737,0.0,0.0,0.0,0.0,0.0,0.4211333,0.5737697,0.0,0.0,0.0,0.0,0.0,0.0,0.0
2020-10-20,0.91524,0.0,0.2794575,0.0,0.5728564,0.0,0.0,0.0,0.0,0.0634545,0.6534641,0.8042752,0.0,0.5449205,0.0,0.0,0.0,0.0,0.0
2020-10-21,0.3427593,0.0,0.1578385,0.0,1.2296655,0.0,0.9954977,0.0,0.0,0.0,1.0607694,0.2665463,0.0,0.0,0.0,0.0,0.0,0.0,0.9888466
2020-10-22,0.0,0.0,0.6397794,0.5862611,1.2950286,0.0,0.8932526,0.0,0.0,0.3045884,0.2816444,0.5577443,0.7706897,0.0,0.0,0.0,0.0,0.0,0.0
2020-10-23,0.9538491,0.0,0.4850118,0.0,1.033149,0.0,0.0,0.0,0.0,0.375722,0.0,0.7000932,0.0,0.0,0.0,0.0,0.0,0.0,0.0
2020-10-24,0.2025971,0.0,0.3777936,0.0,0.9582303,0.0,0.0,0.0,0.0,0.0,0.0,0.0,0.8658728,0.0,0.0,0.0,0.0,0.0,0.0
2020-10-25,0.8303535,0.0,0.0,0.0,0.8907221,0.0,0.1829633,0.0,0.0,1.5939957,0.0,1.0370548,0.0,0.3937124,0.0,0.0,0.0,0.0,0.9793374
2020-10-26,0.0,0.0,0.0,0.0,1.1107663,0.0,0.0,0.0,0.0,0.0,2.4830755,1.1658097,0.9669974,0.0,0.0,0.0,0.0,0.0,0.0
2020-10-27,0.0,0.0,0.0,0.0,0.7603104,0.0,0.0,0.0,0.0,0.7700946,0.0,0.2013354,0.0,0.0,0.0,0.0,0.0,0.0,0.0
2020-10-28,0.0,0.0,0.6707691,0.0,1.1000737,0.0,0.0,0.0,0.0,1.1228188,0.0,0.7557391,0.0,0.0,0.0,0.0,0.0,0.0,0.0
2020-10-29,0.0,0.0,0.0,0.0,0.9691783,0.0,0.0,0.0,0.0,0.0,0.0,0.9132805,0.0,0.0,0.0,0.0,0.0,0.0,0.0
2020-10-30,0.1208526,0.0,0.0,0.0,0.2749273,0.0,0.0,0.0,0.0,0.0,0.0,0.2035369,0.0,0.0,0.0,0.0,0.0,0.0,0.0
2020-10-31,0.8312237,0.0,0.0,0.0,0.6080447,0.0,0.3529638,0.0,0.0,0.84719,0.4570789,1.6525615,0.4320751,0.4430822,0.0,0.0,0.0,0.0,0.9335019
2020-11-01,0.0,0.0,0.0,0.0,1.0179165,0.0,0.701661,0.0,0.0,0.0,0.0,0.5982313,0.0,1.4938152,0.0,0.0,0.0,0.0,0.0
2020-11-02,0.0,0.0,1.3847776,0.0,0.3267237,0.0,0.0,0.0,0.0,0.3715354,0.3677837,0.9539858,0.0,0.0,0.0,0.0,0.0,0.0,0.0
2020-11-03,0.1852704,0.0,0.0,0.0,0.4626967,0.0,0.0,0.0,0.0,0.0,0.852428,0.2719143,0.0,0.0,0.0,0.0,0.0,0.0,0.0
2020-11-04,0.0,0.0,0.0,0.0,0.8426726,0.0,0.0,0.0,0.0,0.0,0.0,0.0,0.0,0.0,0.0,0.0,0.0,0.0,0.0
2020-11-05,0.0,0.0,0.0,0.0,1.1772607,0.0,0.0,0.0,0.0,0.0,0.0,0.0,0.0,0.0,0.0,0.0,0.0,0.0,0.0
2020-11-06,0.0,0.0,0.0,0.0,0.8758659,0.0,0.0,0.0,0.0,2.8447937,0.0,0.0,0.0,0.0,0.0,0.0,0.0,0.0,0.0
2020-11-07,0.0,0.0,0.0,0.0,4.342649,0.0,0.0,0.0,0.0,0.0,0.0,0.0,0.0,0.0,0.0,0.0,0.0,0.0,0.0
2020-11-08,0.0,0.0,0.0,0.0,2.2867196,0.0,0.0,0.0,0.0,0.0,0.0,0.0,0.0,0.0,0.0,0.0,0.0,0.0,0.0
2020-11-09,0.0,0.0,0.0,0.0,0.9184097,0.0,0.0,0.0,0.0,0.0,1.0740469,0.530671,0.0,0.3333333,0.0,0.0,0.0,0.0,0.0
2020-11-10,0.0,0.0,0.9165843,0.6385972,0.6921773,0.0,0.0,0.0,0.0,0.8543889,0.2176954,0.0,0.8598848,0.0,0.1359116,0.0,0.0,0.0,1.6631545
2020-11-11,0.7471904,0.0,0.2240495,1.9097383,0.3112052,0.0,0.0,0.0,0.0,0.6777882,0.6591591,1.4753733,0.0,0.0,0.0,0.0,0.0,0.0,0.0
2020-11-12,0.6759662,0.0,0.0,1.4532946,1.0223901,0.0,0.4475841,0.0,0.0,0.6943832,0.0,0.4283054,0.9049928,0.33561,0.0,0.0,0.0,0.0,0.0
2020-11-13,0.6271258,0.0,0.0,0.8719652,0.4701805,0.0,0.0,0.0,0.0,0.3792845,1.0975193,0.9750894,0.0,0.5585755,0.0,0.0,0.0,0.0,0.0
2020-11-14,0.0,0.0,0.0,1.14831,0.4341447,1.3598881,0.0,0.0,0.0,0.6561688,1.270841,0.6811368,0.9501162,0.1234912,0.0,0.0,0.0,0.0,0.0
2020-11-15,0.0,0.0,1.4256371,0.5029181,0.7926497,0.0,0.8615179,0.0,0.0,0.5562448,0.4837123,0.8509626,0.1954985,1.3145755,0.0,0.0,0.0,0.0,0.0
2020-11-16,0.8314313,1.4589638,0.5302811,3.049485,1.8316629,1.7060008,0.0,0.0,0.0,0.4213065,1.4638034,0.0,1.624914,0.5708498,0.0,0.0,0.0,0.0,0.0
2020-11-17,0.5367658,0.0,0.5984457,3.9734994,1.0808799,0.0,0.0,0.0,0.0,1.6341609,0.5286393,0.8462652,0.0,0.5742243,0.0,0.0,0.0,0.0,0.0
2020-11-18,0.24975,2.4357437,0.0,1.2155184,0.8710528,0.2869815,0.0672787,0.0,0.0,0.331418,1.015778,0.5397959,0.0,0.0,0.0,0.0,0.0,0.0,0.0
2020-11-19,0.6001293,1.1605167,0.2332767,0.2858731,0.324076,0.5138769,0.3101636,0.0,0.0,0.6623184,1.0475038,0.036201,1.5861199,0.9861604,0.0,0.0,0.0,0.0,0.8801756
2020-11-20,0.3905161,1.2442819,0.1392256,1.82624,1.3572989,1.6433281,0.9441997,0.0,0.0,0.5675101,2.4065647,0.6333358,0.8335,0.1330503,0.0,0.0,0.0,0.0,0.0
2020-11-21,1.1273339,1.2826759,0.2395667,0.1880481,0.598866,0.4008761,0.0,0.0,0.0,0.6818957,1.2952341,0.4324479,1.0957074,0.6335347,1.4541515,0.0,0.0,0.0,1.2607204
2020-11-22,0.485585,0.5310513,0.4330458,0.8316002,2.5290925,0.0,0.0,0.0,0.0,0.9771836,2.2060985,0.1965677,0.0,0.0,0.0,0.0,0.0,0.0,0.0
2020-11-23,0.5886295,0.4518619,1.3627684,0.7420712,1.3002204,2.0939359,0.0,0.0,0.0,1.0497428,0.8168258,1.0882689,0.0,0.8535784,0.0,0.0,0.0,0.0,0.1338893
2020-11-24,1.64814,1.0751986,0.0991669,1.0061108,0.7884099,0.8861148,0.8026961,0.0,0.0,0.4459601,1.4110166,2.1041746,0.0,0.0,0.0,0.0,0.0,0.0,0.4111111
2020-11-25,0.5507245,3.0289678,0.0,2.367453,1.7034503,1.6619787,1.6489642,0.0,0.0,0.5844593,0.761358,0.8190663,0.3967685,0.0,0.0,0.0,0.0,0.0,0.5385012
2020-11-26,1.0595281,0.4054186,0.0,1.3350832,1.3339354,2.0616082,0.8087638,0.0,0.0,0.322722,0.961064,0.9821314,0.7830823,0.9498026,0.0,0.0,0.0,0.0,0.0
2020-11-27,0.2875772,2.7354019,0.386373,1.6324515,1.7083353,0.9432198,0.0,0.0,0.0,0.3045835,2.4152353,2.0656938,0.8902347,0.5487919,0.0,0.0,0.0,0.0,0.0
2020-11-28,1.7080272,0.1714836,0.2386997,0.0,1.8332009,0.9150662,0.0,0.0,0.0,0.6162348,2.3675745,0.0,1.3880109,1.6229838,1.5608171,0.0,0.0,0.0,0.0
2020-11-29,0.3003695,1.0338334,0.3620805,1.3488479,2.0603622,2.8465248,0.1576532,0.0,0.0,1.1729999,1.9770937,1.6481616,1.5885863,0.7822543,0.4659797,0.0,0.0,0.0,1.6850319
2020-11-30,1.0938416,1.5204265,0.3209313,0.5863634,1.5692388,0.6316668,1.202196,0.0,0.0,0.8430591,1.5744243,0.6754639,0.0,0.1087891,0.9512155,0.0,0.0,0.0,0.0
2020-12-01,0.3394058,1.6403052,0.9482332,2.1996438,2.4917835,1.6211324,1.6908966,0.0,0.0,0.2624641,2.228193,0.5730538,0.2169682,0.2049496,0.0,0.0,0.0,1.9811011,3.1937738
2020-12-02,0.0777534,2.4152728,0.5915799,1.5652143,1.7010509,0.9681794,0.1925682,0.0,0.0,1.8565002,3.3822594,0.9657732,0.6371717,0.5053658,0.0,0.0,0.0,0.0,2.0837074
2020-12-03,2.3565236,0.6886918,1.9230112,2.0256884,2.378751,1.3046584,0.4245499,0.0,0.0,1.4584253,1.9978272,1.0200177,0.811598,0.0,0.5886149,0.0,0.453887,0.0,0.4736197
2020-12-04,0.2982503,0.8259682,0.2243877,0.7950484,2.2947796,1.0341839,0.0,0.0,0.0,1.1402611,2.0066462,1.1898024,0.065346,0.0,1.8441757,0.0,0.0,0.0,1.0817647
2020-12-05,1.9260924,0.7718725,0.2990019,1.3193341,1.9517617,0.1487337,0.4889442,0.0,0.0,0.9025732,2.0744507,0.543405,0.6248143,1.4389326,0.8505062,0.0,0.0,0.0,0.0
2020-12-06,1.540271,0.4932676,0.5246771,2.7280151,2.8046339,0.483219,0.36452,0.0,0.0,0.4220562,2.9795932,1.1012309,1.3099865,0.0,0.3668086,0.0,0.0,0.0,0.0
2020-12-07,0.5036587,1.9657239,1.2163263,0.7245615,1.120713,1.1730709,0.3625518,0.990759,0.0,0.2158527,1.9817917,0.8534776,0.6637825,0.6973687,0.0,0.0,0.0,0.5767773,1.1142112
2020-12-08,0.9708205,2.5949496,1.0562949,1.3594027,0.6251805,1.5537032,0.8185736,0.0,0.0,0.6410535,2.7820035,0.4285394,0.0956533,1.4239002,0.7536983,0.0,0.0,0.8425929,1.6833614
2020-12-09,1.6497491,3.2382905,0.0,1.767492,1.9058965,4.2314837,0.7451517,0.0,0.0,1.4411537,1.9907258,1.2238612,0.0,1.4418741,0.6100558,0.0,0.0,0.9796049,0.0
2020-12-10,1.5690366,0.6473093,1.8071505,1.6889651,1.9812224,2.3689886,0.6376816,0.0,0.0,1.3497953,1.9071774,1.0575647,0.0663766,0.166616,0.9989999,0.0,0.0,0.6521914,0.3632521
2020-12-11,1.120945,2.9324744,1.1118877,2.0002695,0.8724311,0.4349165,0.4026787,0.0,0.0,0.0414475,2.0845553,0.5643155,1.2689882,0.0,0.0,0.0,0.0,1.5,0.8958519
2020-12-12,2.329774,0.721153,0.4031253,4.6563057,1.6446572,0.7706131,0.2500955,0.0,0.0,0.5855234,0.923659,0.3808547,0.6652379,1.4611765,0.0,0.0,0.0,2.2013555,0.9326991
2020-12-13,0.9973298,2.9297916,0.2099336,1.2633547,1.7635013,2.0065022,0.8790633,0.0,0.0,0.9769709,2.0571041,0.6602505,0.0,0.0,0.0,0.0,0.0,0.1204539,1.6346693
2020-12-14,1.1771064,2.1015588,0.2934128,2.029075,3.4171013,0.7892828,0.4683107,0.7914946,0.0,0.6814235,1.5603761,0.806439,0.6628563,0.9658005,0.6530173,0.0,1.0176714,1.4827268,0.0
2020-12-15,1.5474343,1.2542841,0.6937076,2.0112302,1.9857065,0.8544311,0.0,0.0,0.0,0.6640075,3.6452925,0.8780675,1.474805,0.5621433,0.8437315,0.0,0.0,0.0,1.0867703
2020-12-16,0.8133627,1.8716585,0.0810459,1.8799317,2.2211676,2.7059384,0.3567136,0.0,0.0,1.346948,1.0391646,0.7589694,0.6137141,1.0836296,0.8406346,0.0,0.0,0.0,0.0
2020-12-17,1.5767401,1.7847361,0.5123476,1.1642415,2.0360246,0.3529917,0.7541085,0.0,0.0,0.4009527,3.1587613,0.3396045,0.152116,0.3573803,0.3192027,0.0,0.0,1.1884279,0.0
2020-12-18,0.8236509,1.7566427,0.9098258,1.1717937,3.2628512,0.2179777,1.5970252,0.0,0.0,0.6118672,1.7668819,0.3530959,0.9069346,0.0,0.9721957,0.0,0.5333333,1.4083333,0.0
2020-12-19,1.7064991,0.9573766,1.1517422,0.6701087,2.7231227,0.6821987,0.1267664,0.0,0.0,0.0,5.1377956,1.6034587,0.3579593,1.4357952,0.3902433,0.0,0.0,0.1236501,0.0
2020-12-20,0.8740258,2.1922383,0.6578122,2.5164742,1.7070145,0.4636275,0.1494283,0.0,0.0,1.9388421,2.7886735,1.2561987,1.3288387,0.9096589,0.5229911,0.0,0.0,1.2666667,0.3049101
2020-12-21,1.2320736,2.0349273,1.6382283,1.7358597,3.33302,1.2574365,0.5243252,0.4208289,0.0,0.8148986,2.1259697,0.5993625,0.5783484,0.2247452,0.0,0.0,0.0,1.1816826,1.2560484
2020-12-22,0.8766938,3.0079786,0.0,1.1815811,2.9020044,0.9947604,1.4890374,0.0,0.0,0.3211409,1.2738255,1.1589017,0.1988814,0.0,0.3309933,0.0,0.0,0.0,0.789065
2020-12-23,1.9350285,0.6520574,1.7020809,2.5155258,3.5881505,0.7196087,0.4020207,1.9485921,0.0,0.7856606,1.5874757,0.6787208,0.4398824,1.1696583,0.3676359,0.0,0.0,0.0,0.7501078
2020-12-24,1.2746135,1.7022156,0.1347593,1.048998,1.5851583,3.4228131,1.1349378,0.0,0.0,0.4451011,1.1198953,1.4040455,0.0,1.259295,0.0,0.0,0.0,0.0,2.2714293
2020-12-25,3.0445231,1.4289539,1.404204,0.8841419,1.7673599,0.6670204,0.0,0.0,0.0,0.9534627,1.0802589,0.561644,0.6602857,0.9788529,0.0,0.0,0.0,0.0,1.7666215
2020-12-26,0.5037123,3.3783422,1.3937888,1.3479153,2.2791593,1.3850242,0.8658797,0.6666667,0.0,0.8068216,2.4664643,1.0926866,0.1455026,0.8146304,0.8535246,0.0,0.25,0.0,0.0
2020-12-27,0.3179089,2.4459227,1.31493,0.2805348,1.8635964,0.4420368,0.0,0.0,0.0,0.3181211,2.117763,1.5538934,1.2657183,0.6127896,0.0,0.0,0.6707425,0.8503937,1.1801427
2020-12-28,2.3444877,1.4191295,0.50866,1.623558,2.1085507,0.3531527,1.7542602,1.8592007,0.0,0.4047577,2.4010467,1.2297207,0.1509657,0.8437889,0.0,0.0,0.0,2.1204096,1.8746223
2020-12-29,2.0350867,1.8881861,0.0,2.5587395,2.2178887,1.4821851,0.0,1.248664,0.0,0.6433445,2.3154776,1.0902185,0.9645838,1.4626997,0.1606361,0.0,1.8311349,0.7814362,1.0191038
2020-12-30,0.9891473,1.9155591,1.1547496,1.8709957,2.4058385,0.6030396,1.2185007,2.1686366,0.0,2.3232894,2.8141773,1.2299708,0.8587297,1.4423559,0.0,0.0,1.6766913,1.4672732,1.3964568
2020-12-31,1.3562637,0.7516425,0.0,0.6426191,2.0192983,1.6626564,0.5557154,1.1849688,0.0,1.2993044,1.5453804,1.0662594,0.0,1.3959616,0.3047792,0.0,0.0,1.6971876,0.790768
2021-01-01,1.5948258,1.8625594,1.254885,2.4461308,2.5481722,1.6690524,0.719483,0.0,0.0,0.7907243,4.094568,0.26865,0.3807807,0.3036438,0.0,0.0,0.0,1.7012473,1.2660165
2021-01-02,0.7451284,1.1518563,2.1218245,0.8354453,1.9159376,1.1598294,0.0,2.7306011,0.0,0.6319439,2.6085199,1.59386,0.2714534,0.3868982,0.672723,0.0,2.7924516,0.0,1.0553572
2021-01-03,1.3621976,0.9473156,0.7435628,1.1999262,2.112361,0.7708189,0.7812604,0.2756175,0.0,0.0,0.5630538,1.2661272,0.4680314,1.2900058,0.0,0.0,0.0884244,2.1412565,1.8513544
2021-01-04,1.6106773,1.3938693,0.2564176,1.1003118,3.5918994,0.0,0.0,0.2824153,0.0,0.8447472,2.8816862,1.6037319,0.4181928,0.0,0.0,0.0,0.2889258,0.8639766,2.1456693
2021-01-05,1.7743074,2.7603151,0.5162511,1.4563727,2.3884741,0.8307079,0.0,0.0,0.0,1.7603284,2.6989786,1.0922172,0.0,0.2677584,0.8518658,0.0,0.6402122,1.2437307,1.8164671
2021-01-06,1.2427203,1.3987795,2.1740725,1.0430804,1.9999715,1.2742044,0.6937533,0.0,0.0,0.7054848,2.1125746,1.6269662,0.6064235,0.8336408,0.5368355,0.0,0.0,0.0,1.4612139
2021-01-07,1.3434036,2.1067224,1.005728,0.7111992,1.4666671,1.4546781,1.7142813,0.0,0.0,0.6332507,3.4483998,1.5486711,0.0,0.516028,0.0,0.0,0.0,0.0,1.4532335
2021-01-08,1.1883184,4.5941515,0.5386571,2.5942703,2.6309675,1.2617534,0.0,2.3849082,0.0,0.0,1.4211506,1.0563892,0.0,0.0,1.8579259,0.0,0.0,0.0,0.9787602
2021-01-09,1.1226581,1.1017159,0.3242001,1.1623604,2.69994,0.0673027,1.058426,0.0,0.0,2.1027807,1.2329593,1.0714103,0.7612734,1.3875859,0.3846968,2.7111399,0.0,1.2336508,0.51251
2021-01-10,1.1694247,3.0684836,1.0136734,2.4078341,1.7955881,2.4729476,0.8467174,0.0,0.0,0.8122245,2.5761021,0.4717485,0.9562794,1.3593841,0.0,0.0,0.0,0.0,0.74313
2021-01-11,3.5009252,1.0680663,0.245578,1.0011335,3.8141414,1.2338606,0.0,1.125,0.0,0.6209545,0.0969516,0.6297454,0.3418378,0.9290115,1.0061052,0.0,0.0,0.0,2.8973353
2021-01-12,0.9976067,2.2416056,1.3895058,0.9801187,1.9051789,0.8823915,0.8670412,2.5957214,0.0,0.3553855,2.149747,0.8861374,1.1527577,1.0993522,2.3226803,0.0,1.9390744,1.4818818,1.8996214
2021-01-13,1.5814172,1.5812261,0.0,1.1400894,2.4642448,0.8938804,1.579137,0.9612578,0.0,0.8221832,1.1363595,0.7493192,0.7198399,1.5245216,0.2701433,0.0,0.8911476,0.0,2.2012808
2021-01-14,1.2074168,0.2761091,0.6886887,2.2357747,2.5317492,2.0077279,0.4910131,0.0,0.0,1.2083922,1.6257382,0.8110675,1.8361785,0.7521864,0.4863606,0.0,0.0,0.0,2.4845716
2021-01-15,1.8024139,2.9650647,1.1610263,2.7579209,3.7102319,0.3474623,0.0,0.0,0.0,0.0726811,2.2991939,1.1636574,0.2151202,2.1526967,1.2793094,0.0,0.0,1.4938056,2.544587
2021-01-16,0.965974,1.3911872,2.1192716,3.0505104,2.6369326,0.7341301,0.0,0.0,0.0,0.1343256,3.0751155,1.3022661,0.8263604,0.0,0.5974079,0.0,0.7961034,0.0,2.2601028
2021-01-17,1.5139826,1.8722626,0.2634437,0.9528178,2.7250393,1.1471126,0.3122418,0.0,0.0,0.6183192,1.2271972,0.7432646,0.7097488,0.6076445,0.0,0.0,0.0,1.8991746,0.0
2021-01-18,1.5934714,1.776868,0.9265454,0.8349824,2.7106,0.4617771,1.011896,1.3193856,0.0,0.0608842,3.0515643,1.5675683,0.3985333,0.3711487,0.0,0.0,1.2503591,0.8762057,2.8683602
2021-01-19,0.3081697,0.8793489,0.7019454,1.4545585,1.1917116,0.0,0.3684731,0.0,0.0,0.9109136,1.679192,1.1824536,1.6061761,0.6498164,1.3045173,0.0,0.0,1.8610144,2.3564506
2021-01-20,0.4854622,2.5700734,0.4633316,2.3076263,1.2357298,2.3379897,0.0,0.0,0.0,0.8160772,0.6361751,3.3099701,0.6256644,1.4288817,0.1318336,0.0,0.0,1.2458021,2.0907553
2021-01-21,0.4199051,2.1135902,0.233015,0.0,0.9005177,0.9047838,0.2078787,0.0,0.0,0.3454618,0.4811632,1.4986189,0.0,0.479935,1.4974669,0.0,0.0,0.0,0.6552717
2021-01-22,0.5910554,1.5036315,0.0,0.384008,1.4742283,1.1332162,0.1023094,1.4166667,0.0,0.7728405,0.9366609,1.1861362,1.0384861,1.0031354,0.1736905,0.0,0.0,0.0,0.0
2021-01-23,2.038812,2.5990776,0.0,1.7822484,1.8784133,0.4300801,0.4378945,0.0,0.0,0.1316649,0.6963613,1.1659149,0.0,0.0,0.0,0.0,0.0,0.0,1.0229082
2021-01-24,1.3640347,2.6052461,0.1181016,1.2856176,1.6468996,0.7634137,0.5796025,0.9216513,0.0,0.3468757,1.1852512,0.9475805,0.7461688,0.5218944,0.0,0.0,0.0,2.6977922,1.998803
2021-01-25,1.0842982,0.5312206,1.204333,2.5422352,1.1222069,0.8173327,0.0,2.0293565,0.0,1.2134861,0.9332237,0.2839522,0.6252545,0.6432274,0.0,0.0,0.0,0.0,1.1153983
2021-01-26,1.6156033,1.531651,1.2404036,2.6287113,1.497523,0.4136832,0.2671811,0.0,0.0,0.5038302,0.9623838,1.253641,0.1438515,0.8996,0.2160534,0.0,0.0,0.0,0.4722615
2021-01-27,2.1243719,1.3117951,0.5597766,1.1313844,1.9416964,1.4490715,0.488353,1.8388582,0.0,0.782338,0.3809297,0.0632945,0.5238755,0.5061181,1.1290392,0.0,0.0,0.0,0.8494311
2021-01-28,0.3390106,1.7787385,0.3904615,0.5356926,1.4303927,1.5839137,0.0,0.0,0.0,0.9876259,1.5371076,0.2063678,0.4936223,0.6230104,0.1127304,0.0,0.9507042,0.0,1.5106589
2021-01-29,0.6816581,0.780298,1.4405088,0.0,0.4142931,0.4348157,1.7469722,0.0,0.0,0.2394505,1.7125859,1.2338775,0.630235,0.0,0.9576138,0.0,0.0,0.0,1.4643679
2021-01-30,1.7117339,0.0,0.0,2.2398124,1.0196264,1.6731281,0.0,0.0,0.0,0.2205988,0.46597,2.3195309,0.3099499,0.9640226,1.8905953,0.0,0.0,0.0,0.7941685
2021-01-31,0.3268554,3.7818214,0.0,0.5107929,0.5096358,1.0659239,0.6526103,0.0,0.0,0.1112752,1.1279828,0.4965129,0.6602206,1.3088114,0.0,0.0,0.0,0.0,0.0
2021-02-01,0.6706529,1.7967344,1.0990331,0.0,1.5185367,0.9595061,0.2852482,0.0,0.0,1.2370943,2.082603,0.2595436,1.2364867,0.3033996,0.0,0.0,0.0,0.0,0.0
2021-02-02,0.5495152,1.3772649,1.4746101,1.0292629,1.1546218,1.5075313,0.0,0.0,0.0,0.5121262,0.0,0.0,0.2079933,0.0,1.7583242,0.0,0.0,0.0,0.0
2021-02-03,0.799071,1.3051279,0.4326941,0.7782645,1.3890162,0.5840967,0.390896,0.0,0.0,0.0,0.9205562,0.6201846,0.2277822,1.7560567,0.3609356,0.0,0.5462542,0.9777072,0.7301024
2021-02-04,0.6052142,0.5979368,0.3648858,1.2040179,1.2565081,1.3835227,0.0,0.0,0.0,0.8361609,0.8173331,0.783593,0.3836069,0.0,0.0,0.0,0.0,0.0,0.8970541
2021-02-05,0.9256893,1.5014095,0.0,0.9746462,1.256082,0.0,0.0,0.0,0.0,0.0,0.7473362,1.3705512,0.0,0.6518001,0.0,0.0,0.0,0.0,0.2452921
2021-02-06,0.7555744,1.4145157,0.9568339,0.4494516,0.5462338,0.0,0.0,0.0,0.0,1.41267,0.7869607,0.8843536,0.0,0.0,0.0,0.0,0.0,0.0,0.9037406
2021-02-07,0.8767919,0.8780625,0.8875196,1.329043,1.8282623,0.7285478,0.0,0.0,0.0,1.1067627,0.94436,0.6012152,0.7627734,0.0,0.0,0.0,0.0,0.0,0.0
2021-02-08,0.5791178,0.7047855,0.7991999,0.3969038,0.4783656,0.2528922,1.6627885,0.0,0.0,0.2727007,0.4815053,0.1862678,0.2406075,0.0,1.7247937,0.0,0.0,0.0,0.0
2021-02-09,0.0,1.7350556,0.0,0.9377716,1.2127837,0.0,0.0,0.0,0.0,0.2219064,1.3439849,0.707921,0.4235753,0.2599814,1.8098861,0.0,0.0,0.0,0.0
2021-02-10,0.2526461,1.4795686,0.0,1.7673351,0.4173527,1.8130636,0.0,0.0,0.0,0.0,0.5410906,0.7650833,0.4453854,0.6707927,0.0,0.0,0.0,0.0,0.0
2021-02-11,0.0,1.1474407,0.0,1.3038985,0.8348098,1.233373,0.2235064,0.0,0.0,0.7264473,1.7615478,1.0951686,0.0,0.0,0.0,0.0,0.0,0.0,1.1742339
2021-02-12,0.2890517,1.7998735,0.808724,1.3347426,2.0304277,0.8472155,0.1159033,0.0,0.0,0.5777954,0.2050699,1.1224838,0.2252798,0.3231337,0.0,0.0,0.0,0.0,2.0394512
2021-02-13,0.835566,1.5086536,0.2934859,0.2544265,3.2274147,0.9922888,0.808136,0.0,0.0,0.2644297,0.9129592,0.7244339,0.5178099,0.0,0.7866433,0.0,0.0,0.0,0.7318327
2021-02-14,0.4731323,1.5803306,0.1590374,1.7957546,1.833344,0.6209063,0.6185312,0.0,0.0,0.4057219,0.2757083,0.9045296,1.4210741,0.0,0.0,0.0,0.0,0.0,1.9274902
2021-02-15,0.0,0.6621132,0.0,1.3869548,1.0390376,0.0,0.0988862,0.0,0.0,0.711968,3.3392384,0.12884,0.0,0.0,0.812182,0.0,0.0,0.0,0.5496934
2021-02-16,0.3905244,0.7456448,0.0,0.2948716,1.0197843,0.0,0.0,0.0,0.0,0.3958551,0.6250472,0.6725226,0.6622425,0.3427662,0.0,0.0,0.0,0.0,0.8271557
2021-02-17,0.5132486,1.2032892,0.0,0.0,0.9824431,0.8984842,0.3712382,0.0,0.0,0.294968,0.4389928,0.0,0.5853411,1.6144543,0.0,0.0,0.0,0.0,0.0
2021-02-18,0.2916127,0.0,0.0,0.0,1.8741604,0.0,0.1444632,0.0,0.0,1.1069073,0.5842704,0.366041,0.4191274,1.2158151,0.0,0.0,0.0,0.0,1.3111556
2021-02-19,0.0,1.2392803,0.1335354,0.0,1.5752033,2.288158,0.8417904,0.0,0.0,0.0,0.5241475,0.3692531,0.08494,0.0,0.0,0.0,0.0,0.0,1.3555209
2021-02-20,0.5770848,0.2822598,0.5710943,1.405879,1.530601,1.6477567,0.3218929,0.0,0.0,0.4009352,0.2452309,2.7975407,0.8209039,0.0,0.0,0.0,0.0,0.0,0.0
2021-02-21,0.0,1.6375773,0.0,1.6795794,1.8737049,0.0,0.0,0.0,0.0,0.0,0.8937762,0.1392998,0.8858234,0.6465687,0.5668168,0.0,0.0,0.0,0.0
2021-02-22,0.8353673,2.989635,0.0,2.5191522,1.2138967,0.4049851,0.0,0.0,0.0,0.9515994,2.0601497,0.0,0.0,0.372828,0.0,0.0,0.0,0.0,0.633118
2021-02-23,0.0,0.6094273,1.1452702,1.1216196,1.6693053,0.0,0.4851695,0.0,0.0,0.0855788,0.1982339,0.0679959,0.3742133,0.3153323,0.8057932,0.0,0.0,0.0,1.07807
2021-02-24,0.0,1.236213,0.0,1.8878222,0.3062744,0.8284741,0.0,0.0,0.0,0.0,0.5995472,0.0659338,0.3847218,0.542707,0.1428571,0.0,0.0,0.0,0.1328986
2021-02-25,0.3895108,0.3825203,0.6606085,2.7999086,1.0887468,1.0833333,0.0,0.0,0.0,0.0,0.4968328,0.6780733,0.165362,0.5771961,0.0,0.0,0.0,0.0,0.0
2021-02-26,0.2738215,0.4814177,0.9989999,0.0,0.5998501,2.4954814,1.3154803,0.0,0.0,0.5494656,0.5793371,0.9573293,1.0244032,0.0,0.0,0.0,0.0,0.0,1.418779
2021-02-27,0.4876892,0.8510806,0.0,1.4956524,1.0189995,0.1534225,0.0,0.0,0.0,0.7658405,1.1450563,0.3451987,0.5406215,1.4583897,0.0,0.0,0.0,0.0,0.1897233
2021-02-28,0.993578,0.3419715,0.7567756,0.8493759,1.34434,0.2209925,0.5237398,0.0,0.0,0.2319075,0.3746249,0.3099767,0.5437692,1.2396638,0.0,0.0,0.0,0.0,1.4782421
2021-03-01,0.3452519,1.6820689,0.3353014,0.3599295,0.7351067,1.8062422,0.0,0.0,0.0,0.3986473,0.8382057,0.372987,0.0,0.5533995,0.0,0.0,0.0,0.0,0.0
2021-03-02,0.0,2.0194176,0.4673165,0.7153324,0.5083467,1.0884538,0.0,0.0,0.0,0.2825949,0.7541703,0.8435638,0.5605397,0.272429,0.0,0.0,0.0,0.0,0.0
2021-03-03,0.1248427,0.323023,0.5546281,0.9264021,0.4735199,0.1978159,0.0,0.0,0.0,1.4713757,0.3700441,0.061946,0.0,0.4511425,0.0,0.0,1.4851804,0.0,0.5160615
2021-03-04,0.3095574,0.3464625,0.0,1.4850077,0.429991,1.7612205,0.5581618,0.0,0.0,0.4819273,0.4570631,0.0,0.8659155,0.1207837,0.7923243,0.0,0.0,0.0,1.0136554
2021-03-05,1.8922613,1.044789,0.0,0.0,0.7657813,2.1808008,0.0,0.0,0.0,0.7259312,0.0,0.1816311,0.0,0.0,0.0,0.0,0.0,0.0,0.9362448
2021-03-06,0.5635128,1.3003506,0.0,0.3678261,1.3984055,0.8591004,1.2686987,0.0,0.0,1.5606395,0.5141101,0.4912511,0.4097946,0.0,0.0,0.0,0.0,0.0,0.0
2021-03-07,0.0,1.0824611,1.3219702,1.1797024,0.86162,0.0,0.2303582,0.0,0.0,0.9596336,1.2676571,0.57903,0.529914,0.0,0.0,0.0,0.0,0.0,0.666
2021-03-08,0.3143097,0.6597184,0.0,0.7676539,0.8700471,0.941555,0.0,0.0,0.0,0.0,0.4069809,0.2877241,0.2430272,0.410925,0.2056364,0.0,0.0,0.0,0.4001749
2021-03-09,0.5500516,0.8051556,0.9728912,0.2131269,1.0380308,1.0655478,0.462773,0.0,0.0,0.1464722,0.3510459,0.199108,0.0,0.5209303,0.0,0.0,0.0,0.0,0.9749519
2021-03-10,0.9279219,1.3703477,0.0,1.1579564,2.3069508,0.9492826,0.3361162,0.0,0.0,0.0,0.7783543,0.1437343,0.0,0.6963271,0.0,0.0,0.0,0.0,0.0
2021-03-11,2.7015238,1.3263154,0.985992,1.9195714,0.8197856,0.0,0.0,0.0,0.0,0.0,0.6719745,0.2008133,0.1128496,0.603685,0.0,0.0,0.0,0.0,0.3999797
2021-03-12,0.0,1.127229,0.0,0.4394526,1.1444916,0.0,0.0,0.0,0.0,0.4140322,0.0,0.3384933,0.0,1.3945737,0.9081987,0.0,0.0,0.0,0.1892353
2021-03-13,0.0,0.434909,0.8856883,1.8510638,0.7127538,0.0,0.2187656,0.0,0.0,0.5854364,0.972959,0.6360063,0.0,0.3652888,0.0,0.0,0.0,0.0,0.0
2021-03-14,0.1485298,3.6096215,0.0,0.6140175,1.3908631,0.999,0.7060454,0.0,0.0,0.6812219,0.4663699,0.5606204,0.0,0.0,0.0,0.0,0.0,0.0,0.0
2021-03-15,0.0,0.0,0.2091994,0.7452026,0.484258,0.2262762,0.725386,0.0,0.0,1.3074071,0.6561975,0.5737617,0.0,0.0,0.0,0.0,0.0,0.0,0.3155287
2021-03-16,0.0,1.2097582,0.6173589,1.8097923,1.9522518,0.490533,0.0,0.0,0.0,0.4200794,0.6059303,0.0,0.0,0.0,0.0,0.0,0.0,0.0,0.0
2021-03-17,0.0,1.2252812,0.0,2.1523756,0.7561937,1.0271762,0.0,0.0,0.0,0.4029768,0.0780331,0.2961802,0.1884828,1.0627938,0.0,0.0,0.0,0.0,0.6952619
2021-03-18,0.0,0.0,0.1470751,0.3538092,0.7047255,0.8003244,0.0,0.0,0.0,0.608942,0.2817746,0.9634536,0.4331109,0.5691361,0.0,0.0,0.0,0.0,0.8833391
2021-03-19,0.3350794,0.0,1.7538089,0.5199391,1.4355962,0.0,0.0,0.0,0.0,0.2135145,0.4673133,0.0,0.0,0.0,0.0,0.0,0.0,0.0,0.0
2021-03-20,0.0,0.0,0.0,1.2264241,0.9357968,0.0,0.0,0.0,0.0,0.0,1.5493719,0.1579757,0.1519078,0.0,0.9433661,0.0,0.0,0.0,0.0
2021-03-21,0.8816019,0.0,0.0,0.7488493,1.1522841,0.4615591,0.0,0.0,0.0,1.7148969,1.4390445,0.304348,0.0,0.0,0.0,0.0,0.0,0.0,0.0
2021-03-22,0.0,1.6993646,0.6386987,1.5044572,0.6541061,0.7992407,0.0,0.0,0.0,1.1768926,0.7758378,1.1491933,0.0,0.9602397,0.0,0.0,0.0,0.0,0.9693729
2021-03-23,0.0,1.2677624,0.7096973,0.7459889,1.2883244,0.0,0.0,0.0,0.0,0.4186916,1.0135441,1.2525811,0.5893927,0.0,0.0,0.0,0.0,0.0,0.1582441
2021-03-24,1.0182699,0.0,0.0,0.7311837,0.6094852,0.5774913,0.5514982,0.0,0.0,0.0,0.4966186,0.4506421,0.8312884,0.6567439,0.0,0.0,0.0,0.0,0.0
2021-03-25,0.5540414,0.0,0.0,0.0,1.7860089,0.7968137,1.2840811,0.0,0.0,0.5456382,0.2762649,1.6295667,0.0,0.2162262,0.0,0.0,0.0,0.0,0.9083945
2021-03-26,0.4965748,0.0,0.1311165,1.9280286,1.8517889,0.0,0.0,0.0,0.0,0.8255837,0.0,0.2791624,0.2332469,0.0,0.0,0.0,0.0,0.0,2.3775182
2021-03-27,0.0,0.0,0.4714668,0.8116906,0.9503287,0.0,0.0,0.0,0.0,0.2423339,1.4697066,0.1939907,0.5203211,0.0,0.0,0.0,0.0,0.0,0.0
2021-03-28,0.4532319,0.0,0.6976946,0.8038894,0.4866732,0.0,0.6259283,0.0,0.0,0.1835136,0.0,0.508388,0.0,0.0,0.0,0.0,0.0,0.0,0.0
2021-03-29,0.0,0.0,0.1966486,0.0,0.6026183,0.0,0.8624876,0.0,0.0,1.3496766,0.5357568,0.1979173,0.72756,0.0,0.0,0.0,0.0,0.0,0.7536322
2021-03-30,1.0339839,0.8326293,0.0,0.1532944,0.3280431,0.8861832,0.6729063,0.0,0.0,0.8630976,0.5701804,1.1801758,0.2470713,0.7851684,0.0864163,0.0,0.0,0.0,0.2068161
2021-03-31,0.0,0.0,0.4507129,0.7333248,0.4660052,0.0,0.0,0.0,0.0,0.0,0.2329885,0.0649455,0.1778481,0.0,0.9627409,0.0,0.0,0.0,0.127294
2021-04-01,0.0,0.0,0.0,0.2493086,1.6430839,0.8996633,0.0,0.0,0.0,0.0,0.0,0.0,0.2175086,0.711783,0.0,0.0,0.0,0.0,0.0
2021-04-02,0.5762289,0.5828382,0.0,0.0,0.5193813,0.0,0.0,0.0,0.0,0.7056843,0.0,0.5871341,0.0,0.4362797,0.0,0.0,0.0,0.0,0.0
2021-04-03,0.9949826,0.9660356,0.7375505,0.0,0.9904282,0.0,1.3188423,0.0,0.0,0.9989999,0.0,0.4117562,0.1891489,0.0,0.0,0.0,0.0,0.0,0.25
2021-04-04,0.0,2.3869532,0.0,1.6719458,0.8396505,0.0,1.6484179,0.0,0.0,0.1289326,1.3717571,0.1749371,0.0,0.0,0.0,0.0,0.0,0.0,0.5670757
2021-04-05,0.0,0.0,0.0,0.4156033,0.6951534,0.0,0.3186294,0.0,0.0,0.2665472,0.6804117,0.0,0.2990724,0.0,0.0,0.0,0.0,0.0,0.0
2021-04-06,0.0,1.7228556,0.0,1.029545,1.4982885,0.0,0.2984959,0.0,0.0,0.6649377,0.5123812,0.347203,0.5256573,0.0963993,0.0,0.0,0.0,0.0,0.1935045
2021-04-07,0.7044912,0.0907621,0.0,0.0,0.4904691,0.0,0.0,0.0,0.0,0.0,1.1833324,0.0,0.0,0.0,0.0,0.0,0.0,0.0,0.4877926
2021-04-08,0.549943,1.3215422,0.4701434,0.0,0.4981452,0.0,1.379788,0.0,0.0,0.5143443,0.1497978,1.2036934,0.0,0.6653501,0.0,0.0,0.0,0.0,0.0
2021-04-09,0.0,0.236735,1.7344894,0.0,1.3822153,0.0,0.6155638,0.0,0.0,0.0,0.2935798,0.2171172,0.8078121,0.8233084,0.0,0.0,0.0,0.0,0.0
2021-04-10,0.5344789,0.0,0.3606959,2.4848631,1.2160174,0.0,0.0,0.0,0.0,2.4442912,0.0,0.7123911,0.0,0.347437,0.0,0.0,0.0,0.0,0.0
2021-04-11,0.0,0.999,0.0,0.0,0.460495,0.0,0.0,0.0,0.0,0.3696381,1.1877367,0.0,0.0,0.2263813,0.0,0.0,0.0,0.0,0.0
2021-04-12,0.2981517,0.4374803,0.0,0.1823258,0.9400844,0.0,0.0,0.0,0.0,0.0,0.3770755,0.0,0.2793035,0.8348319,0.0,0.0,0.0,0.0,0.7992
2021-04-13,0.7500485,0.0,0.7400445,0.4276477,0.5971487,0.0,0.361406,0.0,0.0,1.5510784,0.0,1.3309404,0.0,0.0,0.0,0.0,0.0,0.0,0.0
2021-04-14,0.538371,0.0,0.5598246,0.0,1.2467484,0.0,0.2021912,0.0,0.0,1.5143111,1.1372902,0.1403942,0.6688468,0.0,0.0,0.0,0.0,0.0,0.0
2021-04-15,0.9115446,0.0,0.0797166,1.0101653,0.7872736,0.0,0.0,0.0,0.0,0.1727829,0.0,0.0,0.0,0.0,0.0,0.0,0.0,0.0,0.8056798
2021-04-16,1.5715772,0.0,0.0,0.3482811,1.341776,0.0,0.0,0.0,0.0,0.3973734,1.2148942,0.4248425,0.622175,0.0,0.0,0.0,0.0,0.0,0.0
2021-04-17,0.6071567,0.0,0.7690284,0.0,0.5482643,0.0,0.8030896,0.0,0.0,0.4837312,1.0899086,0.4332549,0.0,0.0,0.0,0.0,0.0,0.0,0.0
2021-04-18,0.0,0.0,0.2044936,0.0,1.0151453,1.5529894,0.0,0.0,0.0,0.9053512,0.0,0.1085625,0.0,0.0,0.0,0.0,0.0,0.0,0.0
2021-04-19,0.5629861,0.0,0.7768817,0.0,1.2221269,0.0,0.0,0.0,0.0,0.7240682,0.0,0.7457366,0.5302404,0.0,0.0,0.0,0.0,0.0,0.0
2021-04-20,0.0,0.0,0.0,0.0,1.1944292,0.0,0.0,0.0,0.0,2.1983764,1.4690667,0.3531614,1.166555,0.0,0.0,0.0,0.0,0.0,0.0
2021-04-21,2.5173903,0.0,0.3842101,1.6688766,1.7090956,0.0,0.0,0.0,0.0,0.1892376,0.6589383,0.1213579,0.0,0.1408589,0.0,0.0,0.0,0.0,0.0
2021-04-22,0.0,1.8483639,0.6096052,0.0,1.3608246,0.0,0.5732157,0.0,0.0,0.6244703,0.2936074,0.5607534,0.0,0.0,0.0,0.0,0.0,0.0,0.0
2021-04-23,0.0,0.0,0.3705533,0.8975679,0.9856409,0.0,0.0,0.0,0.0,0.7494224,0.0,0.0,0.1359583,0.3611451,0.0,0.0,0.0,0.0,0.0
2021-04-24,0.0,0.5941182,0.0,0.3057205,0.4866846,1.981726,0.2509615,0.0,0.0,0.4088006,0.0,0.4698199,1.1746529,0.1663412,0.0,0.0,0.0,0.0,0.0
2021-04-25,0.1791908,0.0,0.0,0.0,0.5952276,0.0,0.0,0.0,0.0,0.3062897,0.3334876,0.0,0.3197957,0.8736978,0.0,0.0,0.0,0.0,0.0
2021-04-26,0.0,0.75,0.0,0.0,0.4768335,0.0,0.6611019,0.0,0.0,2.0186861,0.2042653,0.3441946,0.0,0.0,0.0,0.0,0.0,0.0,0.0
2021-04-27,0.0,0.0,0.0,0.0,0.9176737,0.0,0.0,0.0,0.0,0.0,2.1405682,0.4240908,0.1671839,0.0830445,0.0,0.0,0.0,0.0,0.0
2021-04-28,0.0,0.0,0.3824171,0.0,0.931304,0.0,0.1710518,0.0,0.0,0.0,0.1756515,0.1302385,0.0,0.6482232,0.0,0.0,0.0,0.0,1.0
2021-04-29,0.7069327,0.0,0.2729797,0.0,0.4383941,0.0,0.144727,0.0,0.0,0.3177891,0.6463858,0.4753647,0.3588777,0.0,0.0,0.0,0.0,0.0,0.0
2021-04-30,0.4764623,0.0,0.0,1.7171967,1.1378796,0.0,0.0,0.0,0.0,0.4454078,1.796048,0.820741,0.8566968,0.0,0.0,0.0,0.0,0.0,0.0
2021-05-01,0.0,0.0,0.9385865,0.0,0.8744784,0.0,0.0,0.0,0.0,0.0,0.0,0.5463773,1.6583197,0.8774909,0.0,0.0,0.0,0.0,0.0
2021-05-02,0.4071216,0.0,0.5156111,0.0,0.9259025,0.0,0.0,0.0,0.0,0.2922185,0.217358,0.0,1.5816346,0.0,0.0,0.0,0.0,0.0,0.0
2021-05-03,0.6165581,0.0,0.0,0.0,1.2613088,0.0,0.0,0.0,0.0,0.0,0.0,0.4980274,0.9412351,0.0,0.0,0.0,0.0,0.0,0.0
2021-05-04,1.4935411,0.0,0.0,0.0,0.4835896,0.0,1.6350092,0.0,0.0,0.7278647,0.6219476,0.0,0.0,0.0,0.0,0.0,0.0,0.0,0.0
2021-05-05,0.7451117,0.0,0.7586456,0.0,0.3564546,0.0,0.0,0.0,0.0,1.2055433,0.0,0.9815991,0.7387195,0.0,0.0,0.0,0.0,0.0,0.0
2021-05-06,0.3015297,0.0,0.0,0.0,0.9993893,0.0,0.0,0.0,0.0,0.0,0.2607274,0.918109,0.6729608,0.5946968,0.0,0.0,0.0,0.0,0.0
2021-05-07,0.0,0.0,0.0,0.0,1.5083044,0.0,0.8994692,0.0,0.0,0.685308,0.7918859,0.0,0.0,0.0,0.0,0.0,0.0,0.0,0.0
2021-05-08,0.0,0.0,0.0,0.0,0.5993734,0.0,0.0,0.0,0.0,0.0,1.6839321,1.2791516,0.6040566,0.0,0.0,0.0,0.0,0.0,0.0
2021-05-09,1.6425939,0.0,0.0,0.0,1.7878615,0.0,0.0,0.0,0.0,0.601717,0.5103532,0.2277708,0.7838227,0.4297436,0.0,0.0,0.0,0.0,0.0
2021-05-10,0.0,0.0,0.0,0.0,1.0803895,0.0,0.0,0.0,0.0,0.0,0.0,0.9656307,1.8782204,0.0,0.0,0.0,0.0,0.0,0.0
2021-05-11,0.0,0.0,0.0,0.0,0.3102715,0.0,0.0,0.0,0.0,0.0,0.0,0.1370484,0.0,0.0,0.0,0.0,0.0,0.0,0.0
2021-05-12,0.0,0.0,0.0,0.0,0.693156,0.0,0.0,0.0,0.0,0.9618109,0.8563577,0.9267104,0.7647008,0.1120376,0.0,0.0,0.0,0.0,0.0
2021-05-13,0.0,0.0,0.0,1.4215922,0.9070858,0.0,0.0,0.0,0.0,0.0,0.1331785,0.338198,1.4544525,0.8737996,0.0,0.0,0.0,0.0,0.0
2021-05-14,0.0,0.0,0.0,0.0,1.5707101,0.0,0.0,0.0,0.0,0.7666661,0.7160814,0.5538521,0.0,1.7807454,0.0,0.0,0.0,0.0,0.0
2021-05-15,2.4121924,0.0,0.0,0.3755364,1.4279075,0.0,0.0,0.0,0.0,0.3569779,1.2995317,0.0,0.6659999,0.0,0.0,0.0,0.0,0.0,0.0
2021-05-16,0.0,0.0,0.0,0.0,0.8333613,0.0,0.9398936,0.0,0.0,0.2136879,0.0,0.5471212,0.9249968,0.9236075,0.0,0.0,0.0,0.0,0.0
2021-05-17,0.1404298,0.0,0.0,0.7777593,0.8905616,0.0,0.0,0.0,0.0,0.1449662,0.0,0.0,0.0,0.8326249,0.0,0.0,0.0,0.0,0.0
2021-05-18,0.6991093,0.0,0.0,0.0,0.8634442,0.0,0.0,0.0,0.0,1.3089299,0.0,0.7415104,0.3716043,0.0,0.0,0.0,0.0,0.0,0.0
2021-05-19,0.0,0.0,0.3792802,0.0,1.2203065,0.0,0.0,0.0,0.0,1.21097,0.520219,0.2166485,0.0,0.29329,0.0,0.0,0.0,0.0,0.0
2021-05-20,0.817632,0.0,0.0,0.0,0.4447282,0.0,0.111422,0.0,0.0,1.1796927,0.9499818,0.6582026,0.7608516,0.0,0.0,0.0,0.0,0.0,0.0
2021-05-21,0.3070051,0.0,0.0,0.0,0.6291015,0.0,0.0,0.0,0.0,0.7850115,0.9978524,0.8402117,0.0,0.9578815,0.0,0.0,0.0,0.0,0.0
2021-05-22,0.2107469,0.0,0.0,0.0,0.6878944,0.0,0.0,0.0,0.0,0.0,2.0679065,0.2988708,0.3198068,0.0,0.0,0.0,0.0,0.0,0.0
2021-05-23,0.1817408,0.0,0.0,0.0,0.8743912,0.0,0.0,0.0,0.0,1.5670934,0.166051,0.7517785,0.2050207,0.8796249,0.0,0.0,0.0,0.0,0.0
2021-05-24,0.8220641,0.0,0.0,0.0,1.415372,0.0,0.3051111,0.0,0.0,0.0,0.0,0.6549582,0.7792359,0.0,0.0,0.0,0.0,0.0,0.0
2021-05-25,0.0,0.0,0.0,0.0,1.4802513,0.0,0.0,0.0,0.0,0.4379861,0.8414036,0.4041931,0.0,1.6380988,0.0,0.0,0.0,0.0,0.0
2021-05-26,0.0,0.0,0.0,0.0,1.3987595,0.0,0.0,0.0,0.0,0.0,0.0,0.2110576,0.0,1.9659479,0.0,0.0,0.0,0.0,0.0
2021-05-27,0.0,0.0,0.0,0.0,1.1356578,0.0,0.0,0.0,0.0,0.0,0.0,0.0,0.0,0.0,0.0,0.0,0.0,0.0,0.0
2021-05-28,0.0,0.0,0.0,0.0,1.624307,0.0,0.0,0.0,0.0,0.0,0.0,0.1238075,0.0,0.0,0.0,0.0,0.0,0.0,0.0
2021-05-29,0.0,0.0,0.0,0.0,0.3779724,0.0,0.0,0.0,0.0,2.3208031,0.9135983,0.0,0.0,0.0,0.0,0.0,0.0,0.0,0.0
2021-05-30,0.2955655,0.0,0.0,0.0,1.4969312,0.0,0.1903383,0.0,0.0,0.6670144,0.7688238,0.0,0.0,0.7315216,0.0,0.0,0.0,0.0,0.0
2021-05-31,0.2419679,0.0,0.0,0.0,1.0732679,0.0,0.0,0.0,0.0,0.1090345,0.0,0.7754636,0.0,0.0,0.0,0.0,0.0,0.0,0.0
2021-06-01,0.1362653,0.0,1.0932046,0.0,1.5693246,0.0,0.0,0.0,0.0,0.5792808,0.6147222,0.1564252,0.0,0.0,0.0,0.0,0.0,0.0,0.0
2021-06-02,1.4248572,0.0,0.0,0.0,0.9094408,0.0,0.0,0.0,0.0,0.8068576,0.2329719,0.0,1.0474631,0.5994,0.0,0.0,0.0,0.0,0.0
2021-06-03,0.7126198,0.0,0.0,1.6666667,0.5266819,0.0,0.0,0.0,0.0,1.6372467,0.165931,0.0,1.131693,0.8685393,0.0,0.0,0.0,0.0,0.0
2021-06-04,0.0,0.0,0.0,0.0,0.5129446,0.0,0.0,0.0,0.0,0.0,0.0,0.5437429,0.6762172,0.0,0.0,0.0,0.0,0.0,0.0
2021-06-05,0.7973049,0.0,0.8066618,0.0,0.5246939,0.0,0.0,0.0,0.0,0.1501663,0.7308182,0.0,0.0,0.1899631,0.0,0.0,0.0,0.0,0.0
2021-06-06,1.5677594,0.0,0.0,0.0,1.7755951,0.0,0.0,0.0,0.0,0.324657,0.0,0.6091493,0.0,0.0,0.0,0.0,0.0,0.0,0.0
2021-06-07,0.8144038,0.0,0.0,0.0,0.537818,0.0,0.223219,0.0,0.0,0.0,1.5532573,0.2567287,0.0,0.0,0.0,0.0,0.0,0.0,0.0
2021-06-08,0.0,0.0,0.0,0.0,1.3126041,0.0,0.0,0.0,0.0,0.1243106,0.3169276,1.0035701,0.0,0.0,0.0,0.0,0.0,0.0,0.0
2021-06-09,0.0,0.0,0.0,0.0,2.0784621,0.0,0.0,0.0,0.0,0.0,0.3802263,0.1225585,0.0,0.0,0.0,0.0,0.0,0.0,0.0
2021-06-10,0.0,0.0,0.7852638,0.0,0.6067747,0.0,0.0,0.0,0.0,0.7582509,0.0,1.3152273,0.3347498,0.0,0.0,0.0,0.0,0.0,0.0
2021-06-11,0.0,0.0,0.0,0.0,1.6599774,0.0,0.0,0.0,0.0,0.9941927,0.0,0.648478,0.0,0.0,0.0,0.0,0.0,0.0,0.0
2021-06-12,0.0,0.0,0.0,0.0,2.5020284,0.0,0.0,0.0,0.0,0.864687,0.9426172,0.0,1.1974483,0.0,0.0,0.0,0.0,0.0,0.0
2021-06-13,0.6543303,0.0,0.0,0.0,1.3995847,0.0,0.0,0.0,0.0,1.1335117,0.5335086,0.0,0.8570906,0.0,0.0,0.0,0.0,0.0,0.0
2021-06-14,0.0,0.0,0.0,0.9456994,0.3799718,0.0,0.0,0.0,0.0,0.999,0.6781839,0.0,0.0,1.1492041,0.0,0.0,0.0,0.0,0.0
2021-06-15,0.9989999,0.0,0.0,0.0,2.705024,0.0,0.9143128,0.0,0.0,0.5613371,0.9989999,0.0,0.0,0.0,0.0,0.0,0.0,0.0,0.0
2021-06-16,0.0,0.0,0.0,0.0,0.9498529,0.0,0.3152577,0.0,0.0,0.6854876,0.0,0.8707251,0.3649038,0.4332623,0.0,0.0,0.0,0.0,0.0
2021-06-17,0.0,0.0,0.0,0.0,0.4922039,0.0,0.0,0.0,0.0,0.2789761,0.6371546,0.8256919,0.0,0.0,0.0,0.0,0.0,0.0,0.0
2021-06-18,0.0,0.0,0.0,0.0,2.4616466,0.0,0.0,0.0,0.0,1.201739,0.0,0.0,0.6744158,0.0,0.0,0.0,0.0,0.0,0.0
2021-06-19,0.0,0.0,0.0,0.0,1.2556385,0.0,0.0,0.0,0.0,0.0,0.0,1.3340471,0.0,0.0,0.0,0.0,0.0,0.0,0.0
2021-06-20,0.0,0.0,0.0,0.0,1.2390915,0.0,0.0,0.0,0.0,2.0355245,0.0,0.9190445,0.0,0.0,0.0,0.0,0.0,0.0,0.0
2021-06-21,0.0,0.0,0.0,0.0,1.1541131,0.0,0.0,0.0,0.0,0.1052032,0.0,0.0,0.4995,0.0,0.0,0.0,0.0,0.0,0.0
2021-06-22,0.0,0.0,0.0,0.0,0.6499217,0.0,0.0,0.0,0.0,0.9664367,0.0,0.8637623,0.0,0.0,0.0,0.0,0.0,0.0,0.0
2021-06-23,0.0,0.0,0.0,0.0,1.9450286,0.0,0.8869981,0.0,0.0,0.0,0.3830256,0.1690619,0.0,0.0,0.0,0.0,0.0,0.0,0.0
2021-06-24,0.0,0.0,0.0,0.0,0.253595,0.0,0.2367689,0.0,0.0,0.0,0.0,0.0,0.0,0.0,0.0,0.0,0.0,0.0,0.0
2021-06-25,0.0,0.0,0.0,0.0,2.2164209,0.0,0.0,0.0,0.0,0.0,0.0,1.7401072,0.9228717,0.0,0.0,0.0,0.0,0.0,0.0
2021-06-26,0.0,0.0,0.0,0.0,1.3443091,0.0,0.195562,0.0,0.0,0.0,0.0,0.1674994,0.0,0.0,0.0,0.0,0.0,0.0,0.0
2021-06-27,0.0,0.0,0.0,0.0,1.392625,0.0,0.6043917,0.0,0.0,0.679539,1.2052181,0.0,0.0,0.0,0.0,0.0,0.0,0.0,0.0
2021-06-28,0.0,0.0,0.0,0.0,1.5460879,0.0,0.4066107,0.0,0.0,0.0,0.0,0.1252181,0.0,0.0,0.0,0.0,0.0,0.0,0.0
2021-06-29,0.5930881,0.0,0.0,0.0,1.0496356,0.0,0.6021401,0.0,0.0,0.0,1.4993994,0.3674689,0.0,1.0352435,0.0,0.0,0.0,0.0,0.0
2021-06-30,0.2684261,0.0,0.0,0.0,1.8442522,0.0,1.1171963,0.0,0.0,0.0,1.0663785,0.5625041,0.0,0.0,0.0,0.0,0.0,0.0,0.0
2021-07-01,0.5162343,0.0,0.0,0.0,3.1869659,0.0,0.3952404,0.0,0.0,0.5507347,1.514641,0.5536375,0.8319739,0.0,0.0,0.0,0.0,0.0,0.0
2021-07-02,0.9564758,0.0,0.0,0.0,0.4776655,0.0,0.0,0.0,0.0,0.5007675,0.8159688,1.4112929,0.0,0.2452779,0.0,0.0,0.0,0.0,0.0
2021-07-03,0.8226114,0.0,0.0,0.0,1.2350153,0.0,0.0,0.0,0.0,0.3121822,0.1680492,1.5668809,0.872828,0.0,0.0,0.0,0.0,0.0,0.0
2021-07-04,0.0,0.0,0.0,0.0,1.3036771,0.0,1.2354547,0.0,0.0,0.2031032,0.1965908,0.1022199,0.2190643,0.0,0.0,0.0,0.0,0.0,0.0
2021-07-05,0.8525228,0.0,0.0,0.0,0.5251183,0.0,0.7379394,0.0,0.0,0.4777207,0.4706309,1.3055948,0.7411451,0.0,0.0,0.0,0.0,0.0,0.0
2021-07-06,1.2764941,0.0,0.0,0.0,1.5623499,0.0,0.0,0.0,0.0,0.0,0.5250347,1.650533,0.0,0.0,0.0,0.0,0.0,0.0,0.0
2021-07-07,0.4557781,0.0,0.0,0.0,1.6085007,0.0,0.0,0.0,0.0,0.2227763,0.5565916,1.4839695,1.3458047,0.0,0.0,0.0,0.0,0.0,0.0
2021-07-08,1.0471666,0.0,0.0,0.0,1.984855,0.0,0.6115659,0.0,0.0,0.0,0.3052948,0.0,1.7417909,0.0,0.0,0.0,0.0,0.0,0.0
2021-07-09,0.7674395,0.0,0.0,0.0,2.1955449,0.0,0.1405201,0.0,0.0,0.2226828,0.0,0.3147669,1.7507282,0.0,0.0,0.0,0.0,0.0,0.0
2021-07-10,0.1102596,0.0,0.9898488,0.0,0.8475201,0.0,0.0,0.0,0.0,0.0,0.7764237,2.4884102,0.0,0.0,0.0,0.0,0.0,0.0,0.0
2021-07-11,1.274187,0.0,0.0,0.0,1.3026299,0.0,0.3022532,0.0,0.0,0.7900836,0.3003574,0.6391867,0.3698481,0.4825874,0.0,0.0,0.0,0.0,0.0
2021-07-12,0.0,0.0,0.0,0.0,1.4490008,0.0,0.8514016,0.0,0.0,0.0,0.8637386,0.5750252,0.0,0.0,0.0,0.0,0.0,0.0,0.0
2021-07-13,0.7914469,0.0,0.0,0.0,1.2196092,0.0,0.0,0.0,0.0,1.2108672,0.6739422,0.6317278,0.2013491,0.0,0.0,0.0,0.0,0.0,0.0
2021-07-14,0.992167,0.0,0.0,0.3256553,1.7017453,0.0,0.0,0.0,0.0,1.0172812,0.2411475,0.2324677,0.0,0.4617238,0.0,0.0,0.0,0.0,0.0
2021-07-15,0.6920829,0.0,0.6585974,0.0,1.7575661,0.0,0.1192255,0.0,0.0,0.5781469,0.8843944,0.4982795,0.4076863,0.0,0.0,0.0,0.0,0.0,0.0
2021-07-16,0.6563862,0.0,1.8619452,0.9622072,0.8873579,0.0,0.3746497,0.0,0.0,0.7403845,0.4466718,0.0,0.7588643,0.2816038,0.0,0.0,0.0,0.0,0.0
2021-07-17,0.1009459,0.0,0.8862472,0.0,1.9997117,0.0,0.2195414,0.0,0.0,1.2626084,0.9902462,0.4086667,0.0,0.818216,0.0,0.0,0.0,0.0,0.0
2021-07-18,0.0,0.0,0.8920149,0.0,1.7483697,0.0,0.9957019,0.0,0.0,0.4084923,0.4298733,0.2688523,0.8690381,0.7110211,0.0,0.0,0.0,0.0,0.0
2021-07-19,1.5708949,0.0,0.5151111,0.0,1.1385014,0.0,0.9473498,0.0,0.0,0.515526,1.2192369,0.8345007,1.3956749,0.4021678,0.0,0.0,0.0,0.0,0.0
2021-07-20,0.0,0.0,0.0,0.0,1.3955403,0.0,0.1662726,0.0,0.0,2.50302,0.8289947,1.3015207,0.0,0.0,0.0,0.0,0.0,0.0,0.0
2021-07-21,0.0,0.0,0.0,0.0,2.3102941,0.0,0.2243411,0.0,0.0,0.0,1.5759894,0.0,1.4096699,0.0,0.0,0.0,0.0,0.0,0.0
2021-07-22,0.0,0.0,0.3254218,0.4199348,0.9408472,0.8718607,0.0,0.0,0.0,1.2801322,1.4664976,0.8606619,1.2894886,1.236032,0.298501,0.0,0.0,0.0,0.0
2021-07-23,0.0,0.0,0.7485207,0.7868209,2.3368691,0.0,1.6917224,0.0,0.0,1.1893734,0.8437937,0.2186754,1.2698312,0.8789824,0.0,0.0,0.0,0.0,0.0
2021-07-24,2.6697443,0.0,1.9810401,0.3137161,1.2176404,0.0,3.0054379,0.0,0.0,2.9773884,0.5257053,1.4943311,0.0,0.0,0.0,0.0,0.0,0.0,0.0
2021-07-25,1.3221786,0.0,1.0638406,0.0,2.1689351,0.0,0.0,0.0,0.0,1.0358705,0.8579403,0.0,2.0344414,0.4958209,0.0,0.0,0.0,0.0,0.0
2021-07-26,0.6273562,0.0,0.502795,0.0,0.6140238,0.0,1.7002841,0.0,0.0,0.5179071,0.8122045,1.5281809,2.1635193,0.9063601,0.0,0.0,0.0,0.0,0.0
2021-07-27,1.3994058,2.5102934,0.2566682,0.8204781,1.5649218,0.0,0.2640263,0.0,0.0,0.0,0.9134696,0.6647225,0.0,0.0,0.0,0.0,0.0,0.0,0.0
2021-07-28,0.1907199,0.0,1.684888,2.5931821,1.9474297,0.0,0.6997392,0.0,0.0,0.0,0.8337938,2.1580532,0.1358033,0.0,0.0,0.0,0.0,0.0,0.0
2021-07-29,0.6069371,0.0,1.3212015,2.2481285,1.4453383,0.0,0.3304173,0.0,0.0,0.4192258,2.2999679,0.2317888,0.2488449,0.9227739,0.0,0.0,0.0,0.0,0.0
2021-07-30,1.44195,0.0,4.0064487,0.0,0.9700486,0.0,0.5149545,0.0,0.0,0.9265752,0.6263304,1.3212873,3.1273252,0.0,0.0,0.0,0.0,0.0,0.0
2021-07-31,0.6014737,0.0,0.6533269,0.0,1.3115162,0.0,0.9219594,0.0,0.0,0.0,0.681499,1.4604883,1.6026481,0.0,0.0,0.0,0.0,0.0,0.0
2021-08-01,0.0753763,0.0,0.0,0.228512,1.1555106,0.0,0.6299308,0.0,0.0,0.2381792,0.4603826,0.6088614,0.9637223,0.4563585,0.0,0.0,0.0,0.0,0.0
2021-08-02,0.4329325,0.0,1.0494886,0.0,1.3946962,0.0,0.0,0.0,0.0,0.61796,0.0758408,0.0,0.3597429,0.0,0.0,0.0,0.0,0.0,0.0
2021-08-03,0.4469033,0.0,0.7910936,0.0,1.0114752,2.0482732,0.3312098,0.0,0.0,0.648483,0.6210558,0.981111,1.2087659,0.223785,0.0,0.0,0.0,0.0,0.0
2021-08-04,0.0,0.0,0.0,1.693409,1.3795842,0.0,0.1212745,0.0,0.0,0.7102508,1.1009236,1.2393683,0.3780808,0.3978111,0.0,0.0,0.0,0.0,0.0
2021-08-05,0.719568,0.0,0.9987346,1.8335718,1.0811169,0.0,0.7000643,0.0,0.0,1.1630809,0.5717241,1.2984923,1.8607633,0.0,0.0,0.0,0.0,0.0,0.0
2021-08-06,1.1439061,0.0,0.4722826,2.3923783,0.8290487,0.0,1.2014699,0.0,0.0,0.7280663,0.9646425,0.889535,1.0567385,0.0,0.0,0.0,0.0,0.0,0.0
2021-08-07,0.4877336,0.0,0.2198449,0.0,2.5056102,0.0,1.4946272,0.0,0.0,0.6493273,1.1392253,1.7435267,0.9211091,0.0,0.0,0.0,0.0,0.0,0.7293758
2021-08-08,1.492938,0.0,0.4424498,1.2498628,2.4378311,0.6521739,1.3393693,0.0,0.0,0.7514843,0.2881784,2.546706,1.7977837,0.1195746,0.0,0.0,0.0,0.0,0.0
2021-08-09,0.0,0.0,0.0,1.2096816,0.5285603,0.0,0.5080944,0.0,0.0,0.1056753,0.854454,0.6243709,0.6433116,1.4002325,0.0,0.0,0.0,0.0,0.0
2021-08-10,1.3155459,0.9132033,1.1311783,1.5795157,1.2345622,0.0,0.8717537,0.0,0.0,1.2735776,0.9638738,0.3568027,1.0969985,0.6942951,0.0,0.0,0.0,0.0,0.0
2021-08-11,0.0879964,2.0092039,1.5172694,1.4344157,1.4105434,0.0,0.4759362,0.0,0.0,0.8350417,1.540128,0.5803887,0.0,0.0,0.0,0.0,0.0,0.0,1.2857031
2021-08-12,1.6433631,1.8333333,1.1882325,1.241724,0.9660338,0.0,0.8050584,0.0,0.0,0.4214979,1.1760791,0.5875966,0.6313421,0.7806487,0.0,0.0,0.0,0.0,0.8832934
2021-08-13,1.8625571,0.0,0.0,1.478424,1.8577073,0.0,1.6001527,0.0,0.0,0.289798,2.5785394,1.8146264,0.8185555,0.0,0.0,0.0,0.0,0.0,0.0
2021-08-14,0.0,1.6124984,0.8455465,0.532934,1.1442509,0.0,0.1346666,0.0,0.0,0.811864,0.9365462,0.9611847,1.7318519,0.1754725,0.0,0.0,0.0,0.0,0.0
2021-08-15,0.0,2.2103195,0.5746571,1.219902,0.9617978,0.25,0.0,0.0,0.0,1.3573832,1.2449036,1.4141162,1.3121571,0.0,0.0,0.0,0.0,0.0,0.0
2021-08-16,0.1676987,1.4497203,0.5906295,0.2199065,0.5709983,1.9390893,0.1692474,0.0,0.0,1.4887936,2.472267,0.3685018,0.5548467,0.0,0.0,0.0,0.0,0.0,0.0
2021-08-17,0.2835367,0.0,0.1374164,2.8416305,0.5903395,0.8567647,0.3898006,0.0,0.0,1.1792996,1.2485708,1.1787686,1.7362647,1.2127708,0.0,0.0,0.0,0.0,0.0
2021-08-18,0.0,1.5580382,0.9517819,1.4616303,0.8809875,0.9150638,0.2140803,0.0,0.0,1.5613343,0.2183761,0.7536907,1.3812125,1.2426886,0.0,0.0,0.0,0.0,0.75
2021-08-19,1.0204923,0.1200729,0.0,2.1029231,1.2178971,0.0,0.9982282,0.0,0.0,0.910202,0.9094151,2.094612,1.8995474,1.1369945,0.0,0.0,0.0,0.0,0.0
2021-08-20,2.2951033,2.0660627,0.0,1.0608158,0.9642651,0.0,0.7876205,0.0,0.0,1.0501483,0.7803722,1.3133839,0.4576373,1.4321425,0.0,0.0,0.0,0.0,0.0
2021-08-21,0.4330315,0.0,0.6817546,1.747845,1.3898811,0.0,0.4112172,0.0,0.0,0.5471473,1.0554362,0.5216061,0.0,0.2925866,0.0,0.0,0.0,0.0,0.0
2021-08-22,0.8539278,0.0,0.0,0.8862583,1.3063913,1.7379308,1.2389922,0.0,0.0,0.9992217,0.54091,0.1696962,0.3653365,2.0279859,0.0,0.0,0.0,0.0,0.3719242
2021-08-23,0.3432284,0.6152175,1.3873598,1.4704385,2.7995666,0.0,0.6635353,0.0,0.0,0.7574726,0.1738694,0.6059113,1.1939455,1.7783833,0.0,0.0,0.0,0.0,0.0
2021-08-24,0.0,1.6112052,0.9302555,0.4689525,1.8877354,0.207195,0.1055078,0.0,0.0,0.7876629,1.0763238,0.6200727,0.0603939,0.3474846,0.0,0.0,0.0,0.0,0.0
2021-08-25,0.4324867,2.0169157,0.0,1.1039982,1.495487,0.0,1.236045,0.0,0.0,0.9595206,1.1964804,0.641339,0.0,0.8783017,0.0,0.0,0.0,0.0,0.0
2021-08-26,1.0217079,0.0,0.7563955,1.9258162,2.1734158,0.0,0.5313558,0.0,0.0,0.6103608,1.9087924,0.448644,1.8635623,1.9385461,0.0,0.0,0.0,0.0,0.0
2021-08-27,0.214382,0.9683768,0.0,1.9333333,0.5135932,0.0,0.1434556,0.0,0.0,1.797119,1.5066834,1.1644564,0.7303846,0.0,0.0,0.0,0.0,0.0,0.0
2021-08-28,0.8151527,0.0,0.0,1.3873849,0.9032458,1.4133244,0.0,0.0,0.0,1.1340834,0.4861883,1.1311637,0.2561203,0.8670797,0.0,0.0,0.0,0.0,0.0
2021-08-29,0.8488847,0.0,1.0303431,3.32703,0.747562,1.2000089,0.0,0.0,0.0,0.3572025,1.3088634,0.3679316,0.5349848,0.7892599,0.0,0.0,0.0,0.0,0.0
2021-08-30,0.4943047,2.9969608,0.8845344,0.0,0.9100202,0.0,0.0,0.0,0.0,1.785999,1.1738655,0.1372108,0.2152036,0.3123602,0.0,0.0,0.0,0.0,2.0809524
2021-08-31,0.0,3.9098712,0.2115679,0.4335215,1.5176797,0.8309687,0.4760929,0.0,0.0,0.5046633,0.8956847,0.1420813,0.970718,0.4481523,0.0,0.0,0.0,0.0,0.0
2021-09-01,0.9785307,3.6143276,0.1836333,2.079391,2.0674177,0.2282329,0.0,0.0,0.0,0.621979,1.8735118,0.4362388,0.1665,0.816993,0.0,0.0,0.0,0.0,0.0
2021-09-02,0.7879489,3.5266896,2.5502316,0.0,0.6892942,0.0,0.3459023,0.0,0.0,1.319814,1.8605036,1.0402885,1.2270053,0.4327872,0.0,0.0,0.0,0.0,0.0
2021-09-03,0.7610728,1.5514531,0.7900001,0.0,1.1889966,0.0,0.0,0.0,0.0,0.3681386,1.4524715,1.2162815,0.0,0.4778475,0.0,0.0,0.0,0.0,0.0
2021-09-04,0.8578897,2.0922308,0.0,1.58181,0.8773352,0.0,0.4179544,0.0,0.0,2.8566462,0.5362947,0.5090746,0.0,0.0,0.0,0.0,0.0,0.0,0.0
2021-09-05,0.4100849,2.6247473,0.0510512,0.0,1.4883178,1.2779509,1.1967937,0.0,0.0,2.3465936,2.6141686,1.9300691,0.2973303,0.0,0.0,0.0,0.0,0.0,0.0
2021-09-06,0.725785,1.0638816,0.2015472,2.2237801,2.512323,0.0,0.4977788,0.0,0.0,0.5297239,1.0011319,1.2348916,0.6852092,0.6926414,0.0,0.0,0.0,0.0,0.0
2021-09-07,0.8706379,1.7102639,1.4082634,3.0017783,1.0670991,0.0,0.0,0.0,0.0,1.0902305,0.0,0.9109551,1.0800748,0.0,0.0,0.0,0.0,0.0,0.0
2021-09-08,1.3058941,0.9482193,0.4951064,3.3932458,1.5443242,0.6763779,0.1275264,0.0,0.0,0.4796219,2.2503693,1.1428285,0.2232155,0.1963463,0.0,0.0,0.0,0.0,0.0
2021-09-09,2.305227,0.0,1.5911796,1.1374848,2.6883529,0.0,0.38672,0.0,0.0,0.8164767,0.1131194,1.7396521,0.0,0.479215,0.0,0.0,0.0,0.0,0.0
2021-09-10,0.1032742,3.8666667,0.9166533,3.431753,1.2875325,0.0,0.0,0.0,0.0,1.0019855,0.6555469,0.3445151,0.0,0.0,0.0,0.0,0.0,0.0,0.0
2021-09-11,1.3143859,1.8364432,0.0,1.007396,2.0588128,0.0,0.0,0.0,0.0,1.7082015,0.8663075,0.5131117,0.0,1.0,0.0,0.0,0.0,0.0,0.0
2021-09-12,0.7329233,1.2427258,0.0,0.653563,1.6889181,0.0,0.2065318,0.0,0.0,0.7437612,0.2246773,0.8372786,1.0088759,0.0,0.0,0.0,0.0,0.0,0.0
2021-09-13,0.5817031,0.0,0.3888479,0.8851552,1.2733327,0.0,1.0987978,0.0,0.0,0.4391841,0.2683162,0.9330761,0.8787577,0.7007551,0.0,0.0,0.0,0.0,0.0
2021-09-14,0.0,0.0,1.9892489,0.3135387,1.6293941,0.0,0.0,0.0,0.0,0.8840593,1.0199251,0.1793558,0.5959936,0.0,0.0,0.0,0.0,0.0,0.0
2021-09-15,0.0,2.4601181,1.0527563,1.0,0.5672841,0.0,0.6900242,0.0,0.0,0.5404001,1.2857002,1.6172247,0.0,2.1837673,0.0,0.0,0.0,0.0,0.0
2021-09-16,0.0,1.3360345,0.8012799,1.3510844,2.3649665,0.0,0.4914414,0.0,0.0,0.9730822,0.0,0.0,0.8156603,0.537667,0.0,0.0,0.0,0.0,0.0
2021-09-17,0.4100345,0.0,0.0,1.6676995,1.7431704,0.0,0.3108314,0.0,0.0,0.8399062,3.1141886,0.807826,0.0,1.2953683,0.0,0.0,0.0,0.0,0.0
2021-09-18,0.390254,0.0,0.0,1.9335145,1.9244054,0.0,0.0,0.0,0.0,0.5847038,0.4556151,1.416586,0.0535183,0.0,0.0,0.0,0.0,0.0,0.0
2021-09-19,0.0,0.0,1.6502355,0.0,2.4137336,0.0,0.8324999,0.0,0.0,0.9839231,0.8058594,0.3702495,0.0,0.0,0.0,0.0,0.0,0.0,0.0
2021-09-20,0.0,2.3494717,0.0,2.3183925,1.7324263,0.0,1.2524825,0.0,0.0,3.4715587,0.3997348,0.2877305,0.838018,1.0400827,0.0,0.0,0.0,0.0,0.0
2021-09-21,0.7573045,0.0,0.7924133,0.0,1.424996,0.0,0.0,0.0,0.0,0.2516705,1.2720795,0.2213935,0.3888466,1.870186,0.0,0.0,0.0,0.0,0.0
2021-09-22,1.5551878,1.6941248,0.1398369,5.1287605,1.3354123,0.0,0.0,0.0,0.0,0.6613659,1.3883572,0.2239322,0.6869642,1.7308295,0.0,0.0,0.0,0.0,0.0
2021-09-23,1.2175518,0.0,0.1993389,0.8537453,1.219174,0.0,0.1408464,0.0,0.0,0.6533391,1.1277954,1.3891219,0.7992,1.1957557,0.0,0.0,0.0,0.0,0.0
2021-09-24,0.2207508,0.0,0.1978172,0.0,0.7742185,0.0,0.733704,0.0,0.0,3.4206973,2.5717224,0.4635155,0.6448597,0.0,0.0,0.0,0.0,0.0,0.0
2021-09-25,0.0,0.0,0.0,1.1477458,1.3307656,0.0,0.3489685,0.0,0.0,0.5744446,0.8707592,1.0966695,1.1719434,0.0,0.0,0.0,0.0,0.0,0.0
2021-09-26,0.1352019,0.0,0.0,0.0,1.4971011,0.0,0.5175624,0.0,0.0,0.1317402,0.8459176,2.4201842,0.3926594,0.0,0.0,0.0,0.0,0.0,0.0
2021-09-27,1.3655867,0.0,0.0,0.0,0.9556069,0.0,0.3058605,0.0,0.0,1.8234946,1.1216632,2.2833808,1.1457936,0.0,0.0,0.0,0.0,0.0,0.0
2021-09-28,0.6603172,0.0,0.0,0.0,1.0987192,0.0,0.6001951,0.0,0.0,1.9270391,1.0522537,1.7553482,0.3033244,0.0,0.0,0.0,0.0,0.0,0.0
2021-09-29,0.3799016,0.0,0.0,0.0,2.0996376,0.0,0.9419533,0.0,0.0,1.7361321,0.8994221,0.5217647,0.0,0.0,0.0,0.0,0.0,0.0,0.0
2021-09-30,1.3256718,0.0,0.0,0.0,1.3146139,0.0,0.8213535,0.0,0.0,3.4268499,1.2786273,0.3743525,0.9460476,0.0,0.0,0.0,0.0,0.0,0.0
2021-10-01,0.8902922,0.0,0.0,0.0,0.9285981,0.0,1.6720585,0.0,0.0,0.2259186,1.1720757,0.0,0.8684735,0.0,0.0,0.0,0.0,0.0,0.0
2021-10-02,0.5381346,0.0,0.0,0.0,1.1867393,0.0,0.4163565,0.0,0.0,0.3393187,2.194912,0.5368889,0.0,0.0,0.0,0.0,0.0,0.0,0.0
2021-10-03,0.8082876,0.0,0.0,0.0,1.7994081,0.0,0.0,0.0,0.0,2.0517755,0.4374659,1.3532416,0.0,0.0,0.0,0.0,0.0,0.0,0.0
2021-10-04,0.0,0.0,0.0,0.0,0.6329497,0.0,0.0,0.0,0.0,0.0,0.0,0.2084947,0.0,0.0,0.0,0.0,0.0,0.0,0.0
2021-10-05,1.2793823,0.0,1.4748074,0.0,2.0875586,0.0,0.7457783,0.0,0.0,0.3129837,2.0966598,0.5259254,0.8699319,0.0,0.0,0.0,0.0,0.0,0.0
2021-10-06,0.0,0.0,0.0,0.0,1.4430193,0.0,1.4734495,0.0,0.0,0.0,0.7836706,0.542689,0.8664597,0.0,0.0,0.0,0.0,0.0,0.0
2021-10-07,1.3847466,0.0,0.0,0.0,1.2037243,0.0,1.9928138,0.0,0.0,0.805384,2.1624937,0.1084356,1.1561292,0.0,0.0,0.0,0.0,0.0,0.0
2021-10-08,0.0,0.0,0.0,0.0,0.4345999,0.0,0.0,0.0,0.0,0.0,0.7923881,1.4974948,0.0,0.0,0.0,0.0,0.0,0.0,0.0
2021-10-09,0.0,0.0,0.0,0.0,1.879452,0.0,0.7511692,0.0,0.0,0.5337595,0.2828511,0.0,0.0,0.0,0.0,0.0,0.0,0.0,0.0
2021-10-10,0.3197521,0.0,0.0,0.0,0.9912431,0.0,0.0,0.0,0.0,1.5506567,1.3155221,0.0,0.0,0.0,0.0,0.0,0.0,0.0,0.0
2021-10-11,0.0,0.0,0.0,0.0,1.7383202,0.0,2.2582698,0.0,0.0,2.6162562,0.0,1.1777148,0.2396963,0.0,0.0,0.0,0.0,0.0,0.0
2021-10-12,0.0,0.0,0.0,0.0,1.2000891,0.0,0.3037764,0.0,0.0,0.3825972,0.0,0.9618817,0.0,0.0,0.0,0.0,0.0,0.0,0.0
2021-10-13,0.0,0.0,0.0,0.0,0.8245854,0.0,0.0,0.0,0.0,0.0,0.0,0.8179739,3.3147582,0.0,0.0,0.0,0.0,0.0,0.0
2021-10-14,0.0,0.0,0.0,0.0,0.1947414,0.0,0.0,0.0,0.0,1.993847,0.5571276,1.1710042,0.0,0.0,0.0,0.0,0.0,0.0,0.0
2021-10-15,1.8831209,0.0,0.0,0.0,1.1627699,0.0,0.0,0.0,0.0,0.0,0.0,0.3768714,0.0,0.0,0.0,0.0,0.0,0.0,0.0
2021-10-16,0.0,0.0,0.0,0.0,1.0325444,0.0,0.0,0.0,0.0,0.7158935,0.0,1.539796,0.0,0.0,0.0,0.0,0.0,0.0,0.0
2021-10-17,0.0,0.0,0.0,0.0,0.7867035,0.0,0.0,0.0,0.0,0.2583681,0.0,0.4145124,0.0,0.0,0.0,0.0,0.0,0.0,0.0
2021-10-18,0.0,0.0,0.0,0.0,1.406297,0.0,0.0857545,0.0,0.0,0.0,0.310648,0.333,0.0,0.0,0.0,0.0,0.0,0.0,0.0
2021-10-19,0.0,0.0,0.0,0.0,1.6971896,0.0,0.1494095,0.0,0.0,1.9272261,2.7534479,0.7353071,0.0,0.0,0.0,0.0,0.0,0.0,0.0
2021-10-20,0.0,0.0,0.0,0.0,1.6537908,0.0,0.0,0.0,0.0,0.4,2.3511592,1.4677544,0.0,0.0,0.0,0.0,0.0,0.0,0.0
2021-10-21,0.0,0.0,0.0,0.0,1.5867728,0.0,1.4127329,0.0,0.0,0.9346544,0.0,0.3534432,0.0,0.0,0.0,0.0,0.0,0.0,0.0
2021-10-22,1.844159,0.0,0.0,0.0,2.1532662,0.0,0.0,0.0,0.0,0.5177678,1.0610936,0.0,0.0,0.0,0.0,0.0,0.0,0.0,0.0
2021-10-23,0.0,0.0,0.0,0.0,3.9483986,0.0,0.0,0.0,0.0,0.9088876,1.0983624,0.7043186,0.0,0.0,0.0,0.0,0.0,0.0,0.0
2021-10-24,0.0,0.0,0.0,0.0,1.911596,0.0,0.304928,0.0,0.0,0.0,0.7063258,1.1187815,0.2849167,0.0,0.0,0.0,0.0,0.0,0.0
2021-10-25,1.4927683,0.0,0.0,0.0,0.8323654,0.0,0.859493,0.0,0.0,1.2095916,0.0,0.0,0.4550039,0.0,0.0,0.0,0.0,0.0,0.0
2021-10-26,0.0,0.0,0.0,0.0,1.4090827,0.0,0.0,0.0,0.0,0.0,1.1596084,1.4435964,0.0,0.0,0.0,0.0,0.0,0.0,0.0
2021-10-27,1.682015,4.8321895,0.0,0.0,1.05928,0.0,1.2130173,0.0,0.0,0.4780341,0.2114982,0.7009463,3.2169409,1.3585705,0.0,0.0,0.0,0.0,0.0
2021-10-28,0.8115084,0.0,0.0,0.0,0.8095128,0.0,0.0,0.0,0.0,0.9267506,0.8878829,0.0,0.0,0.0,0.0,0.0,0.0,0.0,0.0
2021-10-29,0.7247594,0.0,0.0,0.0,1.1984738,0.0,0.0,0.0,0.0,0.3234322,0.3790481,0.4655213,0.0,0.0,0.0,0.0,0.0,0.0,0.0
2021-10-30,0.219276,0.0,0.0,0.0,2.7887588,0.0,0.8296254,0.0,0.0,0.7996844,0.9616503,0.0625157,0.7279127,0.0,0.0,0.0,0.0,0.0,0.0
2021-10-31,0.8737847,0.0,0.1428571,0.0,3.2321927,0.0,0.8234568,0.0,0.0,1.5673637,1.1447298,0.5891129,0.0,0.0,0.0,0.0,0.0,0.0,0.0
2021-11-01,1.0757816,0.0,0.0,0.0,1.481508,0.0,0.0,0.0,0.0,2.8361688,0.5040345,0.1767938,1.7268375,0.0,0.0,0.0,0.0,0.0,0.0
2021-11-02,0.4186422,0.0,0.0,0.0,1.1190763,0.0,0.1341516,0.0,0.0,0.447421,2.2978408,0.6328283,0.9691281,0.0,0.0,0.0,0.0,0.0,0.0
2021-11-03,0.0,0.0,0.0,0.0,1.1748293,0.0,0.8490203,0.0,0.0,1.1082575,1.786292,1.4738522,0.0,0.0,0.0,0.0,0.0,0.0,0.0
2021-11-04,1.243795,0.0,0.0,0.0,1.7156609,0.0,1.9208842,0.0,0.0,0.8426595,1.2226568,0.9704167,1.5,0.0,0.0,0.0,0.0,0.0,0.0
2021-11-05,0.5388115,0.0,0.0,0.0,2.6477594,0.0,0.4451672,0.0,0.0,2.4271822,0.0,0.1198726,1.6038137,0.0,0.0,0.0,0.0,0.0,0.0
2021-11-06,1.3655177,0.0,0.0,0.0,1.6332681,0.0,3.7941111,0.0,0.0,0.8064897,1.3964779,0.1164744,1.1705093,0.0,0.0,0.0,0.0,0.0,0.0
2021-11-07,0.7087571,0.0,0.0,0.326614,0.997312,0.0,0.3477746,0.0,0.0,0.9926004,1.5949495,0.62179,0.0,0.0,0.0,0.0,0.0,0.0,0.0
2021-11-08,0.7065849,0.0,0.0,0.0,2.124225,0.0,0.0,0.0,0.0,1.2939029,0.0,1.4773558,0.4061899,0.0,0.0,0.0,0.0,0.0,0.0
2021-11-09,1.0816049,0.0,0.0,0.0,1.4902231,0.0,0.0,0.0,0.0,0.0,2.0207773,0.3126774,1.925098,0.0,0.0,0.0,0.0,0.0,0.0
2021-11-10,2.2716877,0.0,0.0,0.0,3.671059,0.0,0.8373282,0.0,0.0,0.0,0.0,0.4107381,0.0,0.0,0.0,0.0,0.0,0.0,0.0
2021-11-11,1.9174548,0.0,0.0,0.0,2.4618273,0.0,0.7164688,0.0,0.0,1.2584144,2.090986,0.1836681,1.2911942,0.0,0.0,0.0,0.0,0.0,0.0
2021-11-12,1.1236412,0.0,0.0,0.0,2.6296507,0.0,1.2765058,0.0,0.0,0.7908099,0.7217637,1.0484298,0.0,0.0,0.0,0.0,0.0,0.0,0.0
2021-11-13,1.5204131,0.0,0.0,0.0,3.049759,0.0,0.0,0.0,0.0,0.3555646,0.1527417,1.7791801,0.0,0.0,0.0,0.0,0.0,0.0,0.0
2021-11-14,0.0,0.0,0.0,0.0,2.2447048,0.0,0.0715618,0.0,0.0,1.2740586,1.1569306,2.1684509,1.9740188,0.0,0.0,0.0,0.0,0.0,0.0
2021-11-15,1.3713665,0.0,0.0,0.0,0.9800974,0.0,0.0,0.0,0.0,1.1399786,1.1031743,0.0,0.0,0.0,0.0,0.0,0.0,0.0,0.0
2021-11-16,2.2277987,0.0,0.0,0.0,1.0932074,0.0,0.0,0.0,0.0,0.0,0.9419758,1.4139392,0.0,0.0,0.0,0.0,0.0,0.0,0.0
2021-11-17,0.0,0.0,0.0,0.0,1.2517971,0.0,0.6268466,0.0,0.0,0.7221385,1.5797671,1.0454598,0.0,0.0,0.0,0.0,0.0,0.0,0.0
2021-11-18,0.066724,0.0,0.0,0.0,1.6601008,0.0,0.0,0.0,0.0,1.2426321,0.1532852,1.1529829,0.4568608,0.0,0.0,0.0,0.0,0.0,0.0
2021-11-19,0.0,0.0,0.0,0.0,1.7304973,0.0,2.5772137,0.0,0.0,0.1805144,1.098272,0.1245456,0.0,0.0,0.0,0.0,0.0,0.0,0.0
2021-11-20,0.0,0.0,0.0,0.0,0.8816395,0.0,0.3180093,0.0,0.0,1.2873304,1.1352173,0.9238579,1.5,0.0,0.0,0.0,0.0,0.0,0.0
2021-11-21,0.0,0.0,0.0,0.0,2.1390346,0.0,0.5104517,0.0,0.0,0.4120269,0.4696498,0.0,0.0,0.0,0.0,0.0,0.0,0.0,0.0
2021-11-22,1.7,0.0,0.0,0.0,2.6322523,0.0,0.1427143,0.0,0.0,0.9687246,0.9411431,0.6157817,0.9829618,0.0,0.0,0.0,0.0,0.0,0.0
2021-11-23,0.8576238,0.0,0.0,0.0,1.9625228,0.0,0.1249468,0.0,0.0,0.0,1.1547378,1.10862,0.0,0.0,0.0,0.0,0.0,0.0,0.0
2021-11-24,0.0,0.0,0.0,0.0,1.4357326,0.0,0.0,0.0,0.0,0.8823309,0.2730698,0.5129255,0.0,0.0,0.0,0.0,0.0,0.0,0.0
2021-11-25,0.0,0.0,0.0,0.0,0.7993821,0.0,1.8904476,0.0,0.0,0.0,0.0,2.0670444,0.0,0.0,0.0,0.0,0.0,0.0,0.0
2021-11-26,0.0,0.0,0.0,0.0,2.0916872,0.0,0.903461,0.0,0.0,0.0,2.1746889,1.0497785,0.0,0.0,0.0,0.0,0.0,0.0,0.0
2021-11-27,0.0,0.0,0.0,0.0,1.6808259,0.0,0.2577884,0.0,0.0,0.5200657,1.7075585,0.73254,0.0,0.0,0.0,0.0,0.0,0.0,0.0
2021-11-28,0.8064442,0.0,0.8333333,0.0,1.1543705,0.0,0.3908342,0.0,0.0,1.1242414,0.0,0.7062714,0.0,0.9894026,0.0,0.0,0.0,0.0,0.0
2021-11-29,0.3498419,0.0,0.0,0.0,1.1245655,0.0,0.1076855,0.0,0.0,0.0,1.2220991,1.6383701,0.8328549,0.0,0.0,0.0,0.0,0.0,0.0
2021-11-30,0.2481529,0.0,0.0,0.0,0.4259852,0.0,0.5988848,0.0,0.0,0.282725,1.0378674,1.6908093,1.2857143,0.0,0.0,0.0,0.0,0.0,0.0
2021-12-01,0.9437825,0.0,0.0,0.0,0.4710571,0.0,1.4442775,0.0,0.0,1.5328074,2.6933175,2.0885997,0.0,0.3971544,0.0,0.0,0.0,0.0,0.0
2021-12-02,0.2005524,0.0,0.0,0.0,1.8512213,0.0,0.3477299,0.0,0.0,0.2414986,0.0,0.3583402,0.9366822,0.0,0.0,0.0,0.0,0.0,0.0
2021-12-03,0.0,0.0,0.0,0.0,1.68948,0.0,0.0,0.0,0.0,1.2060569,1.7952395,1.0427735,0.0,0.0,0.0,0.0,0.0,0.0,0.0
2021-12-04,0.0,0.0,0.0,0.0,2.1012132,0.0,0.0,0.0,0.0,0.658883,0.9043639,0.0553062,0.9362644,0.0,0.0,0.0,0.0,0.0,0.0
2021-12-05,0.0,0.0,0.0,0.0,1.6020462,0.0,1.4483565,0.0,0.0,0.1442315,2.0634585,1.1464974,0.6623627,0.2446787,0.0,0.0,0.0,0.0,0.0
2021-12-06,0.2099976,0.0,0.0,0.0,2.5575358,0.0,2.0141237,0.0,0.0,1.7175983,1.2882394,0.3772848,0.0,0.0,0.0,0.0,0.0,0.0,0.0
2021-12-07,0.4164702,0.0,0.0,0.0,1.9561085,0.0,0.2741468,0.0,0.0,0.0,0.0,1.1366378,0.0,0.0,0.0,0.0,0.0,0.0,0.0
2021-12-08,0.0,0.0,0.0,0.0,0.7016004,0.0,1.3000858,0.0,0.0,2.5518464,1.2753251,0.9922426,0.4877998,0.0,0.0,0.0,0.0,0.0,0.0
2021-12-09,0.0,0.0,0.0,0.0,2.0676436,0.0,0.767942,0.0,0.0,1.4135963,0.0,1.1646556,0.0,0.0,0.0,0.0,0.0,0.0,0.0
2021-12-10,0.5233618,0.0,0.0,0.0,1.3169359,0.0,0.0,0.0,0.0,1.9169829,0.0,0.7708867,0.0,0.0,0.0,0.0,0.0,0.0,0.0
2021-12-11,0.0,0.0,0.0,0.0,1.4243635,0.0,1.7639941,0.0,0.0,0.8947932,0.208381,2.4798205,0.0,0.0,0.0,0.0,0.0,0.0,0.0
2021-12-12,0.9316904,0.0,0.0,0.0,0.9694173,0.0,1.0007055,0.0,0.0,0.957071,0.0,0.7391715,0.0,0.0,0.0,0.0,0.0,0.0,0.0
2021-12-13,0.0,0.0,0.0,0.0,1.7281585,0.0,0.5832148,0.0,0.0,0.7348722,0.4710446,1.4958655,0.0,0.0,0.0,0.0,0.0,0.0,0.0
2021-12-14,0.0,0.0,0.0,0.0,1.0010252,0.0,0.0,0.0,0.0,1.152758,0.7363723,0.29061,0.8623264,0.0,0.0,0.0,0.0,0.0,0.0
2021-12-15,0.0,0.0,0.0,0.0,1.9601314,0.0,0.0,0.0,0.0,1.9107777,1.5309959,0.8283399,0.2305455,0.0,0.0,0.0,0.0,0.0,0.0
2021-12-16,0.0,0.0,0.0,0.0,1.3828756,0.0,0.0,0.0,0.0,0.0,0.0,0.9896235,0.0,0.0,0.0,0.0,0.0,0.0,0.0
2021-12-17,2.2548173,0.0,0.0,0.0,1.6676567,0.0,0.0,0.0,0.0,0.5678876,1.9546684,0.0,0.0,0.0,0.0,0.0,0.0,0.0,0.0
2021-12-18,1.2070553,0.0,0.0,0.0,1.6457932,0.0,0.1912326,0.0,0.0,1.2683106,0.0,1.1278901,0.999,0.0,0.0,0.0,0.0,0.0,0.0
2021-12-19,1.6935634,0.0,0.0,0.0,1.587698,0.0,0.2241555,0.0,0.0,1.2962151,0.0,0.159602,0.9903934,0.0,0.0,0.0,0.0,0.0,0.0
2021-12-20,0.0,0.0,0.0,0.0,2.6048917,0.0,0.7379403,0.0,0.0,0.6871613,1.7560944,2.0420445,0.0,0.0,0.0,0.0,0.0,0.0,0.0
2021-12-21,0.4060604,0.0,0.0,0.0,1.4508669,0.0,0.2865053,0.0,0.0,1.0586505,0.518248,1.5960655,1.8827534,0.0,0.0,0.0,0.0,0.0,0.0
2021-12-22,2.7725356,0.0,0.0,0.0,2.5952491,0.0,0.8580992,0.0,0.0,0.5371886,0.5191516,2.3868078,0.0,0.0,0.0,0.0,0.0,0.0,0.0
2021-12-23,1.7375123,0.0,0.0,0.0,1.336742,0.0,1.4758853,0.0,0.0,1.4642912,1.2548599,1.0692066,1.5198566,0.0,0.0,0.0,0.0,0.0,0.0
2021-12-24,0.3977066,0.0,0.9125102,0.0,2.2303359,0.0,4.1213279,0.0,0.0,0.4142346,0.846594,1.4034711,0.8757032,0.0,0.0,0.0,0.0,0.0,0.0
2021-12-25,2.6978017,0.0,0.0,0.0,3.2441831,0.0,0.3818389,0.0,0.0,0.8987194,3.1401615,1.2276344,0.0,0.0,0.0,0.0,0.0,0.0,0.0
2021-12-26,1.1774274,0.0,0.0,0.0,2.4928234,0.0,0.0,0.0,0.0,2.2437699,4.3936057,1.2619351,1.4119774,1.2205967,0.0,0.0,0.0,0.0,0.0
2021-12-27,2.0548284,0.0,0.3296517,0.0,2.5987015,0.0,2.9458795,0.0,0.0,1.1618309,2.6844248,2.6305939,1.6248065,1.9875001,0.0,0.0,0.0,0.0,0.0
2021-12-28,2.0912267,0.0,0.3666667,0.0,2.0907165,0.0,1.1264806,0.0,0.0,2.6930463,1.707781,3.3998732,0.9926841,1.1964943,0.0,0.0,0.0,0.0,0.0
2021-12-29,1.074863,0.0,2.3335364,3.5445969,6.3515574,0.0,3.1329566,0.0,0.0,1.797294,1.7686384,2.8909535,1.741069,0.0,0.0,0.0,0.0,0.0,0.0
2021-12-30,2.6857054,0.0,0.0,0.0,3.467774,0.0,0.9020444,0.0,0.0,3.9273085,1.8847288,3.2798144,2.7592492,4.3682093,0.0,0.0,0.0,0.0,0.0
2021-12-31,2.5297183,0.0,4.6303908,0.0,4.3170453,0.0,1.2541257,0.0,0.0,0.8734233,3.7544764,4.0996101,2.5772307,1.0,0.0,0.0,0.0,0.0,0.0
2022-01-01,4.4111939,0.0,2.4599398,0.0,3.2159812,0.0,0.801296,0.0,0.0,2.5910696,1.2787907,3.1670934,1.1969815,0.8648023,0.0,0.0,0.0,0.0,0.0
2022-01-02,2.3278784,0.0,0.0,3.5394359,3.5838283,0.0,2.4415149,0.0,0.0,2.0393348,2.2610641,4.6250913,2.5855452,0.0,0.0,0.0,0.0,0.0,0.0
2022-01-03,4.9410417,0.0,2.1834031,3.7430742,4.0408105,0.0,4.3842012,0.0,0.0,1.7071802,3.525,4.2782173,1.6542167,1.0667475,0.0,0.0,0.0,0.0,0.0
2022-01-04,0.9362812,0.0,3.9783454,2.5933662,4.1452722,0.0,3.5869946,0.0,0.0,3.4077955,3.4647699,4.1929046,2.0528926,0.4758998,0.0,0.0,0.0,0.0,0.0
2022-01-05,3.5703654,5.5833333,4.8584114,3.7570594,5.5451166,0.0,2.7113981,0.0,0.0,3.5195965,6.0829774,5.8217228,4.1540044,3.7563343,0.0,0.0,0.0,0.0,5.1138541
2022-01-06,4.6904328,5.846124,7.2354463,6.7058451,3.7143753,0.0,2.1791293,0.0,0.0,3.2374818,4.0260976,4.8903466,4.5325296,2.6640341,0.0,0.0,0.0,0.0,0.0
2022-01-07,1.8852432,0.0,3.071947,0.0,4.1199996,0.0,5.2490577,0.0,0.0,3.790537,3.8691754,6.1087074,3.865061,2.6875311,0.0,0.0,0.0,0.0,0.0
2022-01-08,3.1963867,0.0,3.5641795,3.2711349,4.7827059,0.0,2.575261,0.0,0.0,3.8030262,5.2891425,3.9162666,4.4271904,4.1514716,0.0,0.0,0.0,0.0,6.8694444
2022-01-09,5.3266431,0.0,4.4215322,0.0,6.3824968,0.0,3.8694996,0.0,0.0,5.6397275,4.203678,4.0385219,2.7331228,2.8235666,0.0,0.0,0.0,0.0,0.0
2022-01-10,3.7256381,8.333998,4.0609488,6.3174628,4.7421067,0.0,2.8945447,0.0,0.0,5.1172784,8.3832739,3.0317627,2.0414009,3.1765707,0.0,0.0,0.0,0.0,0.0
2022-01-11,3.4476073,5.1327357,2.0774482,4.8550478,5.8887329,0.0,2.4940783,0.0,0.0,1.7336492,6.7978422,4.1685136,4.3796623,2.5222305,0.0,0.0,0.0,0.0,0.0
2022-01-12,0.0,0.0,0.0,0.0,5.3325828,0.0,5.1868342,0.0,0.0,0.0,5.8383329,2.6071245,0.0,0.0,0.0,0.0,0.0,0.0,0.0
2022-01-13,0.0,0.0,0.0,0.0,5.9099375,0.0,0.0,0.0,0.0,0.0,0.0,3.7263443,0.0,0.0,0.0,0.0,0.0,0.0,0.0
2022-01-14,4.1896972,5.4747957,8.1814573,5.3010516,5.9256173,7.0252181,2.2530296,0.0,0.0,2.2797094,6.2622988,4.5665427,3.1527786,3.0756589,0.0,0.0,0.0,0.0,9.2204536
2022-01-15,2.952857,4.336712,2.3418428,5.0237665,3.8737766,6.1712169,4.9164545,0.0,0.0,2.6758133,3.8251955,3.6185376,2.0244371,3.2541561,0.0,0.0,0.0,0.0,3.3349868
2022-01-16,4.8604742,8.0736918,4.494771,6.6243585,4.7092715,5.5883802,3.0514525,0.0,0.0,4.6787587,2.5147883,5.005241,2.4846314,2.5851743,0.0,0.0,0.0,0.0,0.0
2022-01-17,6.0040819,3.7221645,2.6795224,4.8752511,2.2783002,0.0,3.637994,0.0,0.0,3.2072632,2.6404244,3.6359144,2.8549505,4.7087876,0.0,0.0,0.0,0.0,0.0
2022-01-18,1.2718487,4.9970913,2.5099892,8.5747882,4.0376152,7.7700621,1.3102037,0.0,0.0,3.4673581,2.4732959,2.0445526,1.3357607,1.4210719,0.0,0.0,0.0,0.0,0.0
2022-01-19,3.0926633,1.7087434,4.4115726,5.8317956,4.1827033,0.0,3.9268493,0.0,0.0,2.5496728,3.1963306,3.405619,2.4650999,3.665568,0.0,0.0,0.0,0.0,0.0
2022-01-20,2.6692961,0.0,0.0,7.4430596,4.0241688,0.0,2.9737859,0.0,0.0,2.4956903,3.8157921,5.1833554,0.3881436,1.5658352,0.0,0.0,0.0,0.0,0.0
2022-01-21,2.6973369,11.1186835,5.7151775,0.0,2.5340853,0.0,1.9507746,0.0,0.0,4.3521833,4.0495496,6.4023344,2.3118726,4.2664111,0.0,0.0,0.0,0.0,0.0
2022-01-22,2.2160086,0.0,3.1023703,2.1055148,5.6357272,0.0,3.473036,0.0,0.0,3.9070744,2.5802473,2.115483,3.5283149,1.0145547,0.0,0.0,0.0,0.0,0.0
2022-01-23,0.9238182,0.0,0.0,3.7074634,4.9575801,0.0,1.1650732,0.0,0.0,2.4198807,4.1098126,1.3796749,0.6879556,3.1620481,0.0,0.0,0.0,0.0,0.0
2022-01-24,2.1830664,0.0,1.9198348,6.0896206,2.4007215,0.0,4.28184,0.0,0.0,2.6796112,4.741368,6.4898703,0.7943786,2.8434715,0.0,0.0,0.0,0.0,0.0
2022-01-25,1.4122814,0.0,0.0,3.7138203,2.6180103,0.0,2.7396963,0.0,0.0,1.6018719,5.6702941,0.4530819,2.178809,0.0,0.0,0.0,0.0,0.0,0.0
2022-01-26,1.3718576,0.0,0.9775064,6.8331959,3.5712971,0.0,2.1917813,0.0,0.0,3.7508819,3.2494493,1.231353,2.9520917,3.5523026,0.0,0.0,0.0,0.0,0.0
2022-01-27,0.6862268,0.0,0.0,0.0,2.4872753,0.0,2.3008907,0.0,0.0,2.1564157,2.7985544,4.1990945,1.2538507,0.0,0.0,0.0,0.0,0.0,0.0
2022-01-28,0.2139586,0.0,0.0,2.8887105,2.2203599,0.0,3.3809841,0.0,0.0,1.4152935,2.683846,3.1205678,0.0,1.4085935,0.0,0.0,0.0,0.0,0.0
2022-01-29,1.2869084,0.0,2.4351039,5.5954233,2.896306,0.0,2.7431376,0.0,0.0,3.604192,3.2594297,1.6647207,0.0,0.0,0.0,0.0,0.0,0.0,0.0
2022-01-30,1.3892699,0.0,2.0097975,0.0,3.2147692,0.9907145,3.0064061,0.0,0.0,2.6651881,2.0068565,2.3852642,0.0,0.0,0.0,0.0,0.0,0.0,0.0
2022-01-31,0.3098632,5.2766061,2.1650482,0.0,3.3931216,0.0,2.1434507,0.0,0.0,1.7433549,2.431779,2.5558249,0.0,0.0,0.0,0.0,0.0,0.0,0.0
2022-02-01,2.3818976,0.0,0.0,3.1874485,1.6505989,0.0,1.2921925,0.0,0.0,3.2423892,2.4691872,1.6309334,0.0,0.0,0.0,0.0,0.0,0.0,0.0
2022-02-02,0.0,0.0,1.4645419,0.0,2.6032242,0.0,2.9511338,0.0,0.0,3.57262,3.7892601,1.5773066,0.9243477,0.6746812,0.0,0.0,0.0,0.0,0.0
2022-02-03,0.3435733,0.0,0.0,0.0,2.1808467,0.0,0.7540525,0.0,0.0,1.7043883,0.6567515,2.2875672,0.0,0.0,0.0,0.0,0.0,0.0,0.0
2022-02-04,0.0,0.0,0.0,0.0,1.8217884,0.0,1.4280724,0.0,0.0,1.8701745,0.0965746,0.0,0.0,0.0,0.0,0.0,0.0,0.0,0.0
2022-02-05,0.0,0.0,0.0,0.0,2.1675215,0.0,2.3353219,0.0,0.0,0.7489717,0.5612715,0.4378121,0.0,0.0,0.0,0.0,0.0,0.0,0.0
2022-02-06,0.0,0.0,1.7189096,0.0,0.8244203,0.0,1.2410387,0.0,0.0,0.901338,2.8534819,0.9793356,1.4489614,0.0,0.0,0.0,0.0,0.0,0.0
2022-02-07,2.0486908,0.0,0.0,0.0,2.9413341,0.0,1.4447582,0.0,0.0,1.9868672,2.2654565,2.1548312,2.8443297,0.0,0.0,0.0,0.0,0.0,0.0
2022-02-08,1.2471997,0.0,0.0,0.0,2.5219277,0.0,0.6040218,0.0,0.0,1.2658343,3.817868,2.5304788,1.3058284,0.0,0.0,0.0,0.0,0.0,0.0
2022-02-09,0.9806708,0.0,0.0,0.0,2.8246047,0.0,0.7322165,0.0,0.0,1.9649339,0.8381585,2.9411719,1.3417935,0.0,0.0,0.0,0.0,0.0,0.0
2022-02-10,1.2060606,0.0,0.0,0.0,2.95612,0.0,1.6201247,0.0,0.0,0.914178,0.4591608,3.1826473,2.5852232,0.0,0.0,0.0,0.0,0.0,0.0
2022-02-11,1.1291269,0.0,0.0,0.0,2.6781079,0.0,0.0,0.0,0.0,0.3681419,1.9590765,0.8279397,0.0,0.0,0.0,0.0,0.0,0.0,0.0
2022-02-12,0.0,0.0,0.0,0.0,1.7521883,0.0,0.2444019,0.0,0.0,1.0033359,1.4034091,2.1402593,0.0,0.0,0.0,0.0,0.0,0.0,0.0
2022-02-13,0.1174426,0.0,0.0,0.0,1.5071593,0.0,1.0249729,0.0,0.0,0.0,2.1776361,1.6234232,0.0,0.0,0.0,0.0,0.0,0.0,0.0
2022-02-14,0.734912,0.0,0.0,0.0,0.7445285,0.0,0.0,0.0,0.0,0.7584015,0.9036274,0.3858435,0.0,0.0,0.0,0.0,0.0,0.0,0.0
2022-02-15,1.1891292,0.0,0.0,0.0,1.6449128,0.0,0.7347219,0.0,0.0,1.4854404,2.0140987,1.1788539,0.0,0.0,0.0,0.0,0.0,0.0,0.0
2022-02-16,0.156651,0.0,0.0,0.0,2.1715925,0.0,0.3503291,0.0,0.0,0.6509283,1.5778289,0.0,0.0,0.0,0.0,0.0,0.0,0.0,0.0
2022-02-17,0.0,0.0,0.0,0.0,1.0929628,0.0,0.2565994,0.0,0.0,2.922725,0.0,1.5218466,0.0,0.0,0.0,0.0,0.0,0.0,0.0
2022-02-18,0.0,0.0,0.0,0.0,2.5181087,0.0,1.3050252,0.0,0.0,3.1085563,1.2777778,1.0455694,0.0,0.0,0.0,0.0,0.0,0.0,0.0
2022-02-19,0.999,0.0,0.0,0.0,2.2557259,0.0,0.8346222,0.0,0.0,0.0,0.0,1.4307935,0.0,0.0,0.0,0.0,0.0,0.0,0.0
2022-02-20,0.0,0.0,0.0,0.0,0.5551747,0.0,0.0,0.0,0.0,2.9668785,1.3189633,1.0221828,0.0,0.0,0.0,0.0,0.0,0.0,0.0
2022-02-21,0.7073122,0.0,0.0,0.0,0.8694927,0.0,1.8975075,0.0,0.0,2.2995451,0.7720684,1.1763235,0.0,0.0,0.0,0.0,0.0,0.0,0.0
2022-02-22,0.9355672,0.0,0.0,0.0,3.0699336,0.0,0.0,0.0,0.0,2.7982265,0.8364959,0.4144224,0.0,0.0,0.0,0.0,0.0,0.0,0.0
2022-02-23,0.0,0.0,0.0,0.0,3.2728641,0.0,0.8249524,0.0,0.0,0.5391265,0.967393,2.6421976,0.0,0.0,0.0,0.0,0.0,0.0,0.0
2022-02-24,0.0,0.0,0.0,0.0,3.2114957,0.0,0.0,0.0,0.0,2.8949373,0.0,2.3394171,0.0,0.0,0.0,0.0,0.0,0.0,0.0
2022-02-25,0.0,0.0,0.0,0.0,1.563342,0.0,0.0,0.0,0.0,0.0,0.0,0.0,0.0,0.0,0.0,0.0,0.0,0.0,0.0
2022-02-26,0.0,0.0,0.0,0.0,1.0866622,0.0,0.0,0.0,0.0,0.0,0.0,0.4090428,0.0,0.0,0.0,0.0,0.0,0.0,0.0
2022-02-27,0.6817861,0.0,0.0,0.0,1.6209274,0.0,1.8119403,0.0,0.0,1.7811154,0.3643997,0.2976134,0.0,0.0,0.0,0.0,0.0,0.0,0.0
2022-02-28,0.0,0.0,0.0,0.0,4.4967473,0.0,0.0,0.0,0.0,0.4334297,0.999,0.1728574,0.0,0.0,0.0,0.0,0.0,0.0,0.0
2022-03-01,0.0,0.0,0.0,0.0,2.3502019,0.0,0.0,0.0,0.0,1.1014272,0.6717724,0.0,0.0,0.0,0.0,0.0,0.0,0.0,0.0
2022-03-02,0.0,0.0,0.0,0.0,1.1764346,0.0,0.6364402,0.0,0.0,1.5714286,0.0,1.3996362,0.0,0.0,0.0,0.0,0.0,0.0,0.0
2022-03-03,0.0,0.0,0.0,0.0,0.7522264,0.0,0.0,0.0,0.0,0.0,0.0,0.9659476,0.0,0.0,0.0,0.0,0.0,0.0,0.0
2022-03-04,0.0,0.0,0.0,0.0,2.8486203,0.0,0.0,0.0,0.0,1.791759,0.0,0.2106549,0.0,0.0,0.0,0.0,0.0,0.0,0.0
2022-03-05,0.0,0.0,0.0,0.0,1.8549482,0.0,0.0,0.0,0.0,0.0,0.0,0.0,0.0,0.0,0.0,0.0,0.0,0.0,0.0
2022-03-06,0.0,0.0,0.0,0.0,1.5924357,0.0,0.0,0.0,0.0,0.0,0.0,0.9994245,0.0,0.0,0.0,0.0,0.0,0.0,0.0
2022-03-07,0.0,0.0,0.0,0.0,1.9931912,0.0,0.0,0.0,0.0,0.0,0.0,0.0,0.0,0.0,0.0,0.0,0.0,0.0,0.0
2022-03-08,0.0,0.0,0.0,0.0,2.9490515,0.0,0.0,0.0,0.0,0.0,0.4343549,0.9415164,0.7272727,0.0,0.0,0.0,0.0,0.0,0.0
2022-03-09,0.0,0.0,0.0,0.0,1.9204109,0.0,0.0,0.0,0.0,0.0,1.4981578,2.5576966,0.0,0.0,0.0,0.0,0.0,0.0,0.0
2022-03-10,0.0,0.0,0.0,0.0,1.9186654,0.0,0.0,0.0,0.0,0.0,0.0,0.1797908,0.0,0.0,0.0,0.0,0.0,0.0,0.0
2022-03-11,0.0,0.0,0.0,0.0,1.3919622,0.0,0.0,0.0,0.0,0.4494329,0.0,0.0,0.0,0.0,0.0,0.0,0.0,0.0,0.0
2022-03-12,0.0,0.0,0.0,0.0,2.4660132,0.0,0.0,0.0,0.0,0.0,0.0,0.0,0.0,0.0,0.0,0.0,0.0,0.0,0.0
2022-03-13,0.0,0.0,0.0,0.0,1.15921,0.0,0.0,0.0,0.0,0.0,0.0,1.7674503,0.0,0.0,0.0,0.0,0.0,0.0,0.0
2022-03-14,0.0,0.0,0.0,0.0,2.214832,0.0,0.0,0.0,0.0,0.0,0.9898481,1.4501212,0.0,0.0,0.0,0.0,0.0,0.0,0.0
2022-03-15,0.0,0.0,0.0,0.0,1.9111212,0.0,0.0,0.0,0.0,0.0,0.7599358,1.0095583,0.0,0.0,0.0,0.0,0.0,0.0,0.0
2022-03-16,0.0,0.0,0.0,0.0,2.4616046,0.0,0.0,0.0,0.0,1.8103835,0.9458525,1.6438079,0.0,0.0,0.0,0.0,0.0,0.0,0.0
2022-03-17,0.0,0.0,0.0,0.0,1.7954676,0.0,0.0,0.0,0.0,0.0,0.0,0.0,0.0,0.0,0.0,0.0,0.0,0.0,0.0
2022-03-18,0.0,0.0,0.0,0.0,2.8838363,0.0,0.0,0.0,0.0,0.0,0.0,0.0,0.0,0.0,0.0,0.0,0.0,0.0,0.0
2022-03-19,0.0,0.0,0.0,0.0,2.4493729,0.0,0.0,0.0,0.0,0.0,0.0,1.1634676,0.0,0.0,0.0,0.0,0.0,0.0,0.0
2022-03-20,0.0,0.0,0.0,0.0,4.098296,0.0,0.0,0.0,0.0,0.0,0.0,0.5197729,0.0,0.0,0.0,0.0,0.0,0.0,0.0
2022-03-21,0.0,0.0,0.0,0.0,0.8783991,0.0,0.0,0.0,0.0,0.0,0.080779,0.0,0.0,0.0,0.0,0.0,0.0,0.0,0.0
2022-03-22,0.0,0.0,0.0,0.0,0.8013102,0.0,0.0,0.0,0.0,0.0,0.0,1.1060481,0.0,0.0,0.0,0.0,0.0,0.0,0.0
2022-03-23,2.8334689,0.0,0.0,0.0,1.2820489,0.0,0.0,0.0,0.0,0.0,0.9341674,2.3324795,0.0,0.0,0.0,0.0,0.0,0.0,0.0
2022-03-24,0.0,0.0,0.0,0.0,2.2845346,0.0,0.0,0.0,0.0,0.5493345,0.1806801,0.942297,0.0,0.0,0.0,0.0,0.0,0.0,0.0
2022-03-25,0.0,0.0,0.0,0.0,1.7597303,0.0,0.5,0.0,0.0,1.2801738,0.2225954,1.5149831,0.0,0.0,0.0,0.0,0.0,0.0,0.0
2022-03-26,0.0,0.0,0.0,0.0,1.9941603,0.0,0.0,0.0,0.0,1.1901702,0.0,1.1307581,0.0,0.0,0.0,0.0,0.0,0.0,0.0
2022-03-27,0.0,0.0,0.0,0.0,2.0483147,0.0,0.0,0.0,0.0,0.0,0.9226697,3.3424821,0.0,0.0,0.0,0.0,0.0,0.0,0.0
2022-03-28,0.0,0.0,0.0,0.0,2.1132565,0.0,0.0,0.0,0.0,0.0,0.5150224,0.462418,0.0,0.0,0.0,0.0,0.0,0.0,0.0
2022-03-29,0.8741677,0.0,0.0,0.0,1.7947825,0.0,0.0,0.0,0.0,0.0,2.1820391,0.7365915,0.0,0.0,0.0,0.0,0.0,0.0,0.0
2022-03-30,0.0,0.0,0.0,0.0,1.9815411,0.0,0.0,0.0,0.0,0.84304,0.484559,2.4986734,0.0,0.0,0.0,0.0,0.0,0.0,0.0
2022-03-31,0.0,0.0,0.0,0.0,1.2756391,0.0,0.0,0.0,0.0,0.0,2.0991786,2.3203284,0.0,0.0,0.0,0.0,0.0,0.0,0.0
2022-04-01,0.0,0.0,0.0,0.0,4.076225,0.0,0.0,0.0,0.0,0.0,0.0,1.7830321,0.0,0.0,0.0,0.0,0.0,0.0,0.0
2022-04-02,0.0,0.0,0.0,0.0,0.473562,0.0,0.0,0.0,0.0,0.0,0.0,2.8816468,0.0,0.0,0.0,0.0,0.0,0.0,0.0
2022-04-03,0.0,0.0,0.0,0.0,2.6345369,0.0,0.0,0.0,0.0,0.0,0.0,1.0772395,0.0,0.0,0.0,0.0,0.0,0.0,0.0
2022-04-04,0.0,0.0,0.0,0.0,2.1439611,0.0,0.0,0.0,0.0,0.0,0.0,0.8750462,0.0,0.0,0.0,0.0,0.0,0.0,0.0
2022-04-05,0.0,0.0,0.0,0.0,3.1045541,0.0,0.0,0.0,0.0,0.0,0.0,1.3085067,0.0,0.0,0.0,0.0,0.0,0.0,0.0
2022-04-06,0.0,0.0,0.0,0.0,1.5672437,0.0,0.0,0.0,0.0,0.0,0.0,0.5511515,0.0,0.0,0.0,0.0,0.0,0.0,0.0
2022-04-07,0.0,0.0,0.0,0.0,2.6813127,0.0,0.0,0.0,0.0,0.0,0.0,0.9301308,0.0,0.0,0.0,0.0,0.0,0.0,0.0
2022-04-08,0.0,0.0,0.0,0.0,2.8023759,0.0,0.0,0.0,0.0,0.0,0.0,0.3529807,0.0,0.0,0.0,0.0,0.0,0.0,0.0
2022-04-09,0.0,0.0,0.0,0.0,3.8358365,0.0,0.0,0.0,0.0,0.0,1.854554,2.3730152,0.0,0.0,0.0,0.0,0.0,0.0,0.0
2022-04-10,3.0819304,0.0,0.0,0.0,2.0251014,0.0,0.0,0.0,0.0,0.0,0.0,0.7208981,0.0,0.0,0.0,0.0,0.0,0.0,0.0
2022-04-11,0.0,0.0,0.0,0.0,0.9049048,0.0,0.0,0.0,0.0,0.0,0.0,0.8827445,0.0,0.0,0.0,0.0,0.0,0.0,0.0
2022-04-12,0.0,0.0,0.0,0.0,0.4852318,0.0,0.0,0.0,0.0,0.0,0.0,0.0,0.0,0.0,0.0,0.0,0.0,0.0,0.0
2022-04-13,1.106004,0.0,0.0,0.0,1.9524479,0.0,0.0,0.0,0.0,1.8402834,0.0,0.0,0.0,0.0,0.0,0.0,0.0,0.0,0.0
2022-04-14,0.6792216,0.0,0.0,0.0,3.4738205,0.0,0.0,0.0,0.0,0.0,0.0,1.3794895,0.0,0.0,0.0,0.0,0.0,0.0,0.0
2022-04-15,0.0,0.0,0.0,0.0,1.0969907,0.0,0.0,0.0,0.0,1.3301487,0.0,1.195401,0.0,0.0,0.0,0.0,0.0,0.0,0.0
2022-04-16,0.0,0.0,0.0,0.0,2.135749,0.0,0.0,0.0,0.0,0.0,0.0,0.7988542,0.0,0.0,0.0,0.0,0.0,0.0,0.0
2022-04-17,0.0,0.0,0.0,0.0,3.3477438,0.0,0.0,0.0,0.0,0.0,0.0,0.1547932,0.0,0.0,0.0,0.0,0.0,0.0,0.0
2022-04-18,0.0,0.0,0.0,0.0,0.9853791,0.0,0.0,0.0,0.0,0.0,0.0,1.1996315,0.0,0.0,0.0,0.0,0.0,0.0,0.0
2022-04-19,0.0,0.0,0.0,0.0,3.1242106,0.0,0.0,0.0,0.0,0.0,0.0,0.7846885,0.0,0.0,0.0,0.0,0.0,0.0,0.0
2022-04-20,0.0,0.0,0.0,0.0,2.7414459,0.0,0.0,0.0,0.0,1.3712571,0.0,0.8888916,0.0,0.0,0.0,0.0,0.0,0.0,0.0
2022-04-21,0.0,0.0,0.0,0.0,1.9829151,0.0,0.0,0.0,0.0,0.0,4.2483571,1.2624646,0.0,0.0,0.0,0.0,0.0,0.0,0.0
2022-04-22,0.0,0.0,0.0,0.0,1.3187618,0.0,0.0,0.0,0.0,0.0,0.0,1.0613222,0.0,0.0,0.0,0.0,0.0,0.0,0.0
2022-04-23,0.0,0.0,0.0,0.0,2.5988506,0.0,0.0,0.0,0.0,0.0,0.0,0.7207877,0.0,0.0,0.0,0.0,0.0,0.0,0.0
2022-04-24,0.0,0.0,0.0,0.0,2.0789509,0.0,3.2685074,0.0,0.0,0.0,0.0,1.1092062,0.0,0.0,0.0,0.0,0.0,0.0,0.0
2022-04-25,0.0,0.0,0.0,0.0,1.0020338,0.0,0.9895094,0.0,0.0,0.0,1.5,0.5589837,0.0,0.0,0.0,0.0,0.0,0.0,0.0
2022-04-26,0.0,0.0,0.0,0.0,1.4917316,0.0,0.0,0.0,0.0,0.0,3.0185185,2.59577,0.0,0.0,0.0,0.0,0.0,0.0,0.0
2022-04-27,0.0,0.0,0.0,0.0,1.4012178,0.0,0.0,0.0,0.0,3.0562626,0.0,1.8641511,0.0,0.0,0.0,0.0,0.0,0.0,0.0
2022-04-28,0.0,0.0,0.0,0.0,0.9075043,0.0,0.0,0.0,0.0,0.0,1.3211407,0.2789073,0.0,0.0,0.0,0.0,0.0,0.0,0.0
2022-04-29,0.0,0.0,0.0,0.0,2.2401066,0.0,0.0,0.0,0.0,0.2284514,1.2142138,1.2309335,0.0,0.0,0.0,0.0,0.0,0.0,0.0
2022-04-30,0.0,0.0,0.0,0.0,1.4688143,0.0,0.0,0.0,0.0,0.0,0.0,2.7203645,0.0,0.0,0.0,0.0,0.0,0.0,0.0
2022-05-01,0.0,0.0,0.0,0.0,2.5548759,0.0,0.0,0.0,0.0,1.2159962,0.0,0.0,0.0,0.0,0.0,0.0,0.0,0.0,0.0
2022-05-02,0.0,0.0,0.0,0.0,1.2903707,0.0,0.0,0.0,0.0,1.631066,0.0,2.4550424,0.0,0.0,0.0,0.0,0.0,0.0,0.0
2022-05-03,0.0,0.0,0.0,0.0,0.8901706,0.0,0.0,0.0,0.0,0.0,0.0,0.4472839,0.0,0.0,0.0,0.0,0.0,0.0,0.0
2022-05-04,0.0,0.0,0.0,0.0,2.5257371,0.0,0.0,0.0,0.0,0.0,0.0,1.4149938,0.0,0.0,0.0,0.0,0.0,0.0,0.0
2022-05-05,0.0,0.0,0.0,0.0,3.9096547,0.0,0.0,0.0,0.0,0.0,0.0,3.407467,0.0,0.0,0.0,0.0,0.0,0.0,0.0
2022-05-06,0.0,0.0,0.0,0.0,2.054305,0.0,0.0,0.0,0.0,3.1497355,0.0,1.7905788,0.0,0.0,0.0,0.0,0.0,0.0,0.0
2022-05-07,0.0,0.0,0.0,0.0,3.9443061,0.0,0.0,0.0,0.0,0.0,0.0,2.4946608,0.0,0.0,0.0,0.0,0.0,0.0,0.0
2022-05-08,0.0,0.0,0.0,0.0,2.749934,0.0,0.0,0.0,0.0,0.0,0.0,2.6919739,0.0,0.0,0.0,0.0,0.0,0.0,0.0
2022-05-09,0.0,0.0,0.0,0.0,2.4449693,0.0,0.0,0.0,0.0,5.3368186,0.0,1.3260137,0.0,0.0,0.0,0.0,0.0,0.0,0.0
2022-05-10,0.0,0.0,0.0,0.0,2.5227801,0.0,0.0,0.0,0.0,0.490977,0.0,4.2118453,0.0,0.0,0.0,0.0,0.0,0.0,0.0
2022-05-11,0.0,0.0,0.0,0.0,3.0300376,0.0,0.0,0.0,0.0,1.8852992,0.0,1.6255477,2.2880148,0.0,0.0,0.0,0.0,0.0,0.0
2022-05-12,1.5186659,0.0,0.0,0.0,4.1665457,0.0,1.8148474,0.0,0.0,2.5567216,0.0,0.487036,0.0,0.0,0.0,0.0,0.0,0.0,0.0
2022-05-13,0.0,0.0,0.0,0.0,3.961411,0.0,5.1237444,0.0,0.0,3.1666667,0.0,1.0215834,0.0,0.0,0.0,0.0,0.0,0.0,0.0
2022-05-14,0.0,0.0,0.0,0.0,5.3751071,0.0,0.0,0.0,0.0,1.4184162,0.0,1.5495659,0.0,0.0,0.0,0.0,0.0,0.0,0.0
2022-05-15,0.0,0.0,0.0,0.0,1.9466351,0.0,3.0,0.0,0.0,0.0,0.0,1.9508033,0.0,0.0,0.0,0.0,0.0,0.0,0.0
2022-05-16,2.174383,0.0,0.0,0.0,1.2767718,0.0,2.587939,0.0,0.0,0.0,0.0,0.0,0.0,0.0,0.0,0.0,0.0,0.0,0.0
2022-05-17,1.9593465,0.0,0.0,0.0,2.2260274,0.0,2.4340256,0.0,0.0,4.3961278,0.0,0.8333592,1.4421348,0.0,0.0,0.0,0.0,0.0,0.0
2022-05-18,3.3333333,0.0,0.0,0.0,2.1800656,0.0,2.5561326,0.0,0.0,0.0,0.0,2.7235809,1.2972153,0.0,0.0,0.0,0.0,0.0,0.0
2022-05-19,0.0,0.0,0.0,0.0,3.3338678,0.0,5.4594963,0.0,0.0,2.1228592,0.0,3.5337172,0.0,0.0,0.0,0.0,0.0,0.0,0.0
2022-05-20,0.0,0.0,0.0,0.0,4.9508806,0.0,6.5794984,0.0,0.0,4.635509,0.0,3.7485035,0.0,0.0,0.0,0.0,0.0,0.0,0.0
2022-05-21,0.0,0.0,0.0,0.0,2.7984664,0.0,0.0,0.0,0.0,2.9391337,0.0,3.3368764,0.0,0.0,0.0,0.0,0.0,0.0,0.0
2022-05-22,0.0,0.0,0.0,0.0,4.7898887,0.0,3.4293263,0.0,0.0,0.0,0.0,2.1283587,4.0602307,0.0,0.0,0.0,0.0,0.0,0.0
2022-05-23,0.0,0.0,0.0,0.0,2.8024299,0.0,1.5145196,0.0,0.0,0.0,0.0,3.3685917,0.0,0.0,0.0,0.0,0.0,0.0,0.0
2022-05-24,1.6060585,0.0,0.0,0.0,1.7906923,0.0,1.4761934,0.0,0.0,4.3690358,0.0,3.4028196,0.0,0.0,0.0,0.0,0.0,0.0,0.0
2022-05-25,0.0,0.0,0.0,0.0,1.9164852,0.0,2.3619497,0.0,0.0,0.0,0.0,2.3285466,0.0,0.0,0.0,0.0,0.0,0.0,0.0
2022-05-26,0.0,0.0,0.0,0.0,3.7059966,0.0,7.4413841,0.0,0.0,1.5512593,0.0,3.169982,0.0,0.0,0.0,0.0,0.0,0.0,0.0
2022-05-27,0.0,0.0,0.0,0.0,3.9212309,0.0,0.0,0.0,0.0,0.0,0.0,2.8978385,0.0,0.0,0.0,0.0,0.0,0.0,0.0
2022-05-28,0.0,0.0,0.0,0.0,3.1186542,0.0,0.0,0.0,0.0,0.9788049,5.1128788,2.5790908,3.3894606,0.0,0.0,0.0,0.0,0.0,0.0
2022-05-29,0.0,0.0,0.0,0.0,2.7793507,0.0,0.0,0.0,0.0,3.8721147,0.0,1.3522611,0.0,0.0,0.0,0.0,0.0,0.0,0.0
2022-05-30,0.8953562,0.0,0.0,0.0,2.0036631,0.0,1.9060695,0.0,0.0,3.3782859,0.0,2.04255,0.0,0.0,0.0,0.0,0.0,0.0,0.0
2022-05-31,0.0,0.0,0.0,0.0,2.6817988,0.0,0.6274834,0.0,0.0,2.9528629,0.0,2.8894256,0.0,0.0,0.0,0.0,0.0,0.0,0.0
2022-06-01,0.0,0.0,0.0,0.0,4.371303,0.0,3.9293061,0.0,0.0,1.7407689,0.0,1.5847156,0.0,0.0,0.0,0.0,0.0,0.0,0.0
2022-06-02,0.0,0.0,0.0,0.0,2.9096211,0.0,0.0,0.0,0.0,1.0874693,0.0,2.0652021,0.5,0.0,0.0,0.0,0.0,0.0,0.0
2022-06-03,1.0,0.0,0.0,0.0,4.968083,0.0,0.0,0.0,0.0,3.3194764,1.9606924,2.5656695,0.0,0.0,0.0,0.0,0.0,0.0,0.0
2022-06-04,1.9304467,0.0,0.0,0.0,3.5503745,0.0,0.666,0.0,0.0,0.0,0.0,1.8515216,0.0,0.0,0.0,0.0,0.0,0.0,0.0
2022-06-05,0.0,0.0,0.0,0.0,2.6873484,0.0,0.7653505,0.0,0.0,0.1302365,0.0,2.2077498,2.5014981,0.0,0.0,0.0,0.0,0.0,0.0
2022-06-06,0.0,0.0,0.0,0.0,3.1059735,0.0,4.5586818,0.0,0.0,2.040622,1.4295354,2.5877713,0.0,0.0,0.0,0.0,0.0,0.0,0.0
2022-06-07,0.0,0.0,0.0,0.0,2.6992897,0.0,0.0,0.0,0.0,1.3858458,0.0,3.0316131,0.0,0.0,0.0,0.0,0.0,0.0,0.0
2022-06-08,0.0,0.0,0.0,0.0,3.3636598,0.0,5.1228522,0.0,0.0,0.0,0.0,3.3959635,0.0,0.0,0.0,0.0,0.0,0.0,0.0
2022-06-09,0.0,0.0,0.0,0.0,1.4779466,0.0,6.2302327,0.0,0.0,5.2312517,1.7,1.5260793,0.0,0.0,0.0,0.0,0.0,0.0,0.0
2022-06-10,0.0,0.0,0.0,0.0,3.3589857,0.0,2.0,0.0,0.0,2.3815362,0.0,1.5917774,0.0,0.0,0.0,0.0,0.0,0.0,0.0
2022-06-11,0.0,0.0,0.0,0.0,5.2497437,0.0,2.6483292,0.0,0.0,4.1217349,0.0,2.1346908,0.0,0.0,0.0,0.0,0.0,0.0,0.0
2022-06-12,0.0,0.0,0.0,0.0,3.1210392,0.0,0.0,0.0,0.0,7.9246511,1.050102,0.6149574,0.0,0.0,0.0,0.0,0.0,0.0,0.0
2022-06-13,0.0,0.0,0.0,0.0,2.2837058,0.0,2.0531341,0.0,0.0,3.5002358,0.0,1.9839192,0.0,0.0,0.0,0.0,0.0,0.0,0.0
2022-06-14,0.0,0.0,0.0,0.0,3.2396773,0.0,0.0,0.0,0.0,0.6704156,0.0,3.0684037,0.0,0.0,0.0,0.0,0.0,0.0,0.0
2022-06-15,2.1251003,0.0,0.0,0.0,4.2607505,0.0,0.0,0.0,0.0,4.9425369,0.0,3.1031194,0.0,0.0,0.0,0.0,0.0,0.0,0.0
2022-06-16,0.0,0.0,0.0,0.0,4.0339904,0.0,0.0,0.0,0.0,1.2689987,0.0,2.0517367,0.0,0.0,0.0,0.0,0.0,0.0,0.0
2022-06-17,0.0,0.0,0.0,0.0,3.3190362,0.0,0.0,0.0,0.0,1.9333333,0.0,2.8099314,0.0,0.0,0.0,0.0,0.0,0.0,0.0
2022-06-18,0.0,0.0,0.0,0.0,3.5851734,0.0,1.6109158,0.0,0.0,0.0,0.0,1.3194484,0.0,0.0,0.0,0.0,0.0,0.0,0.0
2022-06-19,0.0,0.0,0.0,0.0,3.4866661,0.0,0.0,0.0,0.0,2.8889709,0.0,0.4565212,0.0,0.0,0.0,0.0,0.0,0.0,0.0
2022-06-20,0.0,0.0,0.0,0.0,5.1129524,0.0,3.040421,0.0,0.0,0.0,0.0,2.0785353,0.0,0.0,0.0,0.0,0.0,0.0,0.0
2022-06-21,0.0,0.0,0.0,0.0,4.3260329,0.0,4.0025965,0.0,0.0,0.0,0.0,3.441655,0.0,0.0,0.0,0.0,0.0,0.0,0.0
2022-06-22,0.0,0.0,0.0,0.0,3.9291398,0.0,1.837643,0.0,0.0,1.6729291,3.426591,3.9165057,0.0,0.0,0.0,0.0,0.0,0.0,0.0
2022-06-23,0.0,0.0,0.0,0.0,2.5304394,0.0,4.1010275,0.0,0.0,3.8333333,0.0,2.8082316,0.0,0.0,0.0,0.0,0.0,0.0,0.0
2022-06-24,0.0,0.0,0.0,0.0,4.8138197,0.0,3.5990646,0.0,0.0,0.0,0.0,0.0,0.0,0.0,0.0,0.0,0.0,0.0,0.0
2022-06-25,0.0,0.0,0.0,0.0,5.1258901,0.0,0.0,0.0,0.0,0.0,0.0,1.9456505,0.0,0.0,0.0,0.0,0.0,0.0,0.0
