time_value,295,296,297,299,300,301,303,304,307,308
2020-08-01,0.7169899,0.5527934,0.7848328,0.808479,0.6704147,0.9187251,0.8543954,0.7859824,0.8466438,0.9844296
2020-08-02,0.6869975,0.7977886,0.7186058,0.8127717,0.6097892,0.888888,0.8702258,0.7246703,0.7056877,0.967315
2020-08-03,0.7352666,0.73189,0.8050598,0.8809003,0.587876,0.9517482,0.9235312,0.8162853,0.7865425,0.9966597
2020-08-04,0.724801,0.8597262,0.8117408,0.883875,0.6773511,0.8032243,0.8697441,0.8055221,0.8197912,0.8915822
2020-08-05,0.758371,0.7219295,0.7766273,0.8574555,0.6158319,0.8977034,0.876704,0.7224027,0.7361748,0.8816022
2020-08-06,0.7539678,0.6683088,0.8560255,0.9045805,0.6924874,0.8838669,0.9184686,0.8199939,0.7475658,1.0103582
2020-08-07,0.7168039,0.6866437,0.7325265,0.8172823,0.6961908,0.8683633,0.858607,0.829305,0.7736554,0.9497533
2020-08-08,0.6589816,0.662076,0.704685,0.746247,0.5764,0.8417026,0.8268571,0.7267468,0.7117769,0.9106163
2020-08-09,0.6915471,0.7243787,0.6584003,0.8051455,0.6338464,0.8393602,0.8284951,0.7440157,0.7051464,0.8250971
2020-08-10,0.7741548,0.7541865,0.774231,0.9184928,0.7504523,0.9502109,0.9181413,0.8259528,0.8968137,0.9976382
2020-08-11,0.7700431,0.9916882,0.858184,0.8866913,0.7075831,0.9379844,0.8962978,0.8765759,0.9438287,0.9694094
2020-08-12,0.725787,0.7919207,0.8147643,0.8084582,0.675472,0.9037919,0.8954455,0.7910013,0.8202263,1.0048689
2020-08-13,0.7175877,0.6576257,0.8178993,0.8097084,0.6497212,0.9026866,0.8809912,0.7607943,0.8298227,0.9072112
2020-08-14,0.7036038,0.7818533,0.8032183,0.8126974,0.5945763,0.907592,0.8483131,0.7579427,0.8052449,0.9481364
2020-08-15,0.6504327,0.642689,0.7620255,0.7583676,0.5975303,0.8853347,0.8304401,0.7306815,0.771033,0.928417
2020-08-16,0.7006446,0.478069,0.669276,0.6880516,0.4563241,0.8438955,0.8215655,0.704538,0.7004402,0.8804995
2020-08-17,0.7421694,0.6989071,0.7982418,0.8655857,0.6256186,0.8837908,0.8880519,0.7709322,0.8701747,0.9800644
2020-08-18,0.6744216,0.7185879,0.7932075,0.893359,0.5465693,0.9025473,0.9058858,0.8297317,0.7499669,0.9973897
2020-08-19,0.7090565,0.6292558,0.779366,0.8239865,0.6662483,0.8712433,0.8821739,0.855493,0.8173973,0.9364756
2020-08-20,0.7038001,0.5592657,0.7915138,0.8624736,0.5872792,0.890957,0.8720599,0.8378003,0.7602166,0.9213474
2020-08-21,0.7172596,0.5406043,0.790912,0.76702,0.5854959,0.9130071,0.8358577,0.7710291,0.7842513,0.9670169
2020-08-22,0.6986744,0.5337589,0.7483318,0.7437629,0.6351838,0.8602936,0.8338794,0.6649526,0.7550569,0.8984149
2020-08-23,0.6723994,0.5896377,0.7183788,0.7812686,0.64981,0.8285588,0.8051388,0.7346565,0.7410724,0.9644954
2020-08-24,0.7116508,0.5272417,0.7801625,0.7873331,0.5807989,0.8908636,0.8799813,0.8065278,0.8663251,0.9877196
2020-08-25,0.6616755,0.653443,0.7506165,0.7347382,0.599459,0.876325,0.8429362,0.8022096,0.7733237,0.922975
2020-08-26,0.6735462,0.6197133,0.8125158,0.8059814,0.5487925,0.865215,0.8263683,0.7326271,0.7778101,1.0741335
2020-08-27,0.677517,0.6792618,0.7625628,0.7951709,0.5640409,0.878351,0.8318118,0.7344309,0.7267114,1.0860814
2020-08-28,0.6510936,0.8164583,0.7458778,0.7600868,0.5231311,0.8244264,0.773201,0.6869783,0.7002488,0.8998231
2020-08-29,0.6155309,0.6491599,0.6815715,0.6700219,0.4554649,0.7850587,0.7581612,0.6303666,0.6475929,0.8648828
2020-08-30,0.5700735,0.7323826,0.6632075,0.7331343,0.4983353,0.7677509,0.7357792,0.6796993,0.6502004,0.8367864
2020-08-31,0.6994603,0.7283988,0.7426058,0.834751,0.5360427,0.904228,0.8646465,0.8070918,0.8233641,0.9502286
2020-09-01,0.7326467,0.7019522,0.7285265,0.8842266,0.6025331,0.8617551,0.8207391,0.8141349,0.86298,0.9663151
2020-09-02,0.6967904,0.8263112,0.7927065,0.8758124,0.6330775,0.8891564,0.845006,0.7886369,0.8634561,0.8803538
2020-09-03,0.6889695,0.5984742,0.7884795,0.8929532,0.7125505,0.8945652,0.868146,0.7957853,0.7154709,0.9121952
2020-09-04,0.6749543,0.698883,0.7108435,0.7562192,0.5653379,0.8676932,0.8401144,0.6857177,0.7747235,0.8711397
2020-09-05,0.586225,0.695939,0.732685,0.7772139,0.5580969,0.8211892,0.8117303,0.6480963,0.6658426,0.9144726
2020-09-06,0.6584239,0.4821137,0.7213553,0.7734133,0.5150208,0.8509098,0.8065697,0.6740607,0.7684659,0.9057134
2020-09-07,0.6614439,0.6736423,0.7158308,0.7897408,0.6585716,0.820266,0.8448113,0.7929455,0.8489321,0.7726677
2020-09-08,0.763517,0.8051692,0.7948435,0.8415254,0.6691629,0.9270824,0.9313603,0.8283521,0.7838488,0.943239
2020-09-09,0.7031141,0.7822922,0.8289913,0.9077629,0.6640189,0.9224743,0.9331004,0.8479374,0.8540658,0.9390973
2020-09-10,0.7153262,0.707824,0.7734345,0.832679,0.6383805,0.9024194,0.8902038,0.7812113,0.8438981,0.8952756
2020-09-11,0.6410439,0.7301987,0.7518778,0.7732741,0.5917408,0.8702216,0.834849,0.7525679,0.7510695,0.8930413
2020-09-12,0.5840273,0.7304652,0.6850598,0.7680189,0.4934344,0.8154384,0.8243783,0.6871146,0.7536838,0.8327814
2020-09-13,0.6164929,0.7142642,0.7053553,0.7204431,0.6657763,0.8325411,0.8213209,0.6649428,0.7486779,0.8676139
2020-09-14,0.6345158,0.7302517,0.7912183,0.757028,0.5432047,0.8865487,0.9240334,0.7697533,0.7891055,0.9147164
2020-09-15,0.6799084,0.7164478,0.8825588,0.8769086,0.7239114,0.9822805,0.9389211,0.7798701,0.8892945,0.9527027
2020-09-16,0.7477372,0.7888193,0.7991968,0.8558568,0.6957744,0.9210838,0.9106489,0.7418632,0.92716,1.0084495
2020-09-17,0.7332746,0.7444223,0.7768905,0.8355223,0.6079807,0.9545568,0.9117997,0.7660019,0.88552,1.022131
2020-09-18,0.6380325,0.6355586,0.7624003,0.8050197,0.706446,0.8515352,0.8054905,0.7012357,0.768527,0.9059335
2020-09-19,0.6226633,0.5755309,0.6841733,0.6996336,0.6130088,0.8471902,0.8139665,0.7044882,0.7102907,0.862898
2020-09-20,0.6155662,0.6025136,0.725049,0.8072211,0.589342,0.8785265,0.8660313,0.6717609,0.7561256,0.9119316
2020-09-21,0.7728457,0.7858723,0.8384473,0.8639448,0.7608463,1.0027922,1.0162278,0.8892839,0.8742817,1.0833918
2020-09-22,0.7658879,0.794336,0.8075715,0.8984476,0.7155026,0.9912271,0.9639731,0.8201108,0.8561507,1.0336913
2020-09-23,0.7503427,0.839266,0.8152183,0.8406681,0.7094464,0.9906376,0.9572742,0.8563879,0.8339252,0.9502316
2020-09-24,0.7328556,0.7547096,0.78364,0.8484,0.6761032,0.9326912,0.9332578,0.8276668,0.8136357,1.0232657
2020-09-25,0.6536351,0.8290347,0.781002,0.7717744,0.7078301,0.8763721,0.8653452,0.7293508,0.755244,0.898633
2020-09-26,0.6258641,0.6954056,0.7060833,0.7674824,0.6483102,0.8287077,0.8363079,0.6986713,0.7128958,0.9217331
2020-09-27,0.67574,0.8712366,0.712775,0.8054044,0.7157062,0.8513877,0.8085364,0.7743497,0.7516635,0.8577087
2020-09-28,0.7459478,0.7725714,0.7718885,0.8287267,0.8124815,0.883861,0.8400244,0.7929384,0.8892457,0.9070542
2020-09-29,0.6764347,0.8089288,0.7523895,0.7967231,0.6184906,0.8876343,0.9279847,0.7106329,0.8252881,0.9629553
2020-09-30,0.6635416,0.8204602,0.7687858,0.7056696,0.6356969,0.8469487,0.8853121,0.7358861,0.759863,0.8340811
2020-10-01,0.6870252,0.8281786,0.8018778,0.8233115,0.7560625,0.8926801,0.9493962,0.7859721,0.848272,0.9758994
2020-10-02,0.8359741,1.0453057,0.9566058,0.9710316,0.7094324,1.097843,1.2049708,0.9036572,0.8955615,1.1538342
2020-10-03,0.7411745,0.8655065,0.8414923,0.9166278,0.6907808,1.0403893,1.0948266,0.7912923,0.8729207,1.051791
2020-10-04,0.799975,1.0953019,0.825413,0.9015718,0.7919846,0.9969314,1.0941488,0.8342546,1.0067604,1.0868495
2020-10-05,0.9143916,1.1893973,0.958231,1.0092517,0.8552319,1.1401086,1.2187205,0.9448645,1.1276584,1.2008964
2020-10-06,0.8467012,1.0666419,0.9767535,1.0334627,0.836983,1.0751233,1.167326,0.9599439,1.0539199,1.2037925
2020-10-07,0.7687294,1.0083104,0.9582633,0.9200295,0.7174896,1.0338264,1.0630427,0.8741678,0.8906852,1.0549711
2020-10-08,0.7171936,0.9242936,0.85773,0.8391042,0.8275715,0.9457124,0.9620433,0.8638071,0.9164698,1.041782
2020-10-09,0.7077736,0.8819974,0.8334345,0.8172599,0.6640151,0.9040199,0.9720921,0.796635,0.8478351,0.9953056
2020-10-10,0.6604677,0.8553603,0.755413,0.8827244,0.7275721,0.8845224,0.8975178,0.7889549,0.7974684,0.9925179
2020-10-11,0.6348071,0.7724601,0.6755715,0.736667,0.5575497,0.8211163,0.8380813,0.7073554,0.7181124,0.8783007
2020-10-12,0.7166525,0.8326317,0.7169013,0.8386371,0.7248094,0.8375559,0.8613925,0.8625507,0.8771444,0.9449856
2020-10-13,0.7115273,0.7765217,0.7955138,0.786583,0.6807224,0.844155,0.883861,0.7784066,0.8448497,0.9505327
2020-10-14,0.7391905,0.7260867,0.7796615,0.750528,0.6092035,0.8649012,0.8907017,0.7945727,0.7929265,0.9085188
2020-10-15,0.7154209,0.8860075,0.7519463,0.7732806,0.5804064,0.8974075,0.8840516,0.7957951,0.8806658,0.9507535
2020-10-16,0.6633765,0.6226178,0.722321,0.7467864,0.6929359,0.7882906,0.8105915,0.6897114,0.7352181,0.9393209
2020-10-17,0.6085068,0.5946653,0.7761948,0.734176,0.5680105,0.7993947,0.8172342,0.6688558,0.7011015,0.844764
2020-10-18,0.6662181,0.6459107,0.6741625,0.7569077,0.5362463,0.7966132,0.8283345,0.7759147,0.7469461,0.9162624
2020-10-19,0.7079945,0.7059721,0.8650813,0.8175554,0.6208057,0.8968885,0.9241377,0.832382,0.8398269,0.9517646
2020-10-20,0.714599,0.8080879,0.7993553,0.8088995,0.6826347,0.8792011,0.8843601,0.8458714,0.7849485,0.9836625
2020-10-21,0.7188575,0.9059874,0.8092868,0.7850851,0.6854451,0.8597138,0.8871821,0.7541791,0.8295839,0.9679637
2020-10-22,0.6958741,0.8330786,0.7671283,0.7707254,0.5583565,0.8540255,0.8945377,0.7495046,0.8013603,0.9622268
2020-10-23,0.5899947,0.7271124,0.74773,0.7086944,0.5219155,0.7815161,0.8192738,0.7595771,0.7840843,0.9018854
2020-10-24,0.5576338,0.5498077,0.687139,0.7094042,0.5270376,0.763343,0.7871942,0.6647676,0.7096277,0.8503704
2020-10-25,0.5328444,0.624777,0.6686165,0.7100118,0.5711877,0.7551302,0.8054757,0.7748866,0.6565801,0.8186538
2020-10-26,0.7116846,0.6947472,0.7616508,0.8130169,0.7025454,0.8342934,0.8548458,0.8164496,0.8434625,0.9600966
2020-10-27,0.6684598,0.7638769,0.727957,0.7884333,0.6238975,0.8551866,0.852202,0.783487,0.7885427,0.8540169
2020-10-28,0.7394946,0.7543393,0.7899678,0.843839,0.6733842,0.8302688,0.8835918,0.8613995,0.8170156,0.8925835
2020-10-29,0.6901226,0.6208429,0.7181155,0.8294342,0.6481091,0.8034008,0.8282368,0.8370062,0.8340011,0.828585
2020-10-30,0.5786711,0.6842746,0.6850598,0.733854,0.5466141,0.7870962,0.8224556,0.7598701,0.7629913,0.8650097
2020-10-31,0.5316951,0.5838874,0.6903318,0.7335183,0.4663695,0.7695885,0.7915131,0.6755332,0.6651807,0.820842
2020-11-01,0.6393267,0.6019306,0.703867,0.8029545,0.6597476,0.822415,0.8310091,0.7180701,0.789529,0.9345007
2020-11-02,0.7124653,0.6227856,0.7808328,0.8840593,0.7216984,0.8437402,0.8757173,0.8636142,0.7980674,0.9568697
2020-11-03,0.6893763,0.5953112,0.68573,0.8672795,0.5455699,0.8092803,0.822616,0.7809406,0.7471978,0.8814309
2020-11-04,0.641206,0.6123609,0.703593,0.8985713,0.5571804,0.816773,0.7934013,0.8034204,0.7865434,0.8491698
2020-11-05,0.6828727,0.7137901,0.728548,0.9234976,0.5360421,0.8297126,0.7894094,0.887671,0.819159,0.8773783
2020-11-06,0.6761837,0.6408591,0.7068328,0.9164995,0.6230761,0.7934462,0.8192039,0.8652119,0.8365902,0.917959
2020-11-07,0.549806,0.5427251,0.6383895,0.8411768,0.5770418,0.7735224,0.7395072,0.7711412,0.7940992,0.8483716
2020-11-08,0.6602978,0.6626795,0.697139,0.875029,0.6210016,0.7964807,0.7895442,0.8379726,0.7989952,0.8700894
2020-11-09,0.6996091,0.6683928,0.7706165,0.9282507,0.7143005,0.8901049,0.908961,0.8665371,0.9340355,0.9522236
2020-11-10,0.7082898,0.7745586,0.796685,1.0123639,0.5835536,0.9022837,0.9204625,0.9645953,1.0206616,0.9694663
2020-11-11,0.7828808,0.7662247,0.7814923,0.9475276,0.6226763,0.90122,0.9139145,0.9141246,0.9856205,1.013959
2020-11-12,0.6937648,0.6893736,0.7513445,0.9872572,0.6140896,0.8612411,0.8715692,0.8442443,0.9140785,0.9712421
2020-11-13,0.7234395,0.6742321,0.7667065,0.9752929,0.5906748,0.8539001,0.8594092,0.8399547,0.8238726,0.9015689
2020-11-14,0.686627,0.6772352,0.7803895,0.9912359,0.6428568,0.82951,0.8733531,0.821852,0.8612476,0.9725991
2020-11-15,0.7017508,0.7520166,0.72764,0.905577,0.6452013,0.842992,0.8671334,0.8808563,0.8210278,0.9320461
2020-11-16,0.774399,0.7344919,0.8291175,1.0366446,0.6252119,0.9233872,0.9542906,0.9346962,0.9423375,1.0664187
2020-11-17,0.7982335,0.8526049,0.8968328,1.0267944,0.6672984,0.9558992,0.9704214,0.9341364,0.9434606,1.0883352
2020-11-18,0.8279915,0.8368806,0.8397193,1.0117529,0.7312457,0.9695794,0.9473794,0.9712046,0.9622923,1.0515161
2020-11-19,0.8778103,0.8245423,0.8357085,1.0513124,0.7687202,0.9773363,0.9999052,0.9805917,0.9075716,1.0809939
2020-11-20,0.7771694,0.7332783,0.823503,1.0278909,0.736164,0.9626712,0.9540805,0.9003955,0.8938097,1.0208669
2020-11-21,0.7226007,0.6139992,0.770231,0.9607305,0.6489354,0.9000518,0.8924309,0.8610511,0.8531522,1.0188799
2020-11-22,0.7552396,0.639758,0.75973,0.9853578,0.6530386,0.903309,0.9104303,0.9071558,0.7660043,0.9371758
2020-11-23,0.8034825,0.677086,0.7817878,0.9800816,0.7103554,0.92132,0.9154099,0.8432102,0.8737235,1.0078019
2020-11-24,0.7550986,0.6836017,0.830231,1.0274136,0.6646864,0.8982468,0.9310687,0.8957028,0.8923964,1.039469
2020-11-25,0.7131294,0.6563601,0.7735715,0.9775227,0.8393353,0.9106503,0.8817165,0.9442686,0.9109275,0.9899518
2020-11-26,0.6749526,0.6569608,0.7145373,0.8516637,0.7165614,0.8392608,0.8226082,0.8847276,0.706906,0.9003245
2020-11-27,0.6592523,0.5569467,0.7211498,0.8745598,0.6892097,0.8080139,0.790661,0.8354018,0.7233423,0.8441561
2020-11-28,0.6984051,0.4881889,0.7163895,0.8338997,0.5774115,0.8928748,0.8595879,0.8003084,0.7819156,0.8817472
2020-11-29,0.6865454,0.8735298,0.7404688,0.8693457,0.6711772,0.8835605,0.8633198,0.8906315,0.7592667,0.9428327
2020-11-30,0.8387388,0.7545482,0.79564,1.0029255,0.7242271,0.9704987,0.9426834,0.9655455,0.926792,1.0367335
2020-12-01,0.8518236,0.7506198,0.8535823,0.9956815,0.7864189,0.9334879,0.8714163,0.9464595,0.9288146,1.0145682
2020-12-02,0.75633,0.6935338,0.7577878,0.9356261,0.8249356,0.9863564,0.907892,0.9823057,0.9556718,1.0004355
2020-12-03,0.742201,0.6750255,0.810685,0.9368774,0.8043435,0.9841091,0.9208337,1.009338,0.9283611,1.0257862
2020-12-04,0.7298009,0.682375,0.8458778,0.8900271,0.8317381,0.9591257,0.8966697,0.9356751,0.9197367,1.0003674
2020-12-05,0.6760555,0.6408544,0.7231968,0.8407877,0.7148931,0.8816862,0.8251132,0.9321276,0.8414616,0.943126
2020-12-06,0.7047633,0.6486869,0.7194238,0.8753846,0.8331873,0.8751709,0.8400062,0.9063665,0.8532643,0.937649
2020-12-07,0.8392664,0.7554601,0.8213445,0.9794471,0.6863439,1.0153886,0.9926776,0.9810006,0.9102914,1.0715968
2020-12-08,0.7897472,0.7317062,0.8636508,0.9082273,0.8509776,1.0335107,0.9490121,0.9863986,0.9149459,1.048564
2020-12-09,0.7780013,0.7879152,0.8443895,1.0044002,0.7491975,1.0214468,0.9636297,0.9757971,0.9182386,1.0324537
2020-12-10,0.8358886,0.8389978,0.8413553,0.9297652,0.8440911,0.9832452,0.9469239,0.966254,0.8556897,1.0240039
2020-12-11,0.8100347,0.8018269,0.8181733,0.8820319,0.7283285,0.938652,0.9101761,0.877939,0.902185,0.9832725
2020-12-12,0.7348385,0.8891427,0.8504903,0.8175957,0.8470305,0.9405424,0.8896019,0.8547797,0.8787209,0.9302071
2020-12-13,0.7750251,0.69191,0.7934453,0.7931825,0.7591673,0.9233329,0.866036,0.8939741,0.7946522,0.9059997
2020-12-14,0.7816282,0.697787,0.8319678,0.853766,0.7622207,0.918377,0.8620563,0.909084,0.8381351,0.9345581
2020-12-15,0.7967914,0.7047965,0.840411,0.8892199,0.8010105,0.9425253,0.9015883,0.9783187,0.8857472,0.9454418
2020-12-16,0.7524259,0.7070039,0.7707643,0.9533812,0.8401117,0.8995354,0.8782358,0.9476141,0.8944031,0.9418967
2020-12-17,0.6717699,0.6059163,0.778501,0.906588,0.7751625,0.9123306,0.8304299,0.8879769,0.8488463,0.8234799
2020-12-18,0.7131023,0.6856371,0.7596615,0.818281,0.761132,0.8722502,0.8399518,0.8681777,0.7997822,0.8964798
2020-12-19,0.6932809,0.6110244,0.7360363,0.887191,0.6112921,0.923797,0.8450029,0.8893773,0.7830908,0.8799247
2020-12-20,0.7161007,0.6890231,0.7352975,0.8807434,0.8022635,0.9002252,0.8449964,0.8084336,0.8853864,0.8525711
2020-12-21,0.7992994,0.6636762,0.7766165,0.9112966,0.7510668,0.9616467,0.9071461,0.9159591,0.9100768,0.9757973
2020-12-22,0.7492841,0.7570998,0.73973,0.812501,0.6909117,0.9646615,0.8991498,0.8643785,0.8225897,0.9216203
2020-12-23,0.7116764,0.5101684,0.8129335,0.8165695,0.740713,0.9798145,0.8830225,0.9476164,0.8343123,0.9120179
2020-12-24,0.6992177,0.5107465,0.7151283,0.7410347,0.6043698,0.9899992,0.8640523,0.8630093,0.8296507,0.9205365
2020-12-25,0.5924233,0.4998191,0.6126165,0.672254,0.6057178,0.8713153,0.7859409,0.7053656,0.6289337,0.8120689
2020-12-26,0.6928744,0.6503364,0.683366,0.6955543,0.6132069,0.9028288,0.827446,0.8082252,0.7616257,0.8179366
2020-12-27,0.7228958,0.713848,0.7642418,0.8386758,0.7522465,0.9595697,0.8774206,0.8495567,0.8104855,0.9599684
2020-12-28,0.8179786,0.8458326,0.8199463,0.8539397,0.8571781,1.056228,0.9566729,0.9193425,1.0144081,1.0499317
2020-12-29,0.8375234,0.7664847,0.8762525,0.898095,0.7801066,1.0692738,0.9262279,0.9305311,0.9229307,1.020682
2020-12-30,0.8943699,0.7867646,0.8752975,0.8873085,0.8522345,1.1397993,0.9975703,1.066118,0.9353779,1.0061658
2020-12-31,0.7957136,0.6891513,0.8628328,0.8954746,0.7878036,1.0817698,0.8919794,0.8646727,0.8294606,1.0312707
2021-01-01,0.7440433,0.787586,0.7519463,0.7704169,0.719541,1.0045542,0.8488772,0.8373079,0.7660192,0.9553913
2021-01-02,0.7221104,0.7053188,0.8186058,0.8368444,0.7422015,1.0363145,0.8970613,0.8150009,0.8791326,1.0049054
2021-01-03,0.7854293,0.7104854,0.7670598,0.8681044,0.7203539,1.0349835,0.9012462,0.9251369,0.8750228,0.9477187
2021-01-04,0.8846585,0.8921272,0.9002418,0.928677,0.810674,1.1210492,1.031575,0.8963067,0.9820021,1.0768188
2021-01-05,0.8696482,0.8127784,0.982321,0.9510431,0.8265653,1.1326402,1.0515982,0.9723403,0.9716676,1.1268967
2021-01-06,0.7969383,0.8287991,0.8621733,0.917547,0.7263594,1.049123,0.962559,0.8504201,0.9723057,1.0098691
2021-01-07,0.7997083,0.8017107,0.8680255,0.9690904,0.7692012,1.0751011,0.9453959,0.8771523,0.843066,1.033198
2021-01-08,0.8033218,0.7503575,0.9101155,0.8672069,0.6598225,1.0574719,0.9663238,0.8519036,0.8706219,0.9940013
2021-01-09,0.7488058,0.6506029,0.8533553,0.8001067,0.7188679,1.0552376,0.9346459,0.7779279,0.8882873,1.0524035
2021-01-10,0.7671984,0.7188551,0.7918093,0.8505377,0.7666155,1.0017468,0.9143096,0.8038025,0.787083,0.9280167
2021-01-11,0.8069584,0.691863,0.8583895,0.9062119,0.7999955,1.0597002,0.9951311,0.8147573,0.8364577,1.0629579
2021-01-12,0.7777728,0.7016337,0.863867,0.8956203,0.7348545,1.0765597,1.0009059,0.8743184,0.8726096,1.0506412
2021-01-13,0.8343424,0.7091371,0.908458,0.8886625,0.7550929,1.0637838,0.9780457,0.8215504,0.9274931,1.0882061
2021-01-14,0.8170318,0.7512499,0.9036615,0.8977978,0.8329844,1.081635,0.9837623,0.8156578,0.8220021,1.0568247
2021-01-15,0.754559,0.6290229,0.8727858,0.8328424,0.6939162,0.9886203,0.9639567,0.7601637,0.7926054,0.9495981
2021-01-16,0.6554462,0.755333,0.7898778,0.7652303,0.674388,0.9547418,0.9154501,0.7425274,0.8064248,0.9410213
2021-01-17,0.7405522,0.7116216,0.8375823,0.7911448,0.6416085,0.9583818,0.8912286,0.7638787,0.8129633,1.0060882
2021-01-18,0.7658347,0.6741438,0.8860363,0.7972708,0.666866,0.9688559,0.9087205,0.76527,0.8215131,0.9942071
2021-01-19,0.7173284,0.6766531,0.8716615,0.8304522,0.7017101,0.9909212,0.9584411,0.7329502,0.8106088,0.992983
2021-01-20,0.7310758,0.610592,0.875229,0.7888896,0.661043,0.9262746,0.9216999,0.7825865,0.7358603,0.9534499
2021-01-21,0.7553122,0.8291319,0.9072975,0.8650547,0.6428033,0.977734,0.9588107,0.8023981,0.8404951,1.018602
2021-01-22,0.7443528,0.7548953,0.8812183,0.8008432,0.6195065,0.9595557,0.9536039,0.7413995,0.7418156,1.0242729
2021-01-23,0.67315,0.671227,0.7932183,0.7298539,0.6284473,0.8777149,0.8997487,0.6497343,0.6742872,0.9070742
2021-01-24,0.6369106,0.7295432,0.8144688,0.7736956,0.6564701,0.9200767,0.8934029,0.6801323,0.7126651,0.9603576
2021-01-25,0.7773588,0.7660876,0.860775,0.8454826,0.6564842,0.9791785,0.9623469,0.7773919,0.7477111,0.9743983
2021-01-26,0.7592879,0.8055029,0.9005588,0.842949,0.6883513,1.0076139,0.9996878,0.8185559,0.8323949,0.9944473
2021-01-27,0.7035763,0.7997346,0.848184,0.8210711,0.7485011,0.9859416,0.9083026,0.813167,0.8135361,0.9326012
2021-01-28,0.765615,0.7538572,0.8476723,0.884237,0.5528814,0.9676963,0.8892587,0.7367766,0.7652236,0.9665521
2021-01-29,0.663566,0.6938248,0.8326165,0.7782011,0.4755234,0.9203978,0.8849088,0.7488917,0.7310348,0.9894027
2021-01-30,0.6080548,0.6647052,0.8000363,0.7146111,0.5937175,0.9129343,0.8738161,0.6688368,0.6508223,0.9237533
2021-01-31,0.6197212,0.6382147,0.741139,0.737341,0.5493948,0.8548347,0.8011309,0.6556295,0.6654922,0.8805939
2021-02-01,0.6199943,0.5308084,0.70582,0.7717177,0.5628552,0.7866686,0.7775108,0.7098235,0.7022028,0.8039539
2021-02-02,0.6357828,0.7207042,0.7541263,0.8660176,0.7466442,0.8389696,0.815196,0.7688393,0.6616772,0.808973
2021-02-03,0.7139549,0.7177832,0.7858093,0.8757444,0.6883932,0.9233785,0.8658143,0.7739776,0.7733693,0.9565724
2021-02-04,0.7405997,0.7737064,0.9077193,0.8304258,0.6734349,0.9397649,0.8974201,0.7922826,0.8153125,1.1091685
2021-02-05,0.6637925,0.6116359,0.866094,0.7792231,0.6500584,0.9293538,0.8973764,0.7622756,0.7803729,1.0623125
2021-02-06,0.6217127,0.6092236,0.8323318,0.7418664,0.5406783,0.9069446,0.8707664,0.6605842,0.7582159,0.9334997
2021-02-07,0.5832197,0.5454512,0.752047,0.7217932,0.5993101,0.7958777,0.7942086,0.6468174,0.6496647,0.8108087
2021-02-08,0.634857,0.6907201,0.7951498,0.7881187,0.6680272,0.8531252,0.8467936,0.6860054,0.7831031,0.9123062
2021-02-09,0.6879343,0.608525,0.845002,0.8606941,0.7094508,0.9303477,0.932651,0.7516609,0.8956261,0.9572046
2021-02-10,0.67019,0.7338048,0.9025695,0.8545185,0.6451688,0.9362045,0.9030284,0.7590777,0.8515371,0.9857714
2021-02-11,0.6439286,0.5909892,0.8269443,0.8032438,0.6197481,0.9248758,0.8852226,0.7777323,0.7694179,0.9134245
2021-02-12,0.6568803,0.6804399,0.8128543,0.8343768,0.5891645,0.9305942,0.9256628,0.7407825,0.7006493,0.9002602
2021-02-13,0.6447846,0.6471414,0.831593,0.8158591,0.5880365,0.9096777,0.91967,0.7728016,0.7487597,0.9272977
2021-02-14,0.5423294,0.5188507,0.775229,0.7281232,0.4862934,0.8538033,0.8518368,0.6915661,0.7214779,0.844869
2021-02-15,0.6034967,0.6249888,0.818184,0.7854469,0.5020504,0.9071372,0.8797415,0.8025673,0.6984916,0.9227435
2021-02-16,0.5938316,0.6608597,0.8088543,0.7789113,0.5352212,0.88158,0.8795894,0.7040033,0.7728226,0.8788802
2021-02-17,0.602834,0.711369,0.8133768,0.8010315,0.4618312,0.920613,0.866698,0.7474334,0.6973299,0.8745698
2021-02-18,0.6218926,0.7166577,0.8141948,0.8086013,0.5667072,0.8457458,0.8473803,0.7440403,0.7494688,0.8692021
2021-02-19,0.6213092,0.6123946,0.7705695,0.7428656,0.5230538,0.821111,0.846822,0.738192,0.7056487,0.829468
2021-02-20,0.6300454,0.6286516,0.7877515,0.7056901,0.4816072,0.8310659,0.881779,0.6881102,0.6725648,0.8385165
2021-02-21,0.6134575,0.6831349,0.8004218,0.7065575,0.5347198,0.860408,0.8769915,0.6754548,0.5985731,0.8658913
2021-02-22,0.6186971,0.6657114,0.7773083,0.6805685,0.4521727,0.902855,0.9143636,0.7636962,0.697514,0.8681132
2021-02-23,0.6543641,0.8087986,0.856137,0.8105627,0.6697388,0.8849193,0.8825121,0.7348752,0.7436529,0.8679955
2021-02-24,0.5792864,0.5714849,0.8207858,0.7645105,0.6126937,0.8936668,0.8963258,0.6845006,0.6650681,0.9054224
2021-02-25,0.6436159,0.5894264,0.8308543,0.7813692,0.5756334,0.8886024,0.8935841,0.734232,0.6665567,0.9126511
2021-02-26,0.6235339,0.6812781,0.784865,0.7412758,0.5502534,0.8837088,0.9061202,0.6412938,0.6099712,0.8390865
2021-02-27,0.5665743,0.541959,0.744912,0.6879333,0.5665224,0.8851355,0.8976524,0.6793878,0.6451976,0.912048
2021-02-28,0.5531224,0.6071322,0.7421155,0.7053587,0.4622687,0.8258523,0.859382,0.6572219,0.6235866,0.8116019
2021-03-01,0.5988157,0.7692434,0.8010128,0.726083,0.4552055,0.8677878,0.9098452,0.6464821,0.6181789,0.8449369
2021-03-02,0.5880321,0.5964204,0.776865,0.7055081,0.617855,0.8820759,0.8661605,0.7091976,0.7321879,0.8564222
2021-03-03,0.6152233,0.6866561,0.8301948,0.6965141,0.572516,0.9015499,0.9113652,0.6701965,0.6600163,0.919045
2021-03-04,0.5759081,0.5656369,0.751503,0.7099441,0.5980014,0.8766965,0.8767397,0.6892798,0.6799515,0.9386947
2021-03-05,0.5680428,0.5650934,0.82982,0.7106494,0.5451531,0.8788608,0.8521512,0.6557259,0.6724229,0.920551
2021-03-06,0.5823166,0.4982255,0.7656038,0.6803059,0.5764572,0.8689675,0.8817903,0.6838375,0.6342977,0.8622283
2021-03-07,0.5805648,0.4985677,0.7577515,0.7633311,0.5005012,0.8731275,0.8934741,0.6499231,0.6682611,0.8551239
2021-03-08,0.6328877,0.7201919,0.8319678,0.7358642,0.5639117,0.9113161,0.8994787,0.6966843,0.7286689,0.9897217
2021-03-09,0.6447474,0.7690552,0.8231968,0.761476,0.5783287,0.9231222,0.9252237,0.6877368,0.7373868,1.0313496
2021-03-10,0.6619313,0.7226847,0.8115138,0.7296682,0.6348956,0.8930673,0.9307056,0.7093683,0.7382031,0.9331763
2021-03-11,0.6391028,0.722499,0.7717193,0.6828039,0.5885316,0.9208171,0.9298111,0.641498,0.6302556,0.9877501
2021-03-12,0.6009844,0.6343975,0.7643425,0.6625443,0.5179183,0.8818039,0.8627734,0.6124408,0.6428005,0.8516568
2021-03-13,0.6188873,0.5269948,0.7569228,0.6270468,0.5482599,0.8969034,0.8816892,0.5942738,0.6088027,0.8829946
2021-03-14,0.6153174,0.634485,0.6626958,0.6097846,0.5064605,0.84984,0.8741066,0.5665698,0.5869207,0.8183606
2021-03-15,0.6249938,0.6464796,0.7616615,0.7270693,0.4389022,0.8715929,0.9045842,0.6638061,0.620554,0.909328
2021-03-16,0.6451569,0.687882,0.812047,0.7369974,0.4705962,0.9376818,0.934034,0.7387739,0.7380719,0.9231937
2021-03-17,0.6598741,0.6430937,0.795593,0.6899343,0.5105859,0.9146035,0.9212831,0.6284425,0.6514749,0.9456395
2021-03-18,0.655654,0.6717605,0.7621733,0.7275439,0.5209517,0.904189,0.9148505,0.7276011,0.7382133,0.9323416
2021-03-19,0.5824145,0.5841748,0.7429228,0.6207927,0.4801701,0.8740087,0.8565904,0.6010688,0.5856922,0.8920357
2021-03-20,0.5690587,0.5771104,0.7504795,0.661084,0.5084321,0.8722292,0.8904466,0.604583,0.6174743,0.9049039
2021-03-21,0.5233814,0.5892622,0.746184,0.7236702,0.4663324,0.8785741,0.9095744,0.6281081,0.6704001,0.8626364
2021-03-22,0.591808,0.4990926,0.8080363,0.7947263,0.5614754,0.9059548,0.9480239,0.6779649,0.6668422,0.9245364
2021-03-23,0.6151674,0.552727,0.8339678,0.7752064,0.5430116,0.9357955,0.922938,0.6874284,0.6944033,0.9287085
2021-03-24,0.6808116,0.6953774,0.8295138,0.7615582,0.5436877,0.9325148,0.9526708,0.7472037,0.6513309,0.9779889
2021-03-25,0.6560471,0.7164957,0.7567428,0.7782823,0.5619356,0.9374929,0.9482037,0.7189545,0.7028485,1.043841
2021-03-26,0.6586772,0.573095,0.7952868,0.7598916,0.5584998,0.9504032,0.9869876,0.7681712,0.6967305,0.9756498
2021-03-27,0.5953777,0.6586632,0.758548,0.7224,0.6101685,0.9190372,0.9488393,0.7427781,0.6962254,0.9124105
2021-03-28,0.6648246,0.8594588,0.7415715,0.7743835,0.6185639,0.9437101,0.9897122,0.6612349,0.7565344,0.9343016
2021-03-29,0.6345165,0.7784417,0.7835138,0.7594772,0.577732,0.9113866,0.9462297,0.7056711,0.7426158,0.8956675
2021-03-30,0.6691414,0.617242,0.7709805,0.8025289,0.5777362,0.9547293,0.9674564,0.7493225,0.7697603,0.978211
2021-03-31,0.6864862,0.5848661,0.7932545,0.858284,0.5973797,0.9452188,1.0270381,0.7938963,0.7690045,1.0693016
2021-04-01,0.6958369,0.6366579,0.7968543,0.8380708,0.5710549,0.9193947,0.9693762,0.7218047,0.7182521,0.9142384
2021-04-02,0.7047608,0.8034986,0.7806743,0.8583005,0.474966,0.9799854,1.0023114,0.7241101,0.7180214,1.0255347
2021-04-03,0.6539214,0.569811,0.7963318,0.8168153,0.5854771,0.9609039,1.0631707,0.7343576,0.6717767,0.8956188
2021-04-04,0.669844,0.5113754,0.7277878,0.8340135,0.5264489,0.9519413,0.9735751,0.7170955,0.6496838,0.9525819
2021-04-05,0.6658073,0.5549871,0.8187065,0.8212884,0.502411,0.9528789,1.0119199,0.7115495,0.6906405,0.9401571
2021-04-06,0.7211477,0.7514369,0.8408435,0.9114833,0.5917086,0.967741,1.0213686,0.7952232,0.8181178,1.0101618
2021-04-07,0.758229,0.6366868,0.846775,0.9518167,0.639025,1.0061211,1.0471242,0.8207864,0.8679085,1.0063646
2021-04-08,0.7868514,0.8022392,0.8204688,1.0207753,0.6551926,0.9991096,1.0658015,0.7759708,0.8618442,1.0163364
2021-04-09,0.7325024,0.8235989,0.8861733,0.9614778,0.6459515,0.956699,1.0417839,0.8608244,0.8390488,1.0439502
2021-04-10,0.7224938,0.8219143,0.8163103,0.9330958,0.6031819,1.0112126,1.066393,0.8159517,0.8545829,1.0330905
2021-04-11,0.6568543,0.7326199,0.7829913,0.8544836,0.6041067,0.9409846,0.990908,0.8157267,0.799131,0.9263084
2021-04-12,0.7710392,0.6464716,0.8384795,0.937174,0.5432818,0.9563873,1.048363,0.8450714,0.8516716,0.9516191
2021-04-13,0.7292744,0.8566353,0.9019463,0.8661136,0.4891443,0.9801931,1.0217631,0.8783975,0.7968143,1.0497828
2021-04-14,0.7468061,0.7720959,0.8175823,0.8766525,0.5112511,0.9116922,0.9503652,0.8152701,0.7737149,1.0039874
2021-04-15,0.6797284,0.700385,0.8223895,0.8761042,0.5639025,0.9652492,1.0046669,0.836539,0.7232834,1.0462818
2021-04-16,0.7068121,0.630552,0.8030813,0.7699873,0.5321948,0.9085205,0.9304401,0.7766913,0.7468048,0.8855117
2021-04-17,0.6988651,0.6185135,0.7240148,0.8114571,0.5362042,0.9142913,0.9393078,0.7568482,0.7441986,0.9536073
2021-04-18,0.6174042,0.5970618,0.6929013,0.7806223,0.5159211,0.9106782,0.9271505,0.7137496,0.6703404,0.922459
2021-04-19,0.6435208,0.7098402,0.747002,0.7960641,0.4972901,0.9197253,0.9565579,0.7801067,0.7160353,0.8695384
2021-04-20,0.6233581,0.6971715,0.8118093,0.8309092,0.5703306,0.8754386,0.9240773,0.7353469,0.749222,0.9331525
2021-04-21,0.6335175,0.8099632,0.8057515,0.8152742,0.5935263,0.8831552,0.9538284,0.7908164,0.7797012,0.8680749
2021-04-22,0.6394219,0.6821717,0.7776508,0.8337883,0.9139548,0.9244403,0.9760188,0.782899,0.7730796,0.9812263
2021-04-23,0.664147,0.7786835,0.7469013,0.695191,0.6672316,0.9481993,0.9857562,0.75355,0.717166,0.9672055
2021-04-24,0.6844405,0.6317445,0.8209228,0.7807896,0.5560021,0.916901,0.9695968,0.7293356,0.7247915,0.9392802
2021-04-25,0.6325579,0.7116396,0.6813445,0.7444876,0.4693812,0.8972186,0.8993642,0.7090077,0.6275954,0.9360824
2021-04-26,0.6550198,0.7099371,0.734595,0.8212333,0.4363917,0.8845669,0.9354182,0.7279569,0.7246364,0.9685302
2021-04-27,0.6892934,0.6620593,0.7673445,0.8191998,0.6376714,0.9607164,0.9759286,0.7948684,0.8585581,0.9845281
2021-04-28,0.7865708,0.9129552,0.7896508,0.947931,0.6132014,0.9620993,1.0151458,0.7598674,0.8613702,0.9818046
2021-04-29,0.7011993,0.7592653,0.8278563,0.8093733,0.4904706,0.9704633,1.0151322,0.7687489,0.7769578,1.0357087
2021-04-30,0.6534115,0.6221964,0.7803895,0.8263563,0.5321105,0.8863552,0.9734336,0.7302353,0.7135319,0.9067837
2021-05-01,0.6679347,0.59393,0.732004,0.8252521,0.440424,0.8930007,0.9802643,0.7984993,0.6517306,0.9656784
2021-05-02,0.6135164,0.6005491,0.7023895,0.8079177,0.6263408,0.9336178,0.9753846,0.7591338,0.6913481,0.8991867
2021-05-03,0.6614252,0.5995677,0.691413,0.7651822,0.5238283,0.8850543,0.9294855,0.7770444,0.7391,0.9145796
2021-05-04,0.6877354,0.6585123,0.7434345,0.8072387,0.7163238,0.9000509,0.9373084,0.8075686,0.8858792,0.9210675
2021-05-05,0.6679547,0.760652,0.7471283,0.825565,0.5584405,0.9138232,0.976878,0.8591917,0.830019,0.9703881
2021-05-06,0.6899129,0.692136,0.7761048,0.8181503,0.5963797,0.895867,0.92767,0.8953382,0.7654408,0.9516239
2021-05-07,0.6678273,0.6047231,0.7129698,0.7082668,0.4903509,0.8767058,0.9548859,0.744824,0.6958051,0.9395067
2021-05-08,0.6351991,0.5708143,0.6949228,0.6914273,0.4253404,0.8527755,0.9091187,0.7092745,0.665439,0.8247155
2021-05-09,0.638498,0.57607,0.659593,0.7124479,0.5201216,0.7978804,0.8016183,0.6817973,0.672479,0.7692501
2021-05-10,0.6325143,0.7600423,0.7137985,0.7580932,0.5575122,0.8809818,0.8788374,0.7492825,0.6824009,0.9190035
2021-05-11,0.6309404,0.6757772,0.7109335,0.8289081,0.4963707,0.8923682,0.8559599,0.7685803,0.7404069,0.8232374
2021-05-12,0.6842809,0.6380938,0.775002,0.775979,0.5579221,0.894117,0.8670342,0.759813,0.7257158,0.8926874
2021-05-13,0.5996143,0.5085982,0.7178778,0.7792582,0.4872659,0.8588395,0.8512499,0.659324,0.7074637,0.8783252
2021-05-14,0.6109339,0.6771747,0.7413768,0.7388944,0.6204028,0.8572491,0.825452,0.6620194,0.6860854,0.8273806
2021-05-15,0.5813837,0.6302126,0.7135715,0.72898,0.5684015,0.891194,0.8286755,0.6826842,0.6213681,0.9244389
2021-05-16,0.5575585,0.5176162,0.703139,0.7624194,0.4831845,0.855907,0.7994584,0.6380976,0.6761408,0.8878667
2021-05-17,0.6071928,0.580501,0.7008435,0.7091567,0.5040475,0.8423049,0.7831415,0.7159183,0.7066221,0.8438364
2021-05-18,0.6305851,0.6285537,0.678458,0.7599841,0.6207535,0.7960306,0.8063282,0.7456107,0.6979466,0.9226071
2021-05-19,0.6417491,0.6775342,0.7930128,0.6891117,0.6114506,0.8523711,0.8066258,0.6385129,0.6938608,0.8509619
2021-05-20,0.6306649,0.6910794,0.7399678,0.7595478,0.6131242,0.8197032,0.7709164,0.6321574,0.670067,0.8348664
2021-05-21,0.5900764,0.5695069,0.6418885,0.7457738,0.5479597,0.7653501,0.7091099,0.6813037,0.6478247,0.7925525
2021-05-22,0.6039083,0.6403256,0.6857985,0.6252247,0.4830104,0.8703639,0.7970163,0.6180504,0.6189113,0.8841019
2021-05-23,0.542555,0.5922984,0.6337985,0.6824807,0.5167926,0.8150298,0.7719238,0.5985939,0.6267134,0.8147899
2021-05-24,0.5974621,0.5737421,0.6997408,0.6491259,0.4440035,0.7734046,0.7460738,0.6211007,0.558311,0.8092795
2021-05-25,0.5765973,0.4743202,0.6584795,0.6805327,0.5413929,0.7457675,0.7257368,0.5873471,0.6449571,0.7996504
2021-05-26,0.5623039,0.6305265,0.671593,0.6854039,0.5486448,0.7357105,0.7031212,0.6056019,0.6311902,0.8111723
2021-05-27,0.4969916,0.4305908,0.626548,0.6564132,0.5625944,0.7198258,0.6933631,0.5742342,0.5907141,0.7754993
2021-05-28,0.5196142,0.4888624,0.652638,0.5961088,0.4629249,0.7265095,0.6837807,0.5717338,0.5935382,0.7362182
2021-05-29,0.5652532,0.6124152,0.6061048,0.6953879,0.4988282,0.7511466,0.6914753,0.6280938,0.5816636,0.7568615
2021-05-30,0.5133146,0.5712792,0.5347065,0.5695023,0.5076655,0.6689443,0.6382486,0.492465,0.5835127,0.6424985
2021-05-31,0.468161,0.5499066,0.5823318,0.5928029,0.5132491,0.682237,0.6214868,0.5554879,0.5690911,0.695813
2021-06-01,0.6049195,0.483732,0.6587643,0.6633581,0.4020383,0.7865432,0.7730459,0.6427314,0.6770032,0.8515539
2021-06-02,0.5564402,0.5832467,0.6535823,0.6585334,0.5885945,0.7627966,0.7139136,0.6342896,0.7092763,0.810743
2021-06-03,0.5558218,0.6054789,0.5903103,0.6380761,0.5161539,0.739621,0.7064443,0.6319639,0.675848,0.8008556
2021-06-04,0.5703442,0.5822516,0.658548,0.5888252,0.5186559,0.7101712,0.6849458,0.6258503,0.6190662,0.8132382
2021-06-05,0.5932646,0.6689239,0.6586958,0.6291134,0.643309,0.7789085,0.7415495,0.6387885,0.6010978,0.7949458
2021-06-06,0.6300757,0.5721248,0.6581518,0.6547057,0.4987168,0.8157814,0.7709167,0.6270209,0.6472823,0.9232085
2021-06-07,0.6694685,0.7165953,0.6826743,0.728054,0.507666,0.8474365,0.8061571,0.7064949,0.7086581,0.9661915
2021-06-08,0.6274688,0.6352501,0.666912,0.7057429,0.4714417,0.7956233,0.7741096,0.6081874,0.6963981,0.8599637
2021-06-09,0.587317,0.7146535,0.7126958,0.6994182,0.5422322,0.7886784,0.771793,0.6666756,0.6046978,0.8735032
2021-06-10,0.5703072,0.4646354,0.6696615,0.6069206,0.4451545,0.7675508,0.7060916,0.6133327,0.5798035,0.8444821
2021-06-11,0.5288956,0.6457178,0.615957,0.6342301,0.3827024,0.7440596,0.7291345,0.5786505,0.595561,0.8069054
2021-06-12,0.5135011,0.586093,0.6253553,0.6413987,0.5112157,0.7309678,0.6842437,0.5245714,0.5904999,0.8232951
2021-06-13,0.548151,0.5124427,0.5747643,0.6578494,0.5019519,0.7279863,0.6625414,0.6026055,0.500384,0.7585892
2021-06-14,0.6127004,0.5942225,0.6606273,0.6217755,0.4763365,0.7538968,0.7430121,0.6055911,0.6664998,0.7793318
2021-06-15,0.6130461,0.5569615,0.6372868,0.5937527,0.4816567,0.7600653,0.7210852,0.5579233,0.6796644,0.8003096
2021-06-16,0.5486448,0.4855449,0.6487065,0.5530036,0.4949724,0.7387686,0.7309811,0.5724239,0.6571295,0.762438
2021-06-17,0.5934964,0.6130404,0.7006488,0.6291336,0.4355577,0.7304821,0.7466094,0.6190985,0.6030912,0.7507199
2021-06-18,0.5791716,0.5926054,0.6796723,0.6267289,0.5442915,0.7270522,0.7273479,0.6166677,0.585342,0.7758651
2021-06-19,0.5779876,0.7489998,0.642321,0.5732552,0.4434451,0.771649,0.7161134,0.6488884,0.6055924,0.830624
2021-06-20,0.60899,0.5559267,0.5998093,0.5840097,0.6660928,0.7298233,0.6921939,0.5702094,0.5354408,0.765809
2021-06-21,0.592661,0.8066084,0.6558093,0.6080505,0.5265315,0.7397495,0.7224089,0.5919996,0.6343351,0.8067096
2021-06-22,0.6214852,0.6408946,0.6467065,0.6324631,0.4433083,0.7267835,0.718921,0.5882252,0.6416742,0.7571392
2021-06-23,0.5171439,0.4215715,0.69782,0.6466109,0.4688408,0.7494389,0.699032,0.5091131,0.6684432,0.8174316
2021-06-24,0.5813826,0.410542,0.666865,0.6028309,0.4196313,0.7216717,0.7054271,0.6320207,0.6014466,0.7747799
2021-06-25,0.5504998,0.501201,0.631593,0.6153831,0.5185845,0.7253571,0.6970157,0.6333026,0.6676699,0.7762757
2021-06-26,0.5819704,0.7182193,0.6312868,0.7123165,0.5236215,0.7865594,0.7236735,0.6458121,0.6807544,0.7895671
2021-06-27,0.7007482,0.6718916,0.6178563,0.7754448,0.6110657,0.786541,0.7385567,0.7186105,0.7036989,0.8779973
2021-06-28,0.753142,0.9929583,0.7583788,0.7979086,0.6444881,0.8437305,0.8364311,0.7860327,0.7671479,1.0413795
2021-06-29,0.8139323,0.9096746,0.8272653,0.8733435,0.6369242,0.9222395,0.9432221,0.7955567,0.7883822,1.0956145
2021-06-30,0.719296,0.715216,0.9175138,0.6879179,0.5812861,0.9667053,0.9959024,0.6666777,0.6251429,1.0524337
2021-07-01,0.6555468,0.6025595,0.776184,0.6825026,0.5067493,0.7899304,0.7990359,0.6513232,0.6966541,0.9009136
2021-07-02,0.6404147,0.5737572,0.657593,0.5881472,0.6185175,0.7562388,0.7136881,0.5941574,0.7012311,0.8069336
2021-07-03,0.5783888,0.5936734,0.5969805,0.5742046,0.5640892,0.7296034,0.7262869,0.6256869,0.5665648,0.8179789
2021-07-04,0.5512946,0.4799936,0.5745265,0.6155648,0.401044,0.6906585,0.6901212,0.536018,0.5979933,0.8310308
2021-07-05,0.6005084,0.5486247,0.6255138,0.6693955,0.5052464,0.74524,0.7311563,0.5874232,0.5702525,0.777877
2021-07-06,0.6750697,0.6782463,0.727139,0.624554,0.5872296,0.8131884,0.7926823,0.6343621,0.7291815,0.8747838
2021-07-07,0.6582587,0.7120212,0.7293445,0.6677194,0.5306865,0.8772329,0.8459208,0.631304,0.7356006,0.9543375
2021-07-08,0.67845,0.5870927,0.7309913,0.6563692,0.4919179,0.8317504,0.8287795,0.6232542,0.6419803,0.8842135
2021-07-09,0.6940801,0.6624575,0.751002,0.605898,0.5540717,0.8242453,0.7850796,0.5832931,0.6027562,0.8574519
2021-07-10,0.6223829,0.5787046,0.685139,0.6648851,0.6373897,0.823268,0.7907491,0.5852986,0.6245878,0.8462242
2021-07-11,0.5999512,0.510989,0.657957,0.6118896,0.4624852,0.7890699,0.7844831,0.6566431,0.6169562,0.8088294
2021-07-12,0.6429401,0.4905046,0.733957,0.6831202,0.6385799,0.8393932,0.811724,0.6866572,0.673982,0.8473038
2021-07-13,0.6571553,0.5398529,0.7235823,0.6566884,0.7162681,0.817926,0.8263566,0.65273,0.7255143,0.8867062
2021-07-14,0.6657164,0.7651848,0.868184,0.6860306,0.5642778,0.8987204,0.8983464,0.7128749,0.6647184,0.9944162
2021-07-15,0.6236392,0.6570034,0.8073553,0.741818,0.6429593,0.8731394,0.8682623,0.6967382,0.70448,0.9665802
2021-07-16,0.6858578,0.621443,0.7512653,0.6809031,0.5034529,0.9107905,0.885613,0.6830256,0.6620531,0.9871082
2021-07-17,0.5766786,0.4037601,0.7246743,0.6142911,0.5351432,0.9051875,0.8854467,0.6124995,0.6625373,0.9324566
2021-07-18,0.6156147,0.4938378,0.6824688,0.6479752,0.5299255,0.8625989,0.8005512,0.6472039,0.5798789,0.8570244
2021-07-19,0.7173721,0.5678049,0.6855715,0.7783906,0.5199153,0.8878697,0.8686959,0.6552625,0.655401,0.9140506
2021-07-20,0.6878051,0.6976286,0.7640255,0.7729793,0.5545359,0.9001906,0.865846,0.6051815,0.72324,0.9166753
2021-07-21,0.6482792,0.4930407,0.7469013,0.7346357,0.4830758,0.9094667,0.8907764,0.6513307,0.5947302,0.9889397
2021-07-22,0.6551614,0.5666225,0.7716615,0.7344312,0.5372167,0.9163138,0.9094763,0.6712816,0.7091833,0.8977739
2021-07-23,0.648203,0.7468367,0.864865,0.7172167,0.6292349,0.9375132,0.9093848,0.6387623,0.7017364,0.9143004
2021-07-24,0.6223415,0.5377184,0.7560255,0.729396,0.6048803,0.9056752,0.8639551,0.6389832,0.6605351,0.9120187
2021-07-25,0.6408954,0.6012569,0.7271283,0.71829,0.6153261,0.8623879,0.8770302,0.7252462,0.7368166,0.9218572
2021-07-26,0.6545392,0.6152536,0.8575245,0.7632261,0.6416319,0.9255574,0.9072698,0.6771948,0.6761095,0.9241305
2021-07-27,0.7068246,0.626553,0.8459678,0.7229552,0.5403553,0.9209293,0.9351795,0.7210667,0.713222,0.9244875
2021-07-28,0.7169234,0.7790424,0.820321,0.745079,0.5658584,0.9184544,0.9123526,0.7132664,0.6508759,0.9791772
2021-07-29,0.6761767,0.732432,0.810865,0.7365253,0.5568238,0.88869,0.8914156,0.6833244,0.7087593,0.8627375
2021-07-30,0.6470462,0.6850519,0.779957,0.736196,0.5207842,0.8969144,0.8642439,0.6512362,0.580502,0.9267757
2021-07-31,0.6204007,0.6567096,0.7089013,0.7343633,0.4484665,0.9301865,0.9187401,0.6593525,0.6613265,0.9266926
2021-08-01,0.6968983,0.6969193,0.692685,0.804206,0.6900011,0.9023801,0.8963778,0.678523,0.7291917,0.8898941
2021-08-02,0.6982841,0.6761841,0.7987535,0.7405492,0.5777623,0.9338136,0.9069124,0.7095882,0.6925364,0.9802028
2021-08-03,0.7538597,0.6814334,0.8047535,0.7493747,0.6450263,0.9423902,0.9227001,0.740698,0.7797416,1.0263612
2021-08-04,0.6912961,0.7861057,0.8298778,0.7966005,0.6404031,0.9428338,0.9145191,0.7301485,0.7807165,0.9897402
2021-08-05,0.6995148,0.7347536,0.812321,0.7640018,0.6115196,0.9323217,0.8699284,0.7012105,0.7158393,1.0056085
2021-08-06,0.6829354,0.6912652,0.779957,0.7315681,0.592476,0.9132395,0.8788159,0.7029451,0.7102783,0.9225885
2021-08-07,0.6868097,0.5551966,0.7895823,0.7553489,0.633167,0.8867649,0.8621664,0.7025047,0.7149944,0.9814207
2021-08-08,0.6389215,0.5920183,0.7498778,0.8242297,0.6546673,0.8926863,0.8572705,0.7979984,0.732069,0.9190964
2021-08-09,0.7070072,0.6605046,0.7843318,0.916507,0.7252322,0.943116,0.8964023,0.8073591,0.8234127,0.9124592
2021-08-10,0.7486767,0.7235949,0.820411,0.8494777,0.6822515,0.9653661,0.9162303,0.8252479,0.8750502,0.9284107
2021-08-11,0.7844299,0.7520942,0.823957,0.8877978,0.6516407,0.9865108,0.9669851,0.8430073,0.8626352,0.9946484
2021-08-12,0.7836983,0.7940673,0.8902633,0.8356674,0.7606317,1.0147285,0.9835143,0.7580366,0.791492,0.9769434
2021-08-13,0.752514,0.7731725,0.8784003,0.7572117,0.7233161,1.0163579,0.946411,0.7582558,0.8215567,1.0095531
2021-08-14,0.6778006,0.6764048,0.8258093,0.7077508,0.6009897,0.9960254,0.9178574,0.6656679,0.7152685,0.950492
2021-08-15,0.6838374,0.5906776,0.8089335,0.7503633,0.5616237,0.9115915,0.859013,0.7004901,0.713714,0.9010663
2021-08-16,0.7069235,0.6482035,0.8135138,0.7520168,0.6359404,0.9230658,0.890817,0.714294,0.6912836,0.9619284
2021-08-17,0.703723,0.6293098,0.8441733,0.8114721,0.6786318,0.9468178,0.8848637,0.7538989,0.7436792,0.998477
2021-08-18,0.7605328,0.6943888,0.7856615,0.8428502,0.6842334,0.9661538,0.8880065,0.7719106,0.858349,0.9269443
2021-08-19,0.6620881,0.6468614,0.8043895,0.7795167,0.6658245,0.9407135,0.8843774,0.7670809,0.7391697,0.9950444
2021-08-20,0.6681462,0.5095309,0.8378993,0.7498586,0.6499372,0.8524649,0.8685088,0.6398002,0.7468821,0.9036053
2021-08-21,0.6499002,0.541459,0.6883895,0.7882216,0.493706,0.8429053,0.769749,0.7402407,0.7293172,0.9114262
2021-08-22,0.650965,0.4936492,0.6890598,0.7751352,0.6675839,0.7945459,0.7739525,0.6711373,0.7691593,0.8833104
2021-08-23,0.7074446,0.6818715,0.7455138,0.8572154,0.6781148,0.8391633,0.8171407,0.719519,0.7232869,0.8812324
2021-08-24,0.7220912,0.6997521,0.846411,0.843482,0.6431016,0.9406661,0.9009097,0.7387268,0.8179754,0.9592102
2021-08-25,0.708301,0.8083435,0.8310705,0.9485971,0.8351212,0.9490675,0.9447976,0.8493411,0.9329841,0.9493222
2021-08-26,0.7147284,0.8111153,0.8813768,0.9440684,0.7920649,1.0137553,0.9550695,0.7974649,0.8139075,0.9692389
2021-08-27,0.6580416,0.7600823,0.803139,0.7128375,0.7065736,0.957979,0.882689,0.7110157,0.7569406,0.9586643
2021-08-28,0.6348784,0.648693,0.7553553,0.9195002,0.6750437,0.8680882,0.8057785,0.848833,0.7931552,0.933995
2021-08-29,0.6492408,0.5847723,0.7592868,0.826537,0.5651465,0.8277659,0.7795788,0.7554498,0.7819193,0.8720827
2021-08-30,0.6979341,0.8829205,0.732775,0.8367813,0.7200537,0.8501378,0.8518691,0.7687156,0.7910388,0.8532033
2021-08-31,0.6914961,0.8335407,0.9028758,0.8396031,0.6067721,0.8817748,0.8515897,0.7399818,0.8895518,0.8937784
2021-09-01,0.713962,0.8508246,0.8136723,0.8967823,0.7688489,0.855222,0.8355996,0.8153184,0.9118571,0.8855552
2021-09-02,0.706608,0.967038,0.6915138,0.8173674,0.5238418,0.8520459,0.7832667,0.76529,0.8997801,0.8429203
2021-09-03,0.6388423,0.7221903,0.7117408,0.8688971,0.6237796,0.8374801,0.7857516,0.7543493,0.7667894,0.8494875
2021-09-04,0.6248015,0.7760323,0.731503,0.7865613,0.6596571,0.838675,0.8118349,0.8014114,0.7801263,0.9587094
2021-09-05,0.6238477,0.6911434,0.7029228,0.7604846,0.6439996,0.8167621,0.8070331,0.745977,0.8116957,0.8030799
2021-09-06,0.6218148,0.7079404,0.6298885,0.7746567,0.5651214,0.8098794,0.7439942,0.7557702,0.8006038,0.7851662
2021-09-07,0.6566225,0.7313469,0.7282525,0.7655922,0.6298244,0.8523117,0.8417252,0.8157059,0.8170391,0.9012688
2021-09-08,0.7703665,0.9227294,0.810865,0.8297842,0.7077141,0.9515275,0.9307192,0.8112367,0.9305331,0.870989
2021-09-09,0.7137155,0.9674909,0.8006488,0.8161959,0.6500957,0.8273201,0.8262021,0.7805214,0.8097215,0.8618365
2021-09-10,0.636116,0.9733125,0.7577408,0.7599084,0.6117437,0.8130218,0.789016,0.7575683,0.7874035,0.8477375
2021-09-11,0.6341469,0.7901948,0.7894453,0.8445252,0.7208832,0.8475597,0.8081695,0.7506205,0.8099309,0.9010789
2021-09-12,0.6752106,0.827554,0.7054453,0.9202255,0.6702622,0.818768,0.7748762,0.8036271,0.8476442,0.8332706
2021-09-13,0.7009177,1.126126,0.7515823,0.9440547,0.6664682,0.8520403,0.8409446,0.837707,0.8914647,0.9327026
2021-09-14,0.7536348,0.9651797,0.8238885,0.9310036,1.2235268,0.8495465,0.8223604,0.8475967,1.2338938,0.9560712
2021-09-15,0.7264967,0.8278709,0.8082525,0.8647063,0.8957551,0.8678621,0.8675415,0.8460168,1.0402558,0.9517611
2021-09-16,0.6792106,0.8583024,0.7941155,0.8858938,0.7668783,0.8875352,0.8396234,0.7826273,0.9409229,0.9206256
2021-09-17,0.6382892,0.8074086,0.7192183,0.8694534,0.7032151,0.8295252,0.7974197,0.8030226,0.9026265,0.8548752
2021-09-18,0.6973876,0.7798924,0.6910598,0.9525085,0.8403281,0.8430099,0.7964226,0.8012634,0.8432459,0.8786426
2021-09-19,0.6766318,0.7505551,0.7481048,0.8740916,0.7875444,0.8443626,0.8103239,0.8216486,0.8399096,0.8879481
2021-09-20,0.7357267,0.9875419,0.8058778,0.9840538,0.7682957,0.8575771,0.8550266,0.8973426,0.8794841,0.9698378
2021-09-21,0.705767,1.0944828,0.7598093,0.9960948,0.7287094,0.8952247,0.8543611,0.9815302,0.932655,0.8910516
2021-09-22,0.7554789,1.1179994,0.7858778,0.9653761,0.7466627,0.9041469,0.8385638,0.9408339,0.9059507,0.9566895
2021-09-23,0.822785,1.0734098,0.7882418,0.9135714,0.8598057,0.9037995,0.8592391,0.8968213,0.8974824,0.959858
2021-09-24,0.6832106,0.765003,0.7893768,0.8978013,0.8196024,0.8635068,0.8228306,0.8251219,0.9437056,0.8838928
2021-09-25,0.6604058,0.8038163,0.8104003,0.8797474,0.7014733,0.9091758,0.8418891,0.8794767,0.8510502,0.9612036
2021-09-26,0.6787926,0.8990575,0.7461048,0.9424056,0.7838921,0.9207701,0.8418356,0.9613149,0.9162601,0.8835922
2021-09-27,0.8057726,1.0125875,0.865139,0.9937858,0.8159322,0.9676011,0.9217175,0.9805532,1.0064836,1.0438199
2021-09-28,0.8040683,0.9551578,0.8550813,0.9108061,0.7973959,0.9289014,0.9078884,0.9451233,1.0275837,0.9867502
2021-09-29,0.771161,1.0085944,0.8638308,0.9275107,0.7782246,0.9220749,0.8833763,0.9205735,1.0363124,0.9124311
2021-09-30,0.7995529,0.9130344,0.8292868,0.86643,0.7137071,0.9301444,0.8724234,0.850788,0.9329291,0.9884781
2021-10-01,0.6783067,0.7118339,0.7476615,0.8432416,0.6641463,0.8618365,0.8258049,0.8237293,0.8255986,0.8855471
2021-10-02,0.6635515,0.7643013,0.788411,0.8472118,0.7739383,0.9002181,0.8531764,0.8975807,0.9043442,0.9054391
2021-10-03,0.7170054,0.8875649,0.7666165,0.8858553,0.8174788,0.9256382,0.8397055,0.9259837,1.0150695,0.9504105
2021-10-04,0.7444485,0.9184443,0.8070598,0.8972856,0.8510227,0.9311468,0.8729425,0.8571986,0.9610851,0.9879384
2021-10-05,0.764076,0.8675578,0.806094,0.9434971,0.7898158,0.9175357,0.8692181,0.9479252,0.9413103,1.0163599
2021-10-06,0.7874318,0.885798,0.8596615,0.9330597,0.9061913,0.9589242,0.9514091,0.9043534,0.9653857,1.0019997
2021-10-07,0.7633891,0.7854985,0.803276,0.9145889,0.7913404,0.9352754,0.8778373,0.8796285,0.9129738,1.0140614
2021-10-08,0.7063501,0.8761009,0.81982,0.8604137,0.7132225,0.893461,0.8292908,0.846852,0.9093079,0.9543185
2021-10-09,0.683896,0.6886262,0.791957,0.8749578,0.6965297,0.8899171,0.8247379,0.8569336,0.8473477,0.9481774
2021-10-10,0.7443092,0.7728074,0.7060148,0.8302034,0.6385461,0.8384855,0.773286,0.840795,0.8041973,0.9367588
2021-10-11,0.7388842,0.8194663,0.8209913,0.87349,0.7613798,0.9102333,0.8472716,0.9167169,0.9143791,0.9704937
2021-10-12,0.8107261,0.8648025,0.7631968,0.9480673,0.809401,0.9443716,0.8963439,0.9429235,0.916126,0.9985515
2021-10-13,0.8046288,0.8622871,0.8507643,0.921751,0.8709608,0.9404178,0.8946836,0.9202483,1.0229655,1.0105877
2021-10-14,0.7899106,0.8854381,0.8226958,0.9076655,0.7097523,0.9457743,0.8789186,0.9387894,0.8725666,0.9816267
2021-10-15,0.737071,0.9443452,0.7910813,0.8182842,0.7177633,0.8906704,0.8414605,0.7749685,0.8019017,0.8996105
2021-10-16,0.7140312,0.7103162,0.7678778,0.7960404,0.6710601,0.8740647,0.8411241,0.7717612,0.8484578,0.9319763
2021-10-17,0.7205286,0.6011358,0.688321,0.8116663,0.763086,0.8575482,0.8161725,0.8592027,0.8649887,0.8689536
2021-10-18,0.7815072,0.7486238,0.8015823,0.8557468,0.6668246,0.9334208,0.8744511,0.8163945,0.8784662,0.9567431
2021-10-19,0.7995313,0.7390178,0.818775,0.9142131,0.8005932,0.9195295,0.868271,0.879786,0.9219431,0.991389
2021-10-20,0.8304662,0.8055959,0.802094,0.9238853,0.655157,0.9243825,0.8807709,0.9020445,0.9007201,1.0003982
2021-10-21,0.8940401,0.8178184,0.900141,1.0514282,0.819769,1.0708107,1.021439,0.9973263,1.0072052,1.1766568
2021-10-22,0.847933,0.8234366,0.8196508,0.9249853,0.6865613,0.9620945,0.8949883,0.8911351,0.8652293,1.008896
2021-10-23,0.6638721,0.7855639,0.7568543,0.8533483,0.667558,0.8686918,0.7987895,0.7497345,0.7343918,0.8458647
2021-10-24,0.7115862,0.9181848,0.7336508,0.8376931,0.5770229,0.8553891,0.7549284,0.8683451,0.8659261,0.9254675
2021-10-25,0.7953715,0.8929611,0.8083895,0.9190326,0.7457606,0.9037215,0.8567259,0.8768815,0.9051247,0.994755
2021-10-26,0.7755255,0.6983569,0.7448435,0.9254437,0.6828592,0.8682366,0.8248556,0.8509925,0.8730916,0.8841014
2021-10-27,0.7299715,0.7807517,0.7496615,0.9765599,0.6370808,0.8569052,0.815275,0.912859,0.904821,0.8829512
2021-10-28,0.71361,0.7572543,0.6987065,0.8538455,0.6721881,0.8644036,0.7969522,0.8593691,0.8687331,0.8027756
2021-10-29,0.6910791,0.6428082,0.6899463,0.8396944,0.657857,0.7818241,0.7206079,0.837506,0.7271964,0.8729378
2021-10-30,0.6733939,0.6106805,0.663276,0.8631092,0.6072023,0.8252537,0.7427141,0.8246393,0.8303109,0.8682491
2021-10-31,0.6975604,0.6288337,0.6512868,0.8173167,0.6234666,0.8050673,0.7130732,0.7374543,0.8028477,0.8316865
2021-11-01,0.744167,0.8802477,0.7222418,0.9174589,0.7431914,0.8606831,0.7970325,0.870927,0.9809895,0.941391
2021-11-02,0.8331055,0.8238343,0.774094,0.9745487,0.8321028,0.891868,0.8313324,0.983929,0.9991569,0.9856541
2021-11-03,0.8336026,0.8810586,0.7506058,0.9452277,0.7889566,0.9048849,0.8466038,1.0127765,1.0444269,0.9673011
2021-11-04,0.8042023,0.9843919,0.767276,0.9942439,0.7936167,0.884089,0.8749927,0.942559,1.0164935,0.9670991
2021-11-05,0.71692,0.8349236,0.6875608,0.9588017,0.7612394,0.8827226,0.7958605,0.8734013,0.9163779,0.9533881
2021-11-06,0.7073396,0.8119589,0.701186,0.9352333,0.6619761,0.8807353,0.7874593,0.9131868,0.8482488,1.0132822
2021-11-07,0.7948524,0.7276943,0.7150598,0.9961528,0.781948,0.877684,0.8053889,0.9212519,0.9623218,0.8913495
2021-11-08,0.8152673,1.0093455,0.7626165,0.9941656,0.7879414,0.916414,0.8582308,0.9246836,1.038028,0.9499136
2021-11-09,0.827213,0.946102,0.7400833,1.0042506,0.8054018,0.9857501,0.8758446,0.9440084,1.0485656,1.0133623
2021-11-10,0.8383187,0.986803,0.775593,0.9924614,0.7617779,0.8987579,0.8491195,0.941213,0.986762,0.9571388
2021-11-11,0.7682573,0.8906389,0.7529013,0.9682927,0.8160793,0.9007415,0.804666,0.9368938,0.961381,0.9966855
2021-11-12,0.7043093,0.878729,0.7019463,0.8923044,0.6784661,0.8577242,0.7753673,0.8611311,0.9233077,0.9468497
2021-11-13,0.6840085,0.8875928,0.6772868,0.9430233,0.7190809,0.8157458,0.7352478,0.8823807,0.8874806,0.8345695
2021-11-14,0.7352371,0.8334094,0.6539248,0.9071399,0.7121181,0.8576741,0.7539099,0.901211,0.8596206,0.9518509
2021-11-15,0.8195687,0.9413665,0.7363788,0.9964581,0.7418628,0.9105898,0.81314,0.9107645,0.9597299,0.9882933
2021-11-16,0.7991749,1.0698944,0.7569698,1.0573855,0.7848354,0.907037,0.8737544,0.9829186,0.9915498,1.0228927
2021-11-17,0.8136883,0.9670877,0.7285373,1.0124742,0.7280515,0.939802,0.8769122,0.9977539,1.0597382,0.9537378
2021-11-18,0.8221976,1.1095573,0.7500255,1.0236823,0.8185732,0.9289233,0.8409403,0.9860267,1.0333449,0.9299195
2021-11-19,0.6912945,1.0025673,0.7278885,0.9193952,0.703654,0.8434415,0.7824142,0.8568497,0.8345628,0.8491587
2021-11-20,0.7207318,0.8675564,0.6934238,1.0120724,0.778437,0.8675251,0.8130723,0.7966558,0.9772104,0.9154849
2021-11-21,0.777509,0.9406623,0.696822,0.9657978,0.7576778,0.8808898,0.8168432,0.8878721,0.9433189,0.9427383
2021-11-22,0.8127125,1.0244842,0.7261518,0.9277157,0.7403715,0.9189839,0.8547387,0.8827531,0.9052616,0.9864952
2021-11-23,0.793117,0.9063549,0.6997878,0.9825824,0.7851881,0.9278159,0.8365273,0.824891,0.9469045,0.9538771
2021-11-24,0.7734962,0.8389492,0.6907535,1.0507636,0.7053636,0.9019527,0.8119336,0.9424829,0.9427944,0.9521197
2021-11-25,0.8172746,1.0089786,0.6111068,1.7708336,0.8925149,0.8693774,0.8027096,1.2783215,0.9965737,0.9325707
2021-11-26,0.6943777,0.8123853,0.6577193,0.942919,0.6757942,0.8094318,0.7151656,0.8099817,0.8745955,0.8905858
2021-11-27,0.7603451,0.7737986,0.655186,0.9309791,0.802867,0.913637,0.7572633,0.8664608,0.8689169,0.921844
2021-11-28,0.8564442,0.8330088,0.6966313,1.0958874,0.8139503,0.9988366,0.8621348,0.8938294,0.9518042,1.1061988
2021-11-29,0.8909382,0.7912706,0.811777,1.0552293,0.8719516,1.0756899,0.9383246,0.9898748,1.0484019,1.1059479
2021-11-30,0.9005201,0.9876173,0.8544365,1.0259403,0.9045617,1.0824768,0.9556658,1.0435962,1.0124406,1.1628531
2021-12-01,0.9068319,1.0103966,0.8355608,1.086873,0.8612793,1.088165,0.9785192,1.0007577,0.9300398,1.0998321
2021-12-02,0.8902054,1.0872309,0.8480618,1.0764806,0.7605775,1.0756572,0.9288817,0.969419,0.867721,1.1545608
2021-12-03,0.7370235,0.854308,0.7299248,0.99235,0.8078387,0.9984599,0.9052576,0.9980458,0.9126565,1.0194411
2021-12-04,0.7683515,0.8729002,0.7269483,0.9652522,0.831261,1.0669235,0.8811785,0.9163627,0.9120071,1.0430889
2021-12-05,0.7697154,0.8705702,0.781413,0.9668451,0.6709552,1.0083929,0.882651,0.9637209,0.9401648,1.0308348
2021-12-06,0.8594839,0.9979089,0.8432438,0.9812536,0.8462588,1.0765696,0.9804739,0.9841853,0.9972692,1.1499473
2021-12-07,0.8366156,1.016352,0.8662995,1.0058223,0.7859703,1.092688,0.9661674,0.9167944,1.0072942,1.137017
2021-12-08,0.8690096,1.1598694,0.9094923,0.9967536,0.7978232,1.1012588,1.0001997,1.0009531,1.030746,1.1547712
2021-12-09,0.8290058,0.9684095,0.8601625,1.0016992,0.8414566,1.0522052,0.9710303,1.0163374,1.0632865,1.0712513
2021-12-10,0.849811,0.9007486,0.8347428,0.9656469,0.7660104,1.0476651,0.94998,1.0065437,0.8617522,1.1157002
2021-12-11,0.7732398,0.8271008,0.802368,0.9260265,0.8414666,1.0570921,0.9721939,0.9530312,0.9890962,1.084677
2021-12-12,0.8351899,0.791232,0.810959,0.8976659,0.7800718,1.0318382,0.9820615,0.9539477,0.9930518,1.0795038
2021-12-13,0.8701943,0.8340312,0.8953338,0.9452327,0.8024807,1.1534529,1.2025946,0.9910969,1.0689439,1.1736885
2021-12-14,0.8804372,1.0882505,0.950505,1.0275128,0.8340523,1.2862788,1.4176485,1.0886828,1.0843926,1.2768716
2021-12-15,0.9460217,0.969287,1.105323,0.9844846,0.8638008,1.3310027,1.5051933,1.049301,1.0369031,1.405785
2021-12-16,0.883063,0.9236742,1.06355,0.9868779,0.9337625,1.3890808,1.5387777,1.0426652,1.063966,1.3363413
2021-12-17,0.8457744,0.8282365,1.0395715,0.902127,0.6847035,1.3521855,1.5062391,0.8508584,0.9165604,1.2420061
2021-12-18,0.8402086,0.9744397,1.234094,0.9379629,0.8920123,1.475812,1.6498625,0.9423942,0.9923455,1.3954358
2021-12-19,0.8729745,0.987022,1.3068905,0.9046896,0.8563157,1.5493963,1.6136924,0.970688,0.9644198,1.5275646
2021-12-20,0.9181787,0.9551277,1.4150383,1.008338,0.8962297,1.6968924,1.7781761,0.9657186,1.0008636,1.6445113
2021-12-21,1.0598353,1.0995776,1.7517085,1.0867937,0.9635635,2.0189281,2.0455895,1.0303937,1.1178578,1.8958995
2021-12-22,1.1433136,1.0471655,1.845867,1.1596905,0.8091995,2.0216745,2.0249191,1.0370422,1.0349194,1.9266722
2021-12-23,1.0548683,0.941307,1.9426488,1.1542665,0.8996808,2.0328697,1.9835917,1.011071,1.0661654,1.8942261
2021-12-24,1.0640849,0.8801424,1.9751713,1.1875212,0.7933805,2.0504481,1.9401171,1.0431108,1.0618989,1.8710327
2021-12-25,1.0129002,0.8183074,1.8879463,1.2249946,0.889534,2.0367468,1.9261442,0.9104515,0.9299574,1.9439834
2021-12-26,1.1356133,1.1078895,2.208364,1.3582347,0.9950937,2.2030616,2.0267238,1.0667718,1.19922,2.1187777
2021-12-27,1.3231255,1.2136194,2.556454,1.5986451,1.1086997,2.5428097,2.2200546,1.3325472,1.3350802,2.3607822
2021-12-28,1.4154669,1.3940165,2.728274,1.8511594,1.235867,2.8134891,2.3528367,1.4379365,1.5587416,2.6932884
2021-12-29,1.5165872,1.276142,2.438321,1.8021814,1.2974874,2.6565769,2.2654679,1.46308,1.5520771,2.5589874
2021-12-30,1.437889,1.3592495,2.3362633,1.7506032,1.2682039,2.4019942,2.0892018,1.476823,1.5200053,2.3909118
2021-12-31,1.2770635,1.1554255,2.036865,1.5457764,1.1522089,2.1767308,1.894288,1.2971783,1.3098144,2.049107
2022-01-01,1.2624994,1.1019392,1.7288905,1.4947458,1.0289556,2.0070755,1.7464528,1.2623316,1.3053753,2.0039051
2022-01-02,1.3141383,1.2255999,1.7401625,1.5748639,1.0457692,1.9211458,1.7510041,1.3017226,1.3313489,1.9389469
2022-01-03,1.4123486,1.3472262,1.6968435,1.7615228,1.1640148,1.9335982,1.7537039,1.3921705,1.4687876,1.8876616
2022-01-04,1.4628601,1.4271769,1.677366,1.7980254,1.2655024,1.9790144,1.7684129,1.5697437,1.6117519,1.8404472
2022-01-05,1.4447436,1.4691427,1.5112075,1.6068467,1.2213308,1.8227583,1.6292698,1.4531101,1.5638903,1.7386074
2022-01-06,1.2534078,1.2941831,1.3344795,1.4184818,1.0897297,1.5787691,1.4254698,1.3448025,1.3984767,1.4996182
2022-01-07,1.1635624,1.1124163,1.0952653,1.3283162,0.9903998,1.3935535,1.2364016,1.2199679,1.3322082,1.4061923
2022-01-08,1.1843249,0.9966334,1.1122095,1.3651079,1.0575053,1.4150743,1.2709786,1.2424329,1.2878949,1.4463949
2022-01-09,1.1187202,1.1833397,1.0072653,1.2767133,1.0112788,1.36882,1.210994,1.2244567,1.2017526,1.3068522
2022-01-10,1.1220655,1.0603047,1.0633445,1.3242146,0.9888855,1.31179,1.194412,1.2469614,1.2310985,1.322
2022-01-11,1.1623437,1.138943,1.0183103,1.3647328,1.1346326,1.3074464,1.1797979,1.2186327,1.3357143,1.3044461
2022-01-12,1.219974,1.3373081,1.0079355,1.2524689,1.1677068,1.2715242,1.1288439,1.2253088,1.3445443,1.302139
2022-01-13,1.1071375,1.1501462,0.88355,1.244444,0.9833214,1.1486724,1.0719636,1.165397,1.2426918,1.2635131
2022-01-14,0.9628832,1.0108316,0.8689913,1.1683601,0.8564346,1.0620663,0.9677611,1.0349271,1.0246587,1.0556903
2022-01-15,0.9152949,0.9872883,0.7951068,1.0601672,0.9242073,1.0267276,0.9046913,0.9686739,1.0221194,1.0872171
2022-01-16,0.8745684,0.8917808,0.7917878,1.0374519,0.8403656,0.9646075,0.8792781,1.00246,1.0839547,1.0331095
2022-01-17,0.9284885,1.0936604,0.788595,0.9574785,0.7974582,0.9947425,0.8878956,0.992579,1.1167244,1.0752227
2022-01-18,0.9012866,0.9673527,0.7594815,1.0313406,0.9472058,0.9716157,0.9023608,0.9498291,1.0802587,1.0789301
2022-01-19,0.9296605,1.1481487,0.8119463,1.0484209,0.9703024,0.9880846,0.9128293,0.9899819,1.1344758,1.0402739
2022-01-20,0.8200267,0.9559609,0.69573,0.9549286,0.8944264,0.9038667,0.8476825,0.9040326,0.9843607,0.9063064
2022-01-21,0.7690483,0.864908,0.707139,0.8651468,0.7628495,0.8378897,0.7685643,0.836445,0.9167771,0.8979147
2022-01-22,0.7374997,0.7882269,0.606458,0.9137876,0.7703987,0.8542374,0.7748126,0.906523,0.9485262,0.8568017
2022-01-23,0.7927598,0.7944307,0.5787535,0.892826,0.6687992,0.8152371,0.7524851,0.8165568,0.9049928,0.8164108
2022-01-24,0.782788,0.9374058,0.689139,0.8717941,0.7497114,0.830084,0.7804956,0.8553364,0.9538671,0.8772559
2022-01-25,0.7814113,0.9528266,0.6616508,0.9285181,0.7747553,0.8253161,0.7807852,0.8351722,0.9184736,0.8850038
2022-01-26,0.7566325,0.8328333,0.6624688,0.8451196,0.7163184,0.8158705,0.7356947,0.8471244,0.8958673,0.8628882
2022-01-27,0.7078271,0.8746196,0.6244795,0.8574525,0.7393745,0.8028873,0.733754,0.8074171,0.8190228,0.8031604
2022-01-28,0.6977897,0.570042,0.5736615,0.7947758,0.6654923,0.72395,0.6678011,0.7246404,0.7704444,0.7594101
2022-01-29,0.6368775,0.7854224,0.5412075,0.8122243,0.5781577,0.6623593,0.6412172,0.7523459,0.7749917,0.7599028
2022-01-30,0.6591033,0.7808171,0.5624688,0.7750986,0.6727293,0.6893043,0.6468504,0.7506063,0.854836,0.7687108
2022-01-31,0.698687,0.7655144,0.6014345,0.7854355,0.6294567,0.741471,0.6962748,0.7778957,0.7874404,0.7882451
2022-02-01,0.6678673,0.8115922,0.6802633,0.7405112,0.7008453,0.7356354,0.6646806,0.7556996,0.809588,0.7984118
2022-02-02,0.6510499,0.695643,0.633957,0.7255181,0.6576902,0.7609102,0.7122126,0.7179436,0.81845,0.7867899
2022-02-03,0.6028491,0.7486689,0.6067858,0.691538,0.4639737,0.7100787,0.6845604,0.6943544,0.7199045,0.7086814
2022-02-04,0.5577388,0.7437511,0.597229,0.6992517,0.5937557,0.6632651,0.6246315,0.635666,0.7287292,0.6893597
2022-02-05,0.5300739,0.8233181,0.5851605,0.6209086,0.614941,0.6756624,0.6225991,0.6490196,0.7498561,0.6614048
2022-02-06,0.6036729,0.6670003,0.550638,0.6458437,0.5276132,0.6946093,0.6376815,0.6341197,0.7644429,0.6596385
2022-02-07,0.6464467,0.72716,0.6075823,0.7180073,0.5100082,0.7400386,0.7124934,0.7036836,0.7392879,0.7935206
2022-02-08,0.6587427,0.6958857,0.6237408,0.6685433,0.706786,0.7178661,0.6794205,0.6693319,0.7501719,0.7597914
2022-02-09,0.5763582,0.7470344,0.6504903,0.7059253,0.5895037,0.7374146,0.6849153,0.6590451,0.6394769,0.7518307
2022-02-10,0.6339109,0.7803593,0.6132975,0.7238771,0.6415376,0.7506286,0.6855208,0.6558078,0.7031193,0.7594697
2022-02-11,0.5975682,0.6627083,0.6075138,0.6362329,0.5270747,0.6938656,0.6710372,0.6136398,0.7781414,0.7595478
2022-02-12,0.7028785,0.7612435,0.58764,0.8617802,0.7192598,0.7940919,0.6816204,0.7397801,0.7740411,0.831228
2022-02-13,0.5871887,0.6506629,0.5536615,0.6816391,0.5440314,0.6448472,0.6056294,0.6618145,0.6456388,0.7101786
2022-02-14,0.5702727,0.6913434,0.6098885,0.6884604,0.6546037,0.7020275,0.6495117,0.6032695,0.7104619,0.7467495
2022-02-15,0.6291501,0.742847,0.6262525,0.7022369,0.5811599,0.739984,0.7003586,0.6094693,0.6833267,0.7905389
2022-02-16,0.5961153,0.7590892,0.631366,0.7160089,0.6746108,0.7651831,0.7153716,0.66786,0.7913065,0.7752071
2022-02-17,0.6172669,0.8619969,0.6152075,0.6519744,0.5617842,0.7488696,0.6899804,0.6651775,0.7428971,0.8059965
2022-02-18,0.5799912,0.7133692,0.6065588,0.6776339,0.5471901,0.7244802,0.6554716,0.6440662,0.6183391,0.7012773
2022-02-19,0.5579634,0.5873026,0.5856508,0.6504011,0.5691218,0.7267197,0.663689,0.6212219,0.6122415,0.766851
2022-02-20,0.5394484,0.5854787,0.5231283,0.6454437,0.5527479,0.7110434,0.6243514,0.6427407,0.6685775,0.7513527
2022-02-21,0.630423,0.767765,0.5877878,0.6804784,0.5522486,0.7367663,0.6770656,0.6872125,0.808404,0.8200043
2022-02-22,0.6657547,0.6607961,0.6378093,0.6848154,0.6235663,0.7497692,0.7133115,0.6849799,0.8041523,0.7759349
2022-02-23,0.5374672,0.6538522,0.574685,0.6963113,0.495992,0.708334,0.6661788,0.6813324,0.7146472,0.7796599
2022-02-24,0.5167209,0.6107674,0.6061948,0.6650339,0.5836825,0.7099904,0.6302255,0.5869878,0.7474984,0.6764405
2022-02-25,0.5157805,0.6567501,0.5756038,0.6521104,0.4681776,0.6638373,0.5987351,0.579045,0.6246827,0.6605159
2022-02-26,0.5404712,0.5671436,0.5501625,0.6318719,0.5272815,0.6805508,0.6135182,0.5613001,0.5844255,0.7560227
2022-02-27,0.5693467,0.6464966,0.5416615,0.6480301,0.5844637,0.6659257,0.5987613,0.601983,0.6239128,0.718212
2022-02-28,0.5637414,0.5717797,0.649092,0.6395149,0.6478965,0.7413096,0.6950737,0.5977711,0.6378721,0.6937777
2022-03-01,0.6115329,0.8060806,0.6630813,0.6890949,0.5520681,0.7664234,0.7141581,0.6222376,0.7605926,0.7613933
2022-03-02,0.6038574,0.712009,0.6548543,0.6857259,0.5807521,0.7062244,0.6989322,0.6595037,0.7176096,0.7663694
2022-03-03,0.5714775,0.7003941,0.631867,0.6854083,0.5876104,0.7171335,0.656293,0.6109063,0.6699827,0.8196436
2022-03-04,0.5582263,0.5804555,0.6256723,0.6788676,0.5155069,0.7160408,0.630104,0.6255356,0.6847169,0.7207873
2022-03-05,0.545297,0.5982358,0.5954453,0.671137,0.559575,0.7027989,0.6771626,0.5555374,0.7029946,0.711581
2022-03-06,0.5906547,0.695348,0.563139,0.6432909,0.6272904,0.7163819,0.6410776,0.6122272,0.6579226,0.7509222
2022-03-07,0.6390239,0.7634275,0.6495138,0.7166349,0.6708848,0.763096,0.7260767,0.6746179,0.7479889,0.8095549
2022-03-08,0.6350425,0.663084,0.6375138,0.6842965,0.5764969,0.7475075,0.6884736,0.6634673,0.7047031,0.783405
2022-03-09,0.6296764,0.7070075,0.66373,0.7030356,0.5715686,0.7595411,0.7186698,0.786728,0.7247391,0.837369
2022-03-10,0.6371879,0.655729,0.6409698,0.7484373,0.5939433,0.7556724,0.753881,0.7181273,0.7176151,0.8971027
2022-03-11,0.6200446,0.6160086,0.6034238,0.6734994,0.6073601,0.750183,0.7150563,0.6604874,0.8043715,0.7972833
2022-03-12,0.6580059,0.7512187,0.6419463,0.7215778,0.6277694,0.7601413,0.7014059,0.7448788,0.7001863,0.8173409
2022-03-13,0.6186791,0.7400909,0.5951283,0.7146795,0.6432561,0.7433603,0.6852267,0.7480381,0.752759,0.7816042
2022-03-14,0.7269247,0.7478067,0.6785373,0.7820802,0.7009058,0.7902398,0.7503518,0.8248772,0.7871897,0.8879385
2022-03-15,0.6806293,0.6531574,0.697867,0.8321933,0.6672958,0.8548147,0.7726838,0.8439618,0.7982708,0.8929819
2022-03-16,0.6772476,0.7029083,0.6569698,0.738604,0.6129972,0.821589,0.7780291,0.759073,0.834918,0.8965681
2022-03-17,0.6270961,0.6717017,0.69973,0.7202498,0.6763997,0.7933774,0.7421155,0.724506,0.8226405,0.8709186
2022-03-18,0.6898957,0.7391254,0.6105265,0.7486703,0.7069871,0.7892518,0.7164629,0.71638,0.7768084,0.8699994
2022-03-19,0.6992073,0.6119549,0.679049,0.7641548,0.6608155,0.7740005,0.7636411,0.7916227,0.86553,0.9173494
2022-03-20,0.6981009,0.8264278,0.6465265,0.8498024,0.6716558,0.8113019,0.7755997,0.8561743,0.8433594,0.8701443
2022-03-21,0.7155743,0.8059998,0.7103788,0.8353141,0.6958608,0.8834976,0.8279585,0.8073963,0.8846207,0.9246425
2022-03-22,0.7566229,0.7098254,0.7778093,0.8241059,0.6424188,0.8658409,0.8429344,0.887968,0.9476941,0.924826
2022-03-23,0.7471541,0.8241165,0.717413,0.8428249,0.7694518,0.8860625,0.8431075,0.9005376,0.9634873,0.9763641
2022-03-24,0.6719937,0.7903456,0.696231,0.8216806,0.7593039,0.860183,0.7901865,0.8479732,0.9301323,0.9053256
2022-03-25,0.7103594,0.6423844,0.6483103,0.8148391,0.7292516,0.8366395,0.7759681,0.8873116,0.8616176,0.8483568
2022-03-26,0.6515913,0.7603125,0.701413,0.7920277,0.6988619,0.8265288,0.7719076,0.8963755,0.8989154,0.9341241
2022-03-27,0.681015,0.6480338,0.6726743,0.8440816,0.6724863,0.822729,0.74389,0.8753157,0.8790378,0.9162045
2022-03-28,0.7515214,0.7782543,0.717914,0.858008,0.6768727,0.8642958,0.8165714,0.9363887,0.9434086,1.057384
2022-03-29,0.8445437,0.8132419,0.796231,0.9100502,0.7697923,0.9504917,0.901526,0.9594396,0.979881,1.0186837
2022-03-30,0.7726526,0.8153884,0.7649805,0.881256,0.7180983,0.9212855,0.8762378,1.0254176,0.9797208,0.9825178
2022-03-31,0.7776666,0.8331031,0.7576978,0.8389487,0.8017457,0.9238271,0.8587174,0.9501675,0.935019,1.0369088
2022-04-01,0.7043572,0.7240286,0.685413,0.7871484,0.7075719,0.8552893,0.8045374,0.9254281,0.8416029,0.9278441
2022-04-02,0.6711623,0.8405772,0.6368798,0.8607918,0.8026393,0.8830567,0.8208116,0.9402916,0.8929227,0.9201479
2022-04-03,0.8156422,0.7933038,0.72955,0.857164,0.9541504,0.9428356,0.8589659,0.9839053,0.9982001,1.0367468
2022-04-04,0.8054235,0.8398249,0.7697085,0.9568258,0.7229918,0.975283,0.8980227,1.0298627,1.0217664,1.051628
2022-04-05,0.8449994,0.8842724,0.8211753,0.9436817,0.8348111,1.0255222,0.9493607,1.0722756,1.1402718,1.1303509
2022-04-06,0.880223,1.0495268,0.8114023,0.9216257,0.8152405,0.9816512,0.9258181,1.0014417,1.0769209,1.0905084
2022-04-07,0.8417684,0.8807178,0.7545265,0.9236969,0.7623495,0.9794689,0.8893806,1.0315016,0.9617301,0.9869064
2022-04-08,0.8172532,0.8188115,0.7891968,0.9409272,0.7789306,0.9249887,0.8776797,0.9655281,0.9601784,1.0003565
2022-04-09,0.7583068,0.794617,0.712368,0.9136284,0.8544014,0.942431,0.8663297,1.0268812,0.87206,0.9665677
2022-04-10,0.8104997,0.9529274,0.7298563,0.8888607,0.8384251,0.9776612,0.86507,1.0350703,0.9391193,0.9833087
2022-04-11,0.8946844,1.0452691,0.8042095,0.9926451,0.9379659,1.0299955,0.9340299,1.1344178,1.0474459,1.1412583
2022-04-12,0.8946628,1.1546334,0.806368,1.0210436,0.9168855,1.0500273,0.9276953,1.0846781,1.1238271,1.1006521
2022-04-13,0.9240253,1.0230466,0.7747213,1.03314,0.9259878,1.0168023,0.9513807,1.2001998,1.1385946,1.1285525
2022-04-14,0.8447861,1.052332,0.7459933,0.9243729,0.8260786,1.0241407,0.9147675,1.0760453,0.9993463,1.04722
2022-04-15,0.8183067,0.731172,0.7004365,0.9319983,0.7452768,0.9657277,0.8579327,0.9951599,0.916196,0.9914858
2022-04-16,0.7753917,0.758799,0.7284473,0.8934648,0.6932662,1.0031421,0.8644972,0.9832388,0.8773737,0.9765542
2022-04-17,0.7653546,0.8903507,0.7249698,0.8494566,0.7949645,0.9219223,0.8561483,1.017215,0.901483,0.9504675
2022-04-18,0.8353349,0.9138669,0.723867,0.9417092,0.7876511,0.9893598,0.8825294,0.9833172,0.9209111,0.9504248
2022-04-19,0.8557302,0.5831827,0.74555,0.9552947,0.8681125,0.965247,0.9208077,1.0284917,0.9825947,1.0397677
2022-04-20,0.8403911,0.6373102,0.7510275,0.9879732,0.7829071,0.9565577,0.8836065,1.0457176,0.9073464,1.066617
2022-04-21,0.8772465,0.9315777,0.7834923,0.9898931,0.8457736,0.9483788,0.8479473,1.0197749,0.9910663,1.0332237
2022-04-22,0.795099,0.8845253,0.7753553,0.9496386,0.8000516,0.9215002,0.8409168,0.9380087,0.8890587,0.9664791
2022-04-23,0.8479466,0.7386036,0.7325265,1.0068802,0.7912611,0.944135,0.8367673,0.987794,0.9143362,1.0068231
2022-04-24,0.8263398,0.7057575,0.7218563,1.100221,0.8775059,0.9259829,0.8100443,1.0230802,1.0132234,0.9414786
2022-04-25,0.888399,0.9617244,0.7377555,1.1934103,0.8759753,0.9675141,0.9099907,1.125832,1.1030498,1.1000399
2022-04-26,0.8989491,0.9671138,0.8053015,1.0693862,0.9216309,1.0026985,0.9429269,1.0547753,1.032323,1.190435
2022-04-27,0.8589858,1.007481,0.7712438,1.0276658,0.7630301,0.9606673,0.9077664,0.9455747,0.9415721,1.1095795
2022-04-28,0.8264798,0.9305064,0.7944365,0.9879638,0.7460737,0.9647049,0.9058011,0.9034338,0.8701441,1.0894308
2022-04-29,0.7711456,0.8427328,0.7239248,0.9370843,0.7056399,0.923945,0.8774559,0.901013,0.903417,0.9976836
2022-04-30,0.8477476,0.8750072,0.7879718,0.9355321,0.7275403,0.9492482,0.8615289,0.9304561,0.9554101,1.1563475
2022-05-01,0.8999532,0.845023,0.7365413,1.0394155,0.8065751,0.9575799,0.8875751,0.8837213,0.9447306,1.2486557
2022-05-02,0.963485,1.0830486,0.830642,1.0014077,0.9399918,1.0124233,0.9523021,0.9914097,1.0175208,1.2315592
2022-05-03,0.9003995,1.1442858,0.8680188,1.0761528,0.8627071,1.036446,1.024748,0.9333341,1.0077185,1.3351508
2022-05-04,0.8929023,1.2349518,0.8660295,1.0798209,0.8316672,1.0724136,0.9798233,1.0101064,0.9788557,1.2900068
2022-05-05,0.8541108,1.2057715,0.8033808,1.0302253,0.724407,1.0213706,0.9057287,0.8594813,0.9148345,1.1774689
2022-05-06,0.9662563,1.199602,0.8056655,1.0556153,0.9024293,1.0405291,0.9147556,0.9626348,0.9616683,1.2367671
2022-05-07,0.8972627,1.0515033,0.7460188,1.0774078,0.906973,0.9909238,0.8944301,0.9053116,0.9974213,1.2490853
2022-05-08,0.8683,0.9947095,0.721143,0.99565,0.8626507,1.0082304,0.9124218,0.9195446,0.9226624,1.1922306
2022-05-09,0.9682128,0.9972821,0.8652115,1.0413588,0.7631377,1.1192087,0.9885725,1.0291708,1.0193638,1.341793
2022-05-10,0.9933053,1.1373202,0.910916,1.1273441,0.7601167,1.1746975,1.0743697,1.0336181,1.0494628,1.3660262
2022-05-11,0.9860541,0.9738208,0.943597,1.0743384,0.7661769,1.140649,1.0216231,1.0340118,0.9857597,1.3351273
2022-05-12,1.001093,1.1074582,0.8719718,1.0424767,0.8641752,1.092656,1.0075421,0.9819575,0.9110218,1.2675042
2022-05-13,0.9490369,0.9787501,0.895777,0.9911542,0.8131341,1.0781187,0.9842473,0.9508087,0.9872415,1.1743436
2022-05-14,0.9196905,0.943278,0.7723935,0.9649453,0.7473784,1.0953531,0.9624545,0.8927645,0.981476,1.2886746
2022-05-15,0.8679631,0.8770041,0.8171538,0.8622443,0.7593412,1.0337755,0.9574355,0.9527537,0.8922804,1.2394973
2022-05-16,0.8039649,0.9074045,0.8549483,0.8815181,0.7100529,1.0814988,1.0330446,0.8870724,0.9003943,1.2109506
2022-05-17,0.8066147,0.7861887,0.8249375,0.8453724,0.7214807,1.0840589,1.023043,0.843497,0.7905505,1.2051211
2022-05-18,0.8299321,0.9304637,0.8299933,0.8686768,0.7770983,1.0680292,1.0248449,0.8429433,0.7873058,1.1495421
2022-05-19,0.7572993,0.8153015,0.814595,0.8167664,0.6415444,1.0324716,0.9928016,0.8057968,0.803544,1.105426
2022-05-20,0.8201342,0.7430272,0.7901518,0.8097846,0.6667402,0.981868,0.9517613,0.7933006,0.7046598,1.0484322
2022-05-21,0.8122556,0.7723903,0.8902095,0.8440154,0.7795308,1.0724282,1.0591111,0.8412952,0.9461671,1.2104586
2022-05-22,0.8552167,0.7525075,0.8298925,0.8061799,0.8006091,1.1219465,1.0271289,0.7953299,0.7415866,1.2289687
2022-05-23,0.8446565,0.6789311,0.8943573,0.826071,0.6430458,1.0476699,1.0514275,0.8623284,0.796404,1.2122286
2022-05-24,0.8183643,0.7723948,0.8859355,0.7874428,0.6415686,1.0186432,1.0132834,0.7486175,0.8287311,1.1278637
2022-05-25,0.7315482,0.5841907,0.8362418,0.7804539,0.5210174,0.9637195,0.9712175,0.6982413,0.7208896,1.0420602
2022-05-26,0.7331305,0.6731167,0.7780725,0.7672633,0.4799712,0.9643922,0.9352408,0.7262894,0.7467571,1.0477878
2022-05-27,0.7169214,0.6675227,0.7827535,0.7368575,0.5620433,0.9093016,0.9119063,0.6261009,0.7471452,1.0021581
2022-05-28,0.6591785,0.5313333,0.7508905,0.6718572,0.6197074,0.9599056,0.9060729,0.6376237,0.6711077,1.0013652
2022-05-29,0.6947471,0.6430756,0.8055715,0.6605637,0.6981661,0.9222642,0.9054606,0.7181106,0.7106598,0.9854445
2022-05-30,0.81306,0.7359893,0.7602673,0.8172635,0.7353587,0.9917742,0.9410364,0.7684712,0.7370275,1.1416787
2022-05-31,0.8522936,0.8548072,0.924685,0.7892681,0.6575759,1.0723196,1.041515,0.825008,0.8097759,1.1297135
2022-06-01,0.7344726,0.8823064,0.8512075,0.7556938,0.5434463,0.9960983,0.9316122,0.7620811,0.8044792,1.0535889
2022-06-02,0.6700041,0.7107072,0.7954238,0.7259472,0.6512721,0.9061774,0.9241682,0.6472724,0.6458845,0.9885996
2022-06-03,0.6316616,0.5636973,0.6969805,0.6838869,0.5404887,0.8853997,0.8552485,0.6521746,0.6399549,0.9260117
2022-06-04,0.6941847,0.6441381,0.7601625,0.6576802,0.5124961,0.8683208,0.8658218,0.5444706,0.6122377,0.9767922
2022-06-05,0.637412,0.6538578,0.6654023,0.6835819,0.4732771,0.9278475,0.8466055,0.691705,0.7159633,0.9375913
2022-06-06,0.7052605,0.6142513,0.8091968,0.7371406,0.5921808,0.9481882,0.8909784,0.683258,0.74107,1.0168382
2022-06-07,0.6852825,0.6751998,0.7736508,0.7060902,0.6366753,0.9210304,0.9171544,0.7172218,0.719065,0.9798781
2022-06-08,0.7308477,0.6677598,0.810912,0.6695133,0.5978968,0.9256331,0.9041144,0.6546691,0.8060369,0.9897536
2022-06-09,0.6543709,0.6755305,0.7303103,0.6648175,0.5234832,0.8850878,0.8625653,0.666695,0.660606,0.9469326
2022-06-10,0.6201163,0.6531107,0.7926273,0.6457086,0.5807507,0.848694,0.8211464,0.6004803,0.6609327,0.915524
2022-06-11,0.6712706,0.6305546,0.6748905,0.721721,0.6392124,0.8772679,0.8613743,0.6093458,0.7364317,0.9338002
2022-06-12,0.6761769,0.6953784,0.7188113,0.7293269,0.6391981,0.9019099,0.8423722,0.6413758,0.7025927,1.0010298
2022-06-13,0.6709321,0.7108797,0.738094,0.7724651,0.5712183,0.9099,0.8704194,0.7096444,0.7188331,0.9271645
2022-06-14,0.6832877,0.7247663,0.7729013,0.8173553,0.5362631,0.9419118,0.9032304,0.6324635,0.7394538,1.0056613
2022-06-15,0.7039382,0.8284347,0.8208905,0.7846756,0.6175381,0.9410144,0.9149183,0.684116,0.7876635,1.057052
2022-06-16,0.6752995,0.725947,0.7606058,0.8625045,0.4102545,0.9306486,0.9035726,0.7265842,0.6207854,0.9491376
2022-06-17,0.651449,0.582419,0.7712653,0.6928029,0.5256248,0.9193429,0.8733861,0.68015,0.6734084,1.0395106
2022-06-18,0.6429477,0.5578255,0.7528005,0.6308518,0.5453051,0.9301387,0.886382,0.5800193,0.6787291,1.0667669
2022-06-19,0.6570826,0.5949306,0.7240833,0.6679415,0.5009312,0.9294197,0.8960681,0.5742751,0.6671827,0.9652243
2022-06-20,0.7017393,0.71451,0.79364,0.7478195,0.6437579,0.9352528,0.9301924,0.7365452,0.7506697,1.0172295
2022-06-21,0.7305451,0.723367,0.79564,0.7426148,0.5740486,0.9686272,0.9548368,0.7069392,0.7318474,1.0053464
2022-06-22,0.6982058,0.7350386,0.8453553,0.7436414,0.593578,0.9460484,0.9196538,0.7566309,0.7271905,1.0128664
2022-06-23,0.6616068,0.8201027,0.7751968,0.734716,0.4496719,0.9323911,0.8859845,0.662666,0.6647991,0.9674254
2022-06-24,0.6862126,0.5719623,0.7274815,0.6725954,0.5343267,0.9307366,0.8704471,0.6650099,0.6738148,0.9945439
2022-06-25,0.7283728,0.720853,0.830732,0.8201637,0.6346798,1.0032765,0.9429976,0.6309757,0.804409,1.1074862
2022-06-26,0.8058115,0.8042468,0.765914,0.6752288,0.6651074,0.9729206,0.9521194,0.6705328,0.7385489,1.0933603
2022-06-27,0.7230554,0.7643083,0.8011068,0.743899,0.6797293,0.9761764,0.9821898,0.7400596,0.7334059,1.0720653
2022-06-28,0.7220542,0.6180326,0.8012545,0.7770979,0.6784642,0.9997421,1.0006115,0.7084877,0.8418182,1.1121258
2022-06-29,0.7270975,0.7702229,0.8337085,0.8202022,0.6049723,1.0371264,1.0107001,0.7186333,0.7592053,1.1043512
2022-06-30,0.7331235,0.6971249,0.8334708,0.7116803,0.6229107,1.0046803,0.9948237,0.6941036,0.7578458,1.1298982
2022-07-01,0.710189,0.7182773,0.835777,0.7426061,0.649626,1.0148776,0.9843633,0.7214077,0.7584164,1.0825143
2022-07-02,0.6806038,0.7216132,0.812004,0.7620533,0.6052252,1.0094703,1.0183678,0.6700363,0.6930075,1.0470787
2022-07-03,0.6433694,0.5961916,0.7814923,0.7027663,0.6146467,0.9900903,1.005573,0.6539671,0.730499,1.0046271
2022-07-04,0.7289259,0.6342411,0.7330168,0.7692257,0.5830284,0.9842302,0.9430101,0.6913557,0.6432595,1.0761674
2022-07-05,0.7311617,0.6966829,0.8860833,0.7582178,0.6392097,1.0450465,0.9971195,0.6956385,0.7801225,1.1060145
2022-07-06,0.7903497,0.6595886,0.8738455,0.6969582,0.6284916,1.0628639,1.0269933,0.7218258,0.8680121,1.1524803
2022-07-07,0.723957,0.7585678,0.8757985,0.7481702,0.7076505,1.0419182,1.0176623,0.7274613,0.7778278,1.0284055
2022-07-08,0.7245499,0.644026,0.8480148,0.7085164,0.6147846,1.0285814,0.9764832,0.689787,0.7414071,1.0194788
2022-07-09,0.6627387,0.5624306,0.8273445,0.6191911,0.54263,1.0434314,0.9483078,0.6809547,0.6865169,1.0303045
2022-07-10,0.7134803,0.7448296,0.851867,0.7420802,0.6713966,1.0347658,0.923619,0.7390359,0.667628,1.0645963
2022-07-11,0.7702168,0.8198234,0.8727428,0.7876815,0.7022384,1.0692754,0.9982512,0.7282571,0.7257007,1.0978737
2022-07-12,0.7691328,0.5755005,0.8369698,0.817784,0.6132602,1.0665201,1.0088346,0.7065962,0.7987785,1.0769541
2022-07-13,0.7581358,0.7665736,0.829914,0.8074887,0.574298,1.0435113,0.9611299,0.7366013,0.699376,1.1472071
2022-07-14,0.6479227,0.6702849,0.8376978,0.6953966,0.4495617,1.0045661,0.9579184,0.7514652,0.7222608,1.1128744
2022-07-15,0.6868362,0.7495926,0.8351175,0.6943907,0.558916,1.0371175,0.9754343,0.7281873,0.7944449,1.0675625
2022-07-16,0.7000097,0.7290658,0.7938455,0.7382417,0.6563292,0.990966,0.9492116,0.7578607,0.6972317,1.0832462
2022-07-17,0.7531262,0.7304404,0.783323,0.7222664,0.6007436,1.0142756,0.9644747,0.7355602,0.8044399,1.1021952
2022-07-18,0.7879768,0.8673711,0.8562203,0.879973,0.6764988,1.071927,1.0512351,0.8208276,0.7508789,1.1480156
2022-07-19,1.0276785,1.1414106,0.9677555,1.0131481,0.8493932,1.2587917,1.1471783,0.9861889,1.0208291,1.3146163
2022-07-20,0.9429797,1.0036007,0.9751645,1.0519042,0.7892402,1.2735515,1.1632053,0.8792282,0.9569653,1.3234498
2022-07-21,0.8585534,0.768676,0.9482203,0.8461512,0.7162312,1.1446886,1.0810787,0.7911167,0.8014693,1.2163472
2022-07-22,0.8482241,0.7815289,0.9232545,0.8132741,0.6649009,1.1143108,1.0552086,0.7366245,0.7393183,1.1554026
2022-07-23,0.8524202,0.9290341,0.9670275,0.8852492,0.7982354,1.2037323,1.2280917,0.8106614,0.8619779,1.253131
2022-07-24,0.8134552,0.8114578,0.902505,0.8117727,0.7302554,1.1915366,1.1491269,0.6917497,0.8259665,1.221318
2022-07-25,0.8037614,0.8912791,0.916869,0.7842751,0.6735218,1.1232358,1.0987861,0.7626951,0.8369578,1.2415969
2022-07-26,0.7892076,0.747031,0.8699933,0.7818051,0.6307467,1.0876096,1.0419533,0.7530841,0.9014205,1.1586595
2022-07-27,0.7767935,0.6978018,0.900458,0.8113663,0.6215988,1.0701369,1.0145816,0.7727115,0.768567,1.1420153
2022-07-28,0.7594952,0.8053227,0.8430383,0.7767044,0.6740909,1.0465535,0.994672,0.8007525,0.7812808,1.1038304
2022-07-29,0.7656563,0.7283115,0.859867,0.7322405,0.6836166,1.0449997,0.971652,0.692967,0.736142,1.0616631
2022-07-30,0.7441781,0.8775864,0.8794815,0.7445339,0.6698971,1.0684244,1.0009177,0.7196381,0.7877057,1.1334218
2022-07-31,0.7919424,0.7020293,0.9668435,0.8146643,0.7250969,1.0879811,1.0297081,0.7714838,0.8150397,1.090637
2022-08-01,0.813236,0.6631204,0.918959,0.877867,0.7215547,1.1423558,1.0728125,0.7710853,0.8587299,1.1818616
