time_value,437,438,439,440,441,442
2020-08-01,0.8689324,0.8815557,0.929895,0.8197196,1.0743028,0.8402371
2020-08-02,0.8766494,0.7457875,0.9118859,0.7977645,1.043474,0.9108638
2020-08-03,0.9754409,1.0358298,1.0179797,0.8190007,1.1161258,0.7500625
2020-08-04,0.9066104,0.9456202,0.9624589,0.8050206,1.0742666,0.9760017
2020-08-05,0.9225472,0.9045097,0.9948612,0.8463535,1.0665072,0.9598667
2020-08-06,0.8950731,0.8061374,0.9688072,0.7929432,1.0216615,1.0499175
2020-08-07,0.8645582,1.0273655,0.9587238,0.7607093,1.0641247,0.8833435
2020-08-08,0.7838443,0.7776738,0.9085854,0.7993931,0.8672378,0.6208756
2020-08-09,0.8569399,0.8497298,0.8689237,0.716098,0.8782117,0.7362442
2020-08-10,0.9085766,0.8813811,1.00176,0.8805122,1.1361291,1.062714
2020-08-11,0.8605352,0.969564,0.923646,0.8234369,1.0360635,0.8939849
2020-08-12,0.8528515,1.0093666,0.9677596,0.7646152,0.9971955,0.7720751
2020-08-13,0.9116434,0.8606825,0.9356714,0.7551304,0.996085,0.7573646
2020-08-14,0.8889054,0.8100187,0.9321982,0.6975457,0.9136578,0.7728357
2020-08-15,0.8397295,0.7389993,0.9800086,0.7345177,0.9362296,1.0018334
2020-08-16,1.0550928,1.0478684,1.1874055,0.7822921,1.2392437,0.8785409
2020-08-17,1.0142526,1.0034889,1.1266606,1.0151683,1.247528,1.08497
2020-08-18,0.9654651,0.7709007,0.9667031,0.8430509,1.1000206,1.3969118
2020-08-19,0.9444479,0.9227353,0.997199,0.8619577,1.050859,1.5087422
2020-08-20,0.8505405,0.9059503,0.9706288,0.7022887,0.9523103,0.9610871
2020-08-21,0.7830558,0.8729814,0.8604505,0.7110602,0.9103664,0.8422839
2020-08-22,0.6555489,0.5818048,0.7815646,0.6110849,0.8277576,0.8388113
2020-08-23,0.8217746,0.6449197,0.7908509,0.6845772,0.8588814,0.7488793
2020-08-24,0.8539776,0.8447436,0.8781957,0.8169769,0.9528131,0.9738633
2020-08-25,0.7349458,0.7562771,0.8553977,0.7263364,0.8560559,0.8076305
2020-08-26,0.8440779,0.8234081,0.8953101,0.7138382,0.9139095,0.7057132
2020-08-27,0.7294252,0.6570179,0.8454843,0.7183868,0.8787361,0.8262143
2020-08-28,0.7430442,0.7358973,0.788707,0.6973857,0.8210712,0.6954135
2020-08-29,0.7789799,0.6288601,0.7633841,0.6037032,0.8376563,0.729704
2020-08-30,0.6885427,0.7194047,0.7523674,0.7151599,0.7372644,0.6970512
2020-08-31,0.7330023,0.7651109,0.8433046,0.7484142,0.8784408,0.6524676
2020-09-01,0.8229094,0.8025432,0.8527437,0.6802874,1.0253434,0.8492104
2020-09-02,0.789544,0.6795715,0.8192242,0.677199,0.87545,0.688438
2020-09-03,0.7991371,0.7005748,0.8330197,0.6742321,0.9698535,0.934811
2020-09-04,0.7839961,0.7043664,0.8244792,0.6576117,0.8574234,0.7059865
2020-09-05,0.7284962,0.649748,0.7866013,0.6416024,0.759576,0.8136023
2020-09-06,0.8171499,0.7253742,0.7962267,0.5659383,0.8262822,0.7694697
2020-09-07,0.7613704,0.6889505,0.7734941,0.5867802,0.7652094,0.5751169
2020-09-08,0.726877,0.7907202,0.8225466,0.6647108,0.7538133,0.6182163
2020-09-09,0.7640402,0.6417389,0.8579965,0.6324584,0.7481977,0.7274275
2020-09-10,0.7210319,0.7106098,0.8483347,0.6054505,0.8850968,0.7693229
2020-09-11,0.8085351,0.7360817,0.8478081,0.7258616,0.8719353,1.1653489
2020-09-12,0.7417572,0.6391979,0.7437963,0.5948424,0.7531799,0.9437497
2020-09-13,0.726716,0.6457939,0.7608377,0.6000972,0.8051569,0.7355311
2020-09-14,0.7823982,0.6353917,0.8345389,0.6757038,0.8528495,0.6483896
2020-09-15,0.8646974,0.6714828,0.8601286,0.7080435,0.97259,0.7589056
2020-09-16,0.8136962,0.6842717,0.8402098,0.6769888,0.9192272,0.7165518
2020-09-17,0.8257305,0.7308939,0.8666013,0.7502584,0.8988168,0.8714846
2020-09-18,0.8176964,0.7211021,0.8157414,0.6784393,0.8610838,0.7312947
2020-09-19,0.7153706,0.7666843,0.7462099,0.6105941,0.8487123,0.5708719
2020-09-20,0.7478903,0.7030548,0.7358403,0.7010515,0.8818316,0.7082051
2020-09-21,0.7264075,0.7489436,0.8545326,0.7533237,0.9402626,0.8535861
2020-09-22,0.8308771,0.9136504,0.8252428,0.7590958,0.9699228,0.850336
2020-09-23,0.8038663,0.9087677,0.7975854,0.7562944,0.9100301,0.9299159
2020-09-24,0.7339385,0.7214342,0.781892,0.7581311,0.8446509,0.7454279
2020-09-25,0.7802796,0.6913441,0.7698528,0.6802329,0.8923926,0.6469676
2020-09-26,0.7115043,0.7022896,0.7857323,0.7146115,0.8035813,0.6207456
2020-09-27,0.7850473,0.7161698,0.7692755,0.653681,0.7778804,0.7964857
2020-09-28,0.7620882,0.8405427,0.8343232,0.7459136,0.9568097,0.8769558
2020-09-29,0.754724,0.7733419,0.8228829,0.7028629,0.8910713,0.776659
2020-09-30,0.8048993,0.888775,0.8544863,0.7723005,0.8581168,0.7479276
2020-10-01,0.8033003,0.7336184,0.8371456,0.7471113,0.8496889,0.8406441
2020-10-02,0.9578079,0.987883,1.03192,0.8423859,1.0717395,0.9375689
2020-10-03,0.9016961,0.8884169,0.9648924,0.7996394,0.9606941,0.7149232
2020-10-04,0.8684895,0.9602504,0.9937486,0.8186433,0.988428,0.7623731
2020-10-05,0.9945465,0.9946332,1.1404019,0.9352434,1.1112085,0.8269008
2020-10-06,0.9818054,1.0473306,1.0925445,0.8790485,1.1657626,1.0017607
2020-10-07,0.9487893,1.0733954,1.0265608,0.8773292,1.1348626,0.8411861
2020-10-08,0.949235,0.8629288,0.9971817,0.8146481,1.0427808,0.8863026
2020-10-09,0.85452,0.8307156,0.9143014,0.7888498,1.0445138,0.7697779
2020-10-10,0.7555228,0.6398804,0.8445762,0.6875853,0.9124652,0.7005525
2020-10-11,0.8153233,0.5980258,0.8326753,0.7261576,0.9202298,0.846875
2020-10-12,0.8586282,0.7830084,0.9215402,0.8553703,0.9596491,0.775768
2020-10-13,0.8585221,0.667568,0.8761397,0.7806232,0.9075562,0.8967802
2020-10-14,0.8453039,0.8430788,0.9234257,0.7906723,0.9669074,0.826082
2020-10-15,0.9740865,0.8926348,0.8933917,0.8557988,1.0363448,0.719476
2020-10-16,0.865784,0.7620292,0.8879326,0.7358888,0.8521896,0.7844878
2020-10-17,0.8542625,0.7445507,0.8214412,0.7237713,0.8590442,0.6381539
2020-10-18,0.7599644,0.734052,0.8021417,0.7059343,0.9037335,0.7246872
2020-10-19,0.8833338,0.8406259,0.9126219,0.9044884,0.9285503,0.8134507
2020-10-20,0.868861,0.8423763,0.9196184,0.8260704,0.9913474,0.9155057
2020-10-21,0.8410469,0.9984739,0.8701447,0.7771857,0.9565882,0.7055632
2020-10-22,0.8087585,0.9784792,0.8514284,0.8005755,0.9970572,0.8649838
2020-10-23,0.8346902,0.8319249,0.8453492,0.7164523,0.9138805,0.8321426
2020-10-24,0.8347193,0.7652886,0.7885205,0.5982708,0.9088502,0.7175802
2020-10-25,0.7552539,0.7436073,0.8031768,0.6827358,0.858402,0.730335
2020-10-26,0.9079138,0.7866744,0.9708444,0.81762,0.9844484,0.9503179
2020-10-27,0.8328791,0.8987747,0.897753,0.8755247,1.0390697,0.8808597
2020-10-28,0.8923758,0.9792277,0.9250638,0.9165326,1.0409924,0.9209433
2020-10-29,0.8549373,0.7258221,0.8804157,0.8432223,0.9741338,0.89155
2020-10-30,0.7977442,0.6624642,0.8113943,0.7554674,0.9914002,0.7793619
2020-10-31,0.690645,0.6256315,0.7432582,0.6344022,0.7814382,0.8494495
2020-11-01,0.7890947,0.7313838,0.7837326,0.6938838,0.8510289,0.7840321
2020-11-02,0.9131993,0.7740139,0.888608,0.8017025,1.0398911,0.8363271
2020-11-03,0.785403,0.8020637,0.8052775,0.7996434,0.936208,0.8583118
2020-11-04,0.7204675,0.8368765,0.7997996,0.8117113,0.9759766,0.7260177
2020-11-05,0.7707855,0.847226,0.8085587,0.8210015,0.9578906,0.8793049
2020-11-06,0.8221024,0.9419675,0.8546173,0.8196389,0.951283,0.6712977
2020-11-07,0.7978386,0.6909238,0.8093036,0.719581,0.8769778,0.7769908
2020-11-08,0.7912463,0.7545901,0.845467,0.7068161,0.8526331,0.7398522
2020-11-09,0.9316327,0.9540084,0.9538773,0.8124828,1.0282388,0.953118
2020-11-10,0.8933636,0.7955562,0.947218,0.8270114,1.0388965,0.8907224
2020-11-11,0.8973176,0.8743549,0.9261885,0.8948721,1.0048933,0.8251437
2020-11-12,0.9028862,0.8882266,0.9623899,0.9186496,1.0710881,0.7954647
2020-11-13,0.9400265,0.8119982,0.9640452,0.8919159,1.0907812,1.0562262
2020-11-14,0.8324229,0.7553279,0.8857762,0.7685239,0.9587929,0.8127489
2020-11-15,0.8168457,0.835205,0.8897615,0.7960141,0.9685108,0.9198827
2020-11-16,0.9947367,0.9669703,0.9664141,0.9202528,1.1179952,0.998601
2020-11-17,0.9484107,1.0505625,0.9869492,0.9589001,1.1360305,1.0762321
2020-11-18,0.9373242,0.8113119,0.9869574,1.0066673,1.0514803,0.9399157
2020-11-19,0.947975,0.7334164,0.9738389,0.9249352,1.0928496,1.1086869
2020-11-20,0.9341919,0.9353469,0.9281182,0.8714412,1.0049462,0.8870598
2020-11-21,0.8174164,0.8200473,0.8607051,0.8357737,1.0003842,0.9293834
2020-11-22,0.8726127,0.9204295,0.8918228,0.810393,1.0401271,0.9436347
2020-11-23,0.999196,0.8660644,0.972256,0.9098974,1.0441725,0.893377
2020-11-24,0.8689486,0.8656095,0.9578318,0.8584003,1.07686,0.9938729
2020-11-25,0.932868,0.8838332,0.8541294,0.7635879,1.0372391,0.6961119
2020-11-26,0.7472567,0.6256122,0.8203009,0.740525,0.8504361,0.7647624
2020-11-27,0.7219941,0.7863127,0.7565126,0.6957955,0.8822445,0.8178985
2020-11-28,0.897796,0.7461713,0.9041148,0.7690284,0.9752163,0.7363993
2020-11-29,0.9022989,0.8425538,0.8275466,0.7887935,0.9531027,0.857207
2020-11-30,0.9669417,0.8333362,0.9181063,0.821408,1.0539622,1.0537532
2020-12-01,0.901317,0.8700348,0.9184201,0.805071,1.0028489,1.0801608
2020-12-02,0.8607663,0.8980683,0.9276085,0.8492079,1.0546012,1.0562518
2020-12-03,0.9232125,0.8619317,0.9010405,0.8601882,1.0626436,0.9607645
2020-12-04,0.8427047,0.8495189,0.8538475,0.859255,0.9830553,1.0632948
2020-12-05,0.7948418,0.8268278,0.8202822,0.7656196,0.9179252,0.8088773
2020-12-06,0.8093502,0.7097907,0.8211543,0.8323293,0.8670163,0.922829
2020-12-07,0.8976212,0.8015393,0.9164527,0.8766601,0.9852203,1.0362798
2020-12-08,0.8988397,0.8739423,0.9003604,0.8391186,1.0267281,0.88292
2020-12-09,0.8900481,0.866462,0.870883,0.8153868,1.032434,0.9013668
2020-12-10,0.8560615,0.861103,0.8602636,0.8538525,1.0005031,0.7989983
2020-12-11,0.8342809,0.8251297,0.8393052,0.7344622,0.9188649,0.8821372
2020-12-12,0.7811411,0.6448263,0.7935129,0.6384326,0.8782468,1.0026929
2020-12-13,0.7409796,0.7584031,0.7946203,0.7470393,0.886772,0.9761829
2020-12-14,0.8546765,0.7220539,0.8449161,0.8567433,0.9223107,1.0247227
2020-12-15,0.8590321,0.7606221,0.8453805,0.8129778,0.8884979,1.0050116
2020-12-16,0.8330176,0.7669976,0.8527403,0.7946518,0.9485912,0.9279594
2020-12-17,0.7764368,0.758186,0.820691,0.8148224,0.9310212,1.0277408
2020-12-18,0.8121479,0.8253271,0.7731854,0.7214728,0.861022,0.9023822
2020-12-19,0.7488517,0.7637432,0.7416678,0.7632251,0.8206175,1.1507771
2020-12-20,0.70992,0.8039493,0.740381,0.7237691,0.7644514,0.786282
2020-12-21,0.7887805,0.8819257,0.7195536,0.840828,0.8889202,1.0451604
2020-12-22,0.7097331,0.7166175,0.7342138,0.694363,0.8542871,0.9267694
2020-12-23,0.7525448,0.6974197,0.7553909,0.7350284,0.8664003,0.9827834
2020-12-24,0.7183644,0.7432343,0.7557692,0.6166713,0.8033123,0.9033176
2020-12-25,0.7502541,0.5881441,0.7320122,0.4952922,0.6740304,0.85546
2020-12-26,0.7717189,0.6916106,0.7170715,0.6788258,0.8345545,0.6368063
2020-12-27,0.7802332,0.6933275,0.73765,0.7667752,0.9284993,0.7840346
2020-12-28,0.8342777,0.8530811,0.8101703,0.7623424,0.908347,0.9568065
2020-12-29,0.8813894,0.8752915,0.8475968,0.8388713,0.9067751,1.0797832
2020-12-30,0.9569608,0.8652337,0.878572,0.7964191,0.9289313,1.0411705
2020-12-31,0.7935406,0.6884609,0.7734394,0.673311,0.8708588,0.9217447
2021-01-01,0.7905462,0.5865866,0.7509001,0.6612864,0.8186387,0.744483
2021-01-02,0.7418941,0.7452099,0.7490114,0.6539104,0.8149314,0.658619
2021-01-03,0.7336072,0.7388072,0.7681505,0.6248602,0.8527343,0.7740462
2021-01-04,0.7988807,0.7684976,0.8614597,0.8180696,0.9660723,0.8824909
2021-01-05,0.8768742,0.9541974,0.9236403,0.7492862,1.0162656,1.0203748
2021-01-06,0.7858798,0.7311764,0.8305038,0.7694173,0.9115404,1.0451822
2021-01-07,0.7555375,0.8049109,0.8046395,0.7329834,0.8925673,0.7709318
2021-01-08,0.7628017,0.7157654,0.8054595,0.6859477,0.8646147,0.7465362
2021-01-09,0.7601472,0.5970273,0.7640053,0.7063495,0.851894,0.785089
2021-01-10,0.7903332,0.7677042,0.7904544,0.6740773,0.8565957,0.8194797
2021-01-11,0.8527646,0.6837409,0.8575024,0.7255447,0.8803005,0.8385178
2021-01-12,0.8681537,0.848357,0.8583943,0.8233243,1.0035203,0.952496
2021-01-13,0.7909506,0.7823072,0.757129,0.7016784,0.8480659,1.018515
2021-01-14,0.7786387,0.819681,0.8336515,0.6924068,0.8632218,0.7949807
2021-01-15,0.7154263,0.7950117,0.8096841,0.6987948,0.8461058,0.7256691
2021-01-16,0.7191375,0.6239581,0.7420131,0.6626977,0.8047959,0.7126009
2021-01-17,0.69156,0.5527359,0.757091,0.6249707,0.8356557,0.834632
2021-01-18,0.7124616,0.6282896,0.7937726,0.7890119,0.8826108,0.7799817
2021-01-19,0.7649943,0.8538953,0.8190301,0.7749498,0.9725655,0.8407606
2021-01-20,0.7572226,0.7406846,0.7599081,0.7245652,0.8382229,0.7607699
2021-01-21,0.7904908,0.764722,0.8424152,0.7394165,0.9010911,0.889737
2021-01-22,0.765699,0.7578714,0.8324691,0.6718914,0.8895409,0.8726208
2021-01-23,0.8074154,0.7339857,0.8333845,0.6328141,0.782268,0.7183809
2021-01-24,0.7738529,0.6269989,0.7734286,0.6929599,0.8798197,0.7422132
2021-01-25,0.8370579,0.8961966,0.8263958,0.7041886,0.9224027,0.8440056
2021-01-26,0.8795238,0.921237,0.8958706,0.752061,0.9323393,0.8862468
2021-01-27,0.9217178,0.7987192,0.8724898,0.7351686,0.9910465,0.6723421
2021-01-28,0.8382504,0.8720853,0.8748151,0.7572556,0.9546058,0.786574
2021-01-29,0.8107307,0.7189141,0.8041003,0.6392338,0.8526543,0.6572041
2021-01-30,0.7662482,0.7472108,0.7743847,0.6472976,0.7914295,0.8405778
2021-01-31,0.7866292,0.8329248,0.7861344,0.6502739,0.881588,0.5873717
2021-02-01,0.8426126,0.8745656,0.846377,0.7065237,0.8912953,0.7856735
2021-02-02,0.732434,0.8557695,0.8546561,0.7668182,0.925672,0.6901867
2021-02-03,0.7497497,0.7514058,0.7999034,0.6967121,0.9385743,0.8667227
2021-02-04,0.7975236,0.7988649,0.8560813,0.6979763,0.9543983,0.8918062
2021-02-05,0.7597422,0.6354967,0.8265527,0.691347,0.9026219,0.8750526
2021-02-06,0.6602119,0.6632832,0.7851617,0.6778276,0.8749439,0.7003975
2021-02-07,0.6870702,0.6320383,0.7030663,0.6342527,0.8346031,0.6814404
2021-02-08,0.7827109,0.6936268,0.8615016,0.7285085,0.8263325,0.7795073
2021-02-09,0.877979,0.7616384,0.8209401,0.7705529,0.8259439,0.9318133
2021-02-10,0.8044952,0.8388616,0.7959713,0.76367,0.9142788,0.7307914
2021-02-11,0.7851059,0.6977102,0.8040178,0.7129952,0.8391968,0.7255182
2021-02-12,0.7414742,0.69493,0.809815,0.6581191,0.8270795,0.7639543
2021-02-13,0.7784438,0.5949568,0.7657263,0.6606712,0.802921,0.5888142
2021-02-14,0.6699471,0.5299837,0.6504924,0.611921,0.6912823,0.6741184
2021-02-15,0.6827313,0.7775625,0.7630061,0.6615025,0.8444711,0.7467129
2021-02-16,0.8023123,0.7921917,0.8585202,0.6468875,0.9012129,0.6401264
2021-02-17,0.7583219,0.7946996,0.7896621,0.7194048,0.8615633,0.8184115
2021-02-18,0.8318394,0.7116493,0.790591,0.7071729,0.8854247,0.7650316
2021-02-19,0.747181,0.8338861,0.765422,0.6613871,0.8128016,0.7018429
2021-02-20,0.7139636,0.6653243,0.7324637,0.6614193,0.805071,0.7703215
2021-02-21,0.6790717,0.6977209,0.7342143,0.6587697,0.7874442,0.5411997
2021-02-22,0.6990244,0.7485271,0.7550671,0.6946519,0.7773142,0.6132684
2021-02-23,0.7096516,0.7309669,0.7828108,0.689657,0.8191022,0.6516417
2021-02-24,0.704551,0.6897324,0.760265,0.6391315,0.8852237,0.7910696
2021-02-25,0.846926,0.7332782,0.7681147,0.600183,0.8490702,0.7259473
2021-02-26,0.766339,0.6514919,0.7645373,0.6566862,0.8967595,0.619548
2021-02-27,0.7706936,0.7568795,0.7341355,0.5834647,0.8401107,0.6661946
2021-02-28,0.7151903,0.7105227,0.7397501,0.5925545,0.8154734,0.7668573
2021-03-01,0.7915309,0.7114241,0.769788,0.6378331,0.8332599,0.7882008
2021-03-02,0.720152,0.6975645,0.8014942,0.6696049,0.8774247,0.7709787
2021-03-03,0.7817066,0.6330188,0.8090516,0.6738644,0.8653932,0.8094989
2021-03-04,0.7371171,0.6297631,0.7682116,0.6274073,0.8468583,0.7302916
2021-03-05,0.6643486,0.6239883,0.7364407,0.582722,0.8252259,0.853424
2021-03-06,0.7575523,0.6511793,0.7337342,0.487647,0.7456315,0.5663439
2021-03-07,0.7227837,0.6811413,0.6993556,0.5352282,0.7390646,0.6978719
2021-03-08,0.7389508,0.6162211,0.7586323,0.6830369,0.8002183,0.8439216
2021-03-09,0.7683277,0.7442255,0.7957416,0.647824,0.8178431,0.8921551
2021-03-10,0.8189683,0.7967518,0.8078265,0.6728178,0.8499562,0.7886818
2021-03-11,0.7656438,0.497348,0.8138619,0.6674296,0.8731997,0.8574219
2021-03-12,0.7060811,0.6212951,0.7891058,0.6619424,0.8725373,0.8592042
2021-03-13,0.7908836,0.6698039,0.7759465,0.5366221,0.782334,0.7634982
2021-03-14,0.7154436,0.6432533,0.7709172,0.6620345,0.7956875,0.9865798
2021-03-15,0.7008809,0.7822619,0.8069352,0.6641737,0.9038494,0.8404753
2021-03-16,0.7347989,0.7742486,0.7867536,0.6414163,0.8406135,0.6604308
2021-03-17,0.7366808,0.6564971,0.7959804,0.656423,0.8627519,0.6664098
2021-03-18,0.7876188,0.7682097,0.8035518,0.6167761,0.920198,0.7402372
2021-03-19,0.7449694,0.7389609,0.7372248,0.6486381,0.8241961,0.6988727
2021-03-20,0.7198373,0.6916865,0.7231938,0.535771,0.8148416,0.6365178
2021-03-21,0.671584,0.6726127,0.7241782,0.5402647,0.7746007,0.493556
2021-03-22,0.7366703,0.7172546,0.7779191,0.6001743,0.8093607,0.7213012
2021-03-23,0.8055707,0.7607099,0.7875495,0.6863637,0.905871,0.773601
2021-03-24,0.8177368,0.7131131,0.8067039,0.6793559,0.8884895,0.7096274
2021-03-25,0.7090046,0.6939755,0.7701896,0.6499448,0.8589809,0.8095072
2021-03-26,0.7579888,0.5850129,0.7795394,0.6159697,0.9228255,0.8464554
2021-03-27,0.6851597,0.6113916,0.8061368,0.6473146,0.8049821,0.7253217
2021-03-28,0.7424688,0.5979597,0.8084901,0.6883592,0.9292659,0.7300244
2021-03-29,0.6882845,0.7416497,0.8207907,0.63598,0.8871478,0.7368303
2021-03-30,0.793287,0.604929,0.8495051,0.6409143,0.912471,0.8108657
2021-03-31,0.7931629,0.7757967,0.8953265,0.6397132,0.945209,0.8361332
2021-04-01,0.8162173,0.6696582,0.9096173,0.7678719,1.002672,0.8137445
2021-04-02,0.8294645,0.6997388,0.8954724,0.6756425,0.9346166,0.7963147
2021-04-03,0.7726933,0.6282294,0.9284055,0.6140018,0.8802103,0.6510779
2021-04-04,0.7968887,0.677877,0.9263742,0.5463864,0.902401,0.5426516
2021-04-05,0.7818075,0.6841824,0.8858602,0.5627701,0.92761,0.7318354
2021-04-06,0.8882442,0.9953526,0.9738476,0.6305114,0.9041732,0.8391918
2021-04-07,0.9427982,0.8505143,0.985651,0.7529041,0.9490116,0.7440756
2021-04-08,0.9050711,0.9479856,1.0189834,0.7000933,1.1006206,0.8106013
2021-04-09,0.9745106,0.9451428,1.0318033,0.6628013,0.9791802,0.8425442
2021-04-10,0.8014811,0.6402717,0.9732582,0.7694612,0.8954109,0.7883736
2021-04-11,0.7932067,0.749433,0.9592303,0.6243929,0.9419153,0.8188727
2021-04-12,0.753576,0.8191557,0.9967414,0.7293137,1.038968,0.7281019
2021-04-13,0.9083753,0.7571629,1.0048587,0.7726764,1.0662669,0.6908558
2021-04-14,0.8947453,0.7711757,0.9896489,0.7726964,1.0536904,0.9176629
2021-04-15,0.9708393,0.7837964,1.0867816,0.8256931,0.9928383,0.8990071
2021-04-16,0.9274703,0.9287308,1.1101207,0.7659343,1.0130005,0.7760389
2021-04-17,0.9208442,0.9492815,1.0442169,0.7232703,1.0828518,0.7478634
2021-04-18,0.8852026,0.988041,1.0485522,0.7094681,1.0886744,0.8347247
2021-04-19,0.7987807,0.8524072,0.9713719,0.7578703,1.0539054,0.6921011
2021-04-20,0.8973721,0.8343694,1.0011107,0.7357099,1.0210717,0.6480696
2021-04-21,0.9251297,0.688944,1.0226959,0.7420996,1.0190611,0.7314974
2021-04-22,0.9607855,0.9301056,1.059825,0.701098,0.9698705,0.8504036
2021-04-23,0.9383919,0.8082886,1.0926496,0.6637142,1.014069,0.7436253
2021-04-24,0.8879839,0.9375871,1.0449496,0.7368603,0.9903012,0.9129555
2021-04-25,0.8860608,0.7719619,1.0580581,0.6151643,0.9699313,0.6455111
2021-04-26,0.9063041,0.8652242,1.0225356,0.7148289,0.9347257,0.8817798
2021-04-27,0.9561631,0.7621957,1.018138,0.71941,0.9586839,0.7301532
2021-04-28,1.0092898,0.715143,1.1185493,0.742591,0.9949092,0.801532
2021-04-29,0.9928114,0.8878044,1.1375681,0.8617799,1.1676195,0.7741386
2021-04-30,0.9555954,0.8234884,1.0547636,0.7013861,0.9697872,0.6862794
2021-05-01,0.9303638,0.7100736,1.0780396,0.7471504,1.0337667,0.7538302
2021-05-02,0.9035001,0.8070359,1.0497971,0.7300602,1.0167862,0.6639102
2021-05-03,0.8579864,0.7679396,0.9622119,0.6911958,0.8876312,0.8122949
2021-05-04,0.8747374,0.7590893,0.9391064,0.7698135,0.9708337,0.7577982
2021-05-05,0.9009924,0.9237405,1.0056618,0.8093608,1.0118505,0.6572652
2021-05-06,0.930069,0.7939009,1.0536234,0.7854606,1.0568557,0.7313164
2021-05-07,0.882946,0.7913752,1.0666977,0.6215323,0.9377776,0.7624078
2021-05-08,0.8725877,0.7780663,1.0751373,0.7346139,0.9844125,0.7254906
2021-05-09,0.8138694,0.693162,1.0671669,0.7183491,0.8439328,0.6862707
2021-05-10,0.8929685,0.918221,0.9845123,0.7990102,0.8515635,0.5935606
2021-05-11,0.931392,0.8829248,1.0037432,0.7096986,0.985768,0.7738768
2021-05-12,0.8902651,0.7714712,1.0134833,0.7190554,0.9990838,0.7517881
2021-05-13,0.8846638,0.7992644,1.0236207,0.8214329,0.9418965,0.7114662
2021-05-14,0.8963329,0.77325,1.0161307,0.6689848,0.9855084,0.779461
2021-05-15,0.8581145,0.9148751,1.1158937,0.6754623,0.9417812,0.8213607
2021-05-16,0.9344784,0.7590816,1.1515743,0.7245359,0.922587,0.7762379
2021-05-17,0.8848498,0.6857861,0.9957548,0.7226864,0.9012541,0.6397494
2021-05-18,0.8124025,0.7854741,0.9338726,0.6994417,0.9880426,0.7176495
2021-05-19,0.8470034,0.7323613,0.9378221,0.6954496,0.9855265,0.8289981
2021-05-20,0.9120951,0.829075,0.9481667,0.7429522,0.9963329,0.8349506
2021-05-21,0.8119461,0.6856423,0.9087756,0.6099216,0.8893051,0.7567286
2021-05-22,0.821143,0.7111327,0.9578594,0.6885518,0.9436903,0.6786902
2021-05-23,0.8214248,0.685855,0.9476924,0.6092846,0.9602642,0.6362976
2021-05-24,0.7630507,0.7272338,0.8734119,0.6893408,0.872381,0.8212103
2021-05-25,0.7875068,0.7114381,0.8842885,0.6013968,0.8755825,0.7040901
2021-05-26,0.8283625,0.7257531,0.8462416,0.6106465,0.8687905,0.8212738
2021-05-27,0.8600392,0.7609889,0.7803444,0.6691526,0.7534914,0.6733814
2021-05-28,0.7876797,0.7017796,0.7900233,0.5786692,0.7599438,0.6828725
2021-05-29,0.7633618,0.7259726,0.8380223,0.7036269,0.8437574,0.6643963
2021-05-30,0.8767521,0.7471091,0.7902137,0.6105368,0.9580466,0.7765828
2021-05-31,0.7882257,0.7357472,0.7382611,0.630872,0.8861881,0.8569733
2021-06-01,0.9961504,0.9324597,1.0964974,0.9160605,1.1109274,1.0537497
2021-06-02,0.9296559,0.895684,0.9202626,0.854885,1.0660522,1.06738
2021-06-03,0.7594769,0.8530554,0.835937,0.7525564,0.9657615,0.9168125
2021-06-04,0.7713243,0.7462813,0.7945629,0.6567712,0.8609459,0.721022
2021-06-05,0.8741603,0.7310529,0.8547536,0.6419539,0.8483627,0.6723461
2021-06-06,0.7973934,0.739646,0.8237469,0.6018653,0.8265287,0.5182973
2021-06-07,0.7654457,0.7758611,0.7730608,0.6288653,0.8588783,0.8500276
2021-06-08,0.7626145,0.6840987,0.8041699,0.7344294,0.9028242,0.6819379
2021-06-09,0.7883731,0.7613677,0.7655526,0.6938263,0.8316468,0.6983433
2021-06-10,0.7323793,0.7448066,0.7978875,0.6742239,0.9328385,0.7193034
2021-06-11,0.7536526,0.7795514,0.7389038,0.571218,0.8083772,0.8012088
2021-06-12,0.7718803,0.6900563,0.773833,0.6092139,0.8558336,0.8684592
2021-06-13,0.7692737,0.702918,0.7684085,0.6791905,0.8325671,0.6494602
2021-06-14,0.734084,0.7112638,0.7382687,0.6405062,0.8777213,0.6341265
2021-06-15,0.7304966,0.8069061,0.7510711,0.6464347,0.854213,0.7797776
2021-06-16,0.7939668,0.803905,0.7463774,0.6158817,0.9122775,0.7007534
2021-06-17,0.7398924,0.8553417,0.762043,0.5508258,0.8468393,0.7884269
2021-06-18,0.8220743,0.7380681,0.7626258,0.6452747,0.789582,0.912351
2021-06-19,0.7248647,0.7387713,0.7528294,0.5953431,0.8918695,0.6463266
2021-06-20,0.724853,0.632838,0.7689775,0.6213613,0.8247346,0.836958
2021-06-21,0.8108812,0.8452307,0.8725833,0.6972087,1.0547751,0.8565514
2021-06-22,0.8672385,0.8274965,0.9131157,0.7928592,0.9605991,0.9613315
2021-06-23,0.9041697,0.936861,0.9031795,0.7255587,1.052078,0.9584375
2021-06-24,0.890584,0.9387743,1.0520482,0.7470709,1.115226,0.9916853
2021-06-25,1.2002424,1.1369744,1.3581722,0.829,1.4549639,1.12939
2021-06-26,2.0595029,1.7526212,2.3901478,0.9713013,2.3544855,1.2826885
2021-06-27,2.3983359,2.4155398,2.8681554,1.0877331,2.8678746,1.5737594
2021-06-28,2.5960202,2.226803,2.9868774,1.2550354,3.0044892,1.7735877
2021-06-29,1.5756093,1.2321957,1.670811,1.3080661,1.7472179,1.9583133
2021-06-30,1.0610411,1.1084993,1.1275595,1.1985681,1.2071393,1.5361654
2021-07-01,0.97125,1.0104598,0.9890303,0.9209571,1.0685876,1.1303636
2021-07-02,0.8699997,0.8552422,0.8930196,0.7604576,0.9240579,0.9220471
2021-07-03,0.8552179,0.7989523,0.8391343,0.7431096,0.8603069,0.9521373
2021-07-04,0.8016939,0.7508403,0.8154716,0.7586155,0.7995801,0.9428628
2021-07-05,0.7305746,0.8430872,0.7834899,0.7139106,0.738007,0.8569055
2021-07-06,0.8709772,0.7572231,0.8236657,0.813741,0.9632153,0.9280217
2021-07-07,0.8114669,0.7876101,0.8533635,0.6806157,0.9362207,0.9466112
2021-07-08,0.8377187,0.6889065,0.8287536,0.6833484,0.950542,0.8215412
2021-07-09,0.7900608,0.7137635,0.7903649,0.6529406,0.9112842,0.7512558
2021-07-10,0.8626695,0.7672343,0.8728216,0.7595211,0.8393127,0.790161
2021-07-11,0.9210203,0.7693527,0.9078749,0.721387,0.969309,0.7681397
2021-07-12,0.8262494,0.715526,0.8897024,0.746039,0.9373173,0.8928942
2021-07-13,0.9186221,0.8950384,0.9440246,0.8465138,1.0596945,1.1846577
2021-07-14,0.8809902,0.8466648,0.8771861,0.7562184,0.9707104,0.8793408
2021-07-15,0.8433712,0.8627575,0.7920223,0.7406084,0.9217133,0.8466162
2021-07-16,0.7475169,0.6569226,0.82522,0.6574454,0.9163448,0.7862087
2021-07-17,0.7440094,0.8256401,0.780148,0.6716622,0.8151881,0.7114503
2021-07-18,0.8110428,0.7709468,0.8219938,0.6005528,0.8862206,0.8778861
2021-07-19,0.8807974,0.7649999,0.909882,0.7410449,0.9947141,0.8668376
2021-07-20,0.8881304,0.8647805,0.8531107,0.7249722,0.9123341,0.7429272
2021-07-21,0.8836299,0.765673,0.8403805,0.78615,1.0616127,0.8048805
2021-07-22,0.8401499,0.8134425,0.8570837,0.6844715,1.0268059,0.74146
2021-07-23,0.8881071,0.8689683,0.8632152,0.6867733,0.957938,0.8191495
2021-07-24,0.9389249,0.8832714,0.8775976,0.7182641,0.9994814,0.9090071
2021-07-25,0.9007077,0.8465035,0.8695464,0.7224612,0.929065,0.9900427
2021-07-26,0.8986893,0.7693731,0.9423081,0.7948179,0.9672044,0.9384023
2021-07-27,0.8619168,0.9837276,0.8979737,0.8052936,1.0960613,0.8062824
2021-07-28,0.864458,0.908963,0.9282046,0.773211,0.9993029,0.9182793
2021-07-29,0.9170794,0.9294156,0.9041741,0.9044329,1.0468419,0.938539
2021-07-30,0.9241936,0.9372226,0.9162429,0.7473225,1.1026042,1.1040528
2021-07-31,0.9270223,1.0450098,0.9478404,0.9032887,1.0521587,0.982496
2021-08-01,0.8902668,0.7656564,0.9060481,0.7649424,0.9515203,0.9239902
2021-08-02,0.9212589,1.015144,0.8930566,0.8433359,0.9609642,1.0526655
2021-08-03,0.9382016,1.1435981,0.9258252,0.8368102,1.1466464,0.9912412
2021-08-04,0.9600419,0.9584893,0.927779,0.9236151,1.0780635,1.0387585
2021-08-05,0.9162992,0.817234,0.9280124,0.8910669,1.1202605,1.0718051
2021-08-06,0.8734498,0.9134412,0.8938146,0.8422127,1.0499805,0.8993162
2021-08-07,0.8892632,0.8353865,0.8545171,0.7832361,1.0399947,0.9008272
2021-08-08,0.8561518,0.9622024,0.8345375,0.8658006,0.9746709,0.8792213
2021-08-09,0.9147492,0.8881391,0.9358628,0.9680492,0.9884839,1.0771872
2021-08-10,0.9670139,1.1837081,0.9800933,0.9740623,1.1628348,0.849602
2021-08-11,1.0713294,0.9009832,1.0412483,1.0273897,1.2494881,0.9743769
2021-08-12,1.0304273,1.1131816,1.0971977,0.9030114,1.3158792,1.106355
2021-08-13,1.0944739,1.0930844,1.0906985,0.8810259,1.290361,0.8787779
2021-08-14,0.9812698,0.9279635,1.0084745,0.8968664,1.1269816,1.0985029
2021-08-15,1.0038869,1.0619964,0.9547298,0.8946814,1.0840197,0.8863006
2021-08-16,0.9374458,0.9406205,0.9085531,0.8674807,1.0785049,1.0102189
2021-08-17,0.9580785,0.8661454,0.9034428,0.8399527,1.1840312,0.9440256
2021-08-18,0.9447758,0.9019854,0.9455484,0.941691,1.0449932,1.0073571
2021-08-19,0.9731169,1.031211,0.9178095,0.9315455,1.0769746,0.9486796
2021-08-20,0.9410774,0.8726468,0.8673032,0.9075413,1.0939612,0.8067304
2021-08-21,0.8959769,0.714658,0.8340088,0.8330381,0.9216872,0.8794943
2021-08-22,0.7924229,0.766103,0.7871656,0.8390242,0.9383789,0.8142562
2021-08-23,0.80618,0.9521564,0.7981531,0.7754896,0.8667687,0.9093093
2021-08-24,0.9233132,1.0273449,0.9416076,0.8502359,1.012047,0.95478
2021-08-25,1.0371465,0.9962962,0.9123593,0.9841733,1.1658093,1.0415404
2021-08-26,0.9108186,0.9490398,0.9226116,0.9925743,1.1119106,1.2010048
2021-08-27,0.8544023,0.9258781,0.8653595,0.8822214,0.9695546,1.2695181
2021-08-28,0.8159611,0.758619,0.8938769,0.9015781,1.1018505,1.1881827
2021-08-29,0.9138656,0.9101491,0.8999726,0.8813403,0.985933,1.2226294
2021-08-30,0.9721385,1.0530534,0.9127706,0.9421703,1.0465685,1.1635127
2021-08-31,0.9722687,1.0142277,0.9314394,0.8874668,1.1336832,1.1167603
2021-09-01,0.9662681,1.0388976,0.9671614,0.9738934,1.1579004,1.0740627
2021-09-02,0.992114,0.9766402,0.9477924,1.013377,1.129102,1.1743509
2021-09-03,0.8916455,0.9781401,0.83818,0.9600065,1.0414107,1.0280548
2021-09-04,0.948615,0.902689,0.9185441,0.9044544,0.9832064,1.042978
2021-09-05,0.8199011,0.9376297,0.9076183,0.9133973,1.0554455,0.9825148
2021-09-06,0.7907601,0.9176661,0.8478121,0.914681,1.0602316,1.0862486
2021-09-07,0.8999868,0.9737963,0.9531055,0.9699173,1.1733984,1.1038362
2021-09-08,1.0087524,1.0596599,1.0449787,0.9876154,1.1828421,1.108756
2021-09-09,0.9366673,0.975653,0.9550984,0.9984423,1.0992156,1.0476106
2021-09-10,0.8089642,0.95961,0.86039,0.9192935,0.9968767,0.9384324
2021-09-11,0.8770756,0.8811049,0.8954111,0.8661208,0.9840944,0.8989544
2021-09-12,0.8214028,0.9241091,0.853107,0.9300472,0.9094988,0.956644
2021-09-13,0.8668941,0.7589313,0.8956196,0.9984985,0.9797019,1.161621
2021-09-14,0.9014503,0.9082602,0.9383689,0.9665244,1.0507058,1.0901148
2021-09-15,0.9020594,0.8285916,0.8576985,0.9301555,1.0348122,1.0011703
2021-09-16,0.8696812,0.8267539,0.8682348,1.1055719,1.0441116,1.1789935
2021-09-17,0.8574361,0.8150193,0.8123399,0.9834952,1.103101,1.1473587
2021-09-18,0.8587151,0.9138827,0.8209363,0.8711509,0.9154203,0.8759838
2021-09-19,0.930394,1.0244308,0.8595506,0.8230653,1.0148481,0.9700582
2021-09-20,0.9835756,0.8576177,0.8764588,0.9435002,1.0418014,1.1258581
2021-09-21,0.896667,0.8950208,0.8951234,0.9798994,1.1648145,1.1376131
2021-09-22,0.9582891,1.0812009,0.9654237,1.0115116,1.1199037,1.0171304
2021-09-23,0.9828658,0.9119879,0.9399961,0.9913381,1.2408094,0.9704388
2021-09-24,0.9111395,1.0582122,0.8749794,0.9046441,1.0506344,0.8927774
2021-09-25,0.9700178,0.8612185,0.9072979,0.9113416,1.1167044,0.9181332
2021-09-26,0.9804117,0.9288241,0.872698,0.9954425,1.0703677,1.1200538
2021-09-27,1.0591082,0.8500913,0.9321136,0.9644693,1.134808,1.0040364
2021-09-28,1.049582,1.1043469,0.9643981,0.8790833,1.1293826,0.9793788
2021-09-29,0.9528823,1.1024468,0.9339129,0.887278,1.1881602,1.2707654
2021-09-30,1.07474,1.1402008,0.9253498,0.9222786,1.1555742,0.9772834
2021-10-01,0.8570532,1.0494325,0.8000941,0.7662063,1.0117717,0.7855384
2021-10-02,0.8895507,0.9642838,0.8473189,0.8560349,1.0518402,0.8012396
2021-10-03,0.8964954,0.9137483,0.847249,0.8425119,1.0023718,0.8213038
2021-10-04,0.9518675,0.948424,0.9136025,0.9235461,1.1164092,0.9783574
2021-10-05,1.0070119,0.930242,0.9390187,0.9075353,1.1753284,0.955872
2021-10-06,0.9952768,0.9023358,0.9525712,0.8807429,1.1585678,1.1779575
2021-10-07,0.9490903,0.8752298,0.9618334,0.8698002,1.1159758,0.9891157
2021-10-08,0.8820986,0.8863409,0.8861326,0.847566,1.0820401,0.9307835
2021-10-09,0.8933483,0.8484131,0.8933415,0.8558241,1.0174477,0.8552777
2021-10-10,0.8984217,0.8224491,0.8569245,0.8223436,1.0799454,0.8499197
2021-10-11,0.9209551,0.8515429,0.9156513,0.8266582,1.0786027,0.8120871
2021-10-12,0.9962552,1.0567041,0.9555244,0.8502143,1.1559088,0.9991763
2021-10-13,1.0368799,0.9080552,0.9955736,0.8833109,1.1101461,0.8497384
2021-10-14,0.9205445,0.9687756,0.9508393,0.8465133,1.1560088,0.7947911
2021-10-15,0.9027131,0.8472058,0.8653151,0.8884955,0.9722144,0.7579286
2021-10-16,0.9267599,0.8587269,0.892259,0.803545,1.0576532,0.8270104
2021-10-17,0.9053335,0.8372577,0.8977622,0.8488276,0.9922702,0.8048932
2021-10-18,0.9842461,0.9667689,0.954472,0.9158382,1.1698451,0.9210643
2021-10-19,1.0379103,0.88455,0.9574638,0.82644,1.1388382,0.9695444
2021-10-20,0.8854745,0.8603712,0.946529,0.8252109,1.091057,0.9329805
2021-10-21,1.3597696,1.138214,1.439751,1.0189139,1.4608335,1.235473
2021-10-22,1.0056453,1.0788257,1.0730609,0.8588437,1.1113637,0.9509695
2021-10-23,0.8441138,0.7768693,0.8815193,0.8245809,0.9330618,0.9498524
2021-10-24,0.8284114,0.8271551,0.8809466,0.8249981,1.0059729,0.8140417
2021-10-25,0.9390857,0.8626564,0.9286536,0.846273,1.0598145,0.819913
2021-10-26,1.0305317,0.8864825,0.9496961,0.9022798,1.0891693,0.874199
2021-10-27,0.9598315,0.8191283,0.8961177,0.7965932,1.0521949,1.0261816
2021-10-28,0.905444,1.026884,0.8768437,0.8522758,1.0820495,0.9497007
2021-10-29,0.8396211,0.7522964,0.8087612,0.7714005,0.9957717,0.8018002
2021-10-30,0.8299494,0.8236421,0.8420883,0.6206645,0.8573611,0.6435635
2021-10-31,0.8450329,0.7622592,0.836232,0.7690579,0.8081984,0.7605245
2021-11-01,0.9451515,0.8481242,0.919972,0.8847099,1.0461923,0.9301201
2021-11-02,0.9378959,0.8426617,0.9277126,0.8943322,1.0214326,0.8761376
2021-11-03,0.9468307,1.0044435,0.9683166,0.9287457,1.0708939,1.0023302
2021-11-04,0.8736897,0.9513466,0.9217563,0.8574165,1.0320134,0.7643962
2021-11-05,0.8136633,0.8989428,0.8589202,0.7607355,0.9628448,0.8020586
2021-11-06,0.8820057,0.8234956,0.8561706,0.8944792,0.972259,0.8887729
2021-11-07,0.8932768,0.8718115,0.8550076,0.8475343,0.9505868,0.8898652
2021-11-08,0.9460276,0.9434791,0.9098229,0.9138921,1.0442701,0.8341312
2021-11-09,0.9387092,0.8822502,0.920972,0.8564893,1.0525617,0.9618108
2021-11-10,0.8994089,0.9154347,0.9026499,0.8466576,1.1235213,0.8656996
2021-11-11,0.9792299,0.9106833,0.8715277,0.8692506,0.9491109,0.7683777
2021-11-12,0.8995246,0.9338634,0.8573413,0.8140353,0.9017669,0.851473
2021-11-13,0.8592154,0.8257997,0.8649642,0.7338579,0.9403645,0.8407399
2021-11-14,0.8470821,0.8755642,0.8444232,0.8105662,0.9824367,0.8946892
2021-11-15,0.8066069,0.7584288,0.8396452,0.8727364,0.9738911,0.8726391
2021-11-16,0.8323933,0.8985534,0.8237307,0.8373281,1.061565,0.8088865
2021-11-17,0.8985061,0.8361452,0.9070936,0.8028334,1.0341443,0.7769389
2021-11-18,0.8429718,0.9999422,0.8315393,0.8130442,1.0384269,0.8409556
2021-11-19,0.7489676,0.5737922,0.7913853,0.7302642,0.9204567,0.7032794
2021-11-20,0.8183302,0.849664,0.8340515,0.7999356,0.8655394,0.6660695
2021-11-21,0.7966458,0.7967717,0.8511693,0.7343723,0.8928883,0.7333671
2021-11-22,0.823957,0.9043257,0.8581545,0.7299808,0.9652771,0.8466902
2021-11-23,0.8524316,0.8981094,0.8448833,0.8469216,0.9884543,0.7983715
2021-11-24,0.8080262,0.7942533,0.8577151,0.7512795,0.9882886,0.7631657
2021-11-25,0.8092501,0.7448017,0.8178381,0.7272447,0.9148163,0.6591868
2021-11-26,0.7175349,0.7490406,0.740483,0.7348626,0.8430972,0.7492154
2021-11-27,0.8163862,0.774602,0.7830665,0.708782,0.8867826,0.7067575
2021-11-28,0.8803212,0.7244961,0.8461637,0.7803452,0.8606583,0.9577786
2021-11-29,0.9533355,0.8968501,0.931013,0.8869732,1.0622787,1.0000596
2021-11-30,0.927758,0.9962151,0.9488088,0.8313435,1.0328661,1.0131492
2021-12-01,0.9747398,0.9612938,0.9094839,0.8162633,1.0067045,1.0848699
2021-12-02,0.8785092,0.9293791,0.8990231,0.8186877,0.9590135,1.0067243
2021-12-03,0.8287936,0.7527344,0.8585639,0.7810251,0.9240048,0.8185629
2021-12-04,0.8642922,0.7536168,0.849729,0.7866203,0.9043769,0.7766308
2021-12-05,0.8756203,0.8688438,0.8807118,0.7187905,0.9403899,0.9402513
2021-12-06,0.8887228,0.8803149,0.9434521,0.8353395,1.0665638,0.9397292
2021-12-07,0.9481868,0.8550307,0.9024478,0.7609385,1.1393042,0.7107891
2021-12-08,0.8214512,0.914592,0.9167038,0.8150849,1.0752788,0.9254202
2021-12-09,0.9240674,0.6537091,0.9016729,0.8041398,1.0277795,0.9223423
2021-12-10,0.8389833,0.9300583,0.8897588,0.7242208,1.0302517,0.801191
2021-12-11,0.7612479,0.7787095,0.819791,0.7208605,0.8506391,0.7590357
2021-12-12,0.8578024,0.9138362,0.9233478,0.7508386,0.9412016,0.632356
2021-12-13,0.9241402,0.7997391,0.9407042,0.8047934,1.0321378,0.987327
2021-12-14,0.9314673,0.913846,0.9670146,0.8693231,1.074126,0.734421
2021-12-15,0.9596329,0.926318,0.9886969,0.8512379,1.026943,0.699731
2021-12-16,0.8863765,0.772376,0.9752125,0.7884907,1.1262749,0.5966308
2021-12-17,0.8776379,0.8707061,0.9197571,0.7806742,1.0858292,0.8542835
2021-12-18,0.9093703,0.7829402,0.9845269,0.82792,1.0622445,0.7790192
2021-12-19,0.809963,0.959732,1.0133045,0.7861674,1.1846743,0.9862268
2021-12-20,0.9436589,1.1701247,1.1055079,0.833635,1.2515047,0.8047453
2021-12-21,1.164107,1.194209,1.2176831,0.9425368,1.4492941,0.8725176
2021-12-22,1.1241318,1.1937257,1.3510429,0.8863215,1.6519695,0.9262474
2021-12-23,1.2235929,1.1771729,1.2895306,0.8818736,1.5343895,0.9796208
2021-12-24,1.0631931,1.0549038,1.1968901,0.7611443,1.5085336,0.9350783
2021-12-25,1.1291675,0.9328429,1.1274509,0.7147639,1.3712079,0.8436575
2021-12-26,1.1352385,0.9876656,1.175259,0.8040766,1.4586916,0.9920316
2021-12-27,1.3002009,1.3018898,1.3237166,1.0772779,1.7755478,1.1372006
2021-12-28,1.4126361,1.4967088,1.4762106,1.0436207,2.0490595,1.2287353
2021-12-29,1.4897104,1.4707548,1.5386172,1.0836006,2.0246774,1.1994371
2021-12-30,1.4072607,1.3036322,1.5129964,1.0815966,1.9259448,1.1595976
2021-12-31,1.3430041,1.2541357,1.3045618,1.0376889,1.7098796,1.035617
2022-01-01,1.3185783,1.2667942,1.3301573,1.0410585,1.8439593,1.0810443
2022-01-02,1.3827131,1.3559234,1.3444281,1.0413341,1.8605365,1.2615575
2022-01-03,1.531603,1.4504467,1.5899728,1.2190515,1.9932007,1.2689631
2022-01-04,1.8334045,1.5959398,1.814276,1.4131759,2.3130987,1.4840246
2022-01-05,1.7715635,1.6843942,1.7857348,1.3734313,2.1241143,1.3048244
2022-01-06,1.7403123,1.4713248,1.7032571,1.2275671,2.0953174,1.3235808
2022-01-07,1.6631204,1.4215042,1.5848046,1.2785363,1.8945676,1.2845948
2022-01-08,1.6575847,1.5892813,1.6028948,1.345246,1.8928252,1.5125777
2022-01-09,1.617793,1.6596773,1.5681831,1.325236,1.9385699,1.3672566
2022-01-10,1.7345138,1.6659618,1.6495174,1.4352694,2.0886156,1.4464012
2022-01-11,1.9710316,1.6215179,1.7549651,1.5665078,2.1709468,1.8191181
2022-01-12,1.8675429,1.7459331,1.648531,1.5147692,2.0293851,1.6690728
2022-01-13,1.7129343,1.6015869,1.5269805,1.4787689,1.8694955,1.7180906
2022-01-14,1.5831891,1.5518479,1.3932656,1.467722,1.7458088,1.5614216
2022-01-15,1.4684798,1.3641101,1.3427704,1.4289286,1.5375629,1.597984
2022-01-16,1.5367267,1.4163949,1.3076543,1.4796831,1.6799647,1.4681789
2022-01-17,1.5611428,1.4614117,1.3635973,1.6083632,1.5654724,1.8489656
2022-01-18,1.5651551,1.6391437,1.3949079,1.5805415,1.7354964,1.9856493
2022-01-19,1.4665296,1.5426162,1.3379027,1.5872305,1.6090789,1.7564281
2022-01-20,1.386407,1.4539213,1.2311559,1.4012646,1.5064765,1.5851604
2022-01-21,1.2590025,1.3232472,1.1291115,1.279345,1.3451434,1.4813121
2022-01-22,1.2172743,1.1477081,1.0553166,1.3202731,1.2420642,1.252945
2022-01-23,1.2044339,1.2073701,1.0599077,1.2739273,1.1736875,1.2446903
2022-01-24,1.2462557,1.1487481,1.1172771,1.3184683,1.2852831,1.3898058
2022-01-25,1.2671222,1.4154004,1.1074145,1.3149276,1.2869083,1.4345849
2022-01-26,1.2440134,1.3289875,1.0860666,1.208913,1.2367973,1.1875698
2022-01-27,1.1052826,1.0770935,0.9946672,1.0664716,1.2478836,1.0343062
2022-01-28,1.0758885,0.9124277,0.9473612,1.1333596,1.0885624,1.1419554
2022-01-29,1.0080707,1.0457744,0.9450232,1.0621958,0.9480881,1.2917965
2022-01-30,0.9899965,0.9644565,0.8928713,0.9996274,1.0997723,0.9467035
2022-01-31,0.942908,1.1012589,0.8876631,1.0669754,1.0558791,0.8795501
2022-02-01,1.0187954,1.0772866,0.8589217,0.9841285,1.1275557,1.0069084
2022-02-02,0.9096344,0.9802051,0.8896799,0.9413587,1.0214242,0.9693981
2022-02-03,0.8491234,0.7947471,0.8348328,0.9280562,0.9725163,0.845687
2022-02-04,0.8371524,0.8191351,0.8111983,0.8381762,0.9243688,0.8284657
2022-02-05,0.8247984,0.8406798,0.8062222,0.8170068,0.8617843,0.9233696
2022-02-06,0.8111958,0.9663427,0.7795127,0.8905474,0.8800688,0.8576549
2022-02-07,0.8772449,0.9181885,0.8103421,0.8344806,0.9231049,0.7241243
2022-02-08,0.8683932,0.8639248,0.800388,0.852333,0.9586761,1.0789654
2022-02-09,0.8828721,0.9488744,0.7916896,0.838094,0.8952946,0.762142
2022-02-10,0.7999118,0.850249,0.7492826,0.7791849,0.7955229,0.7672642
2022-02-11,0.8062074,0.7122633,0.7197391,0.724529,0.808406,0.9279644
2022-02-12,0.9545744,0.9893848,0.8601859,0.8709729,0.9594674,0.8482403
2022-02-13,0.7544869,0.776379,0.7631075,0.7237806,0.8232942,0.4630233
2022-02-14,0.8022303,0.7783724,0.7430594,0.7499199,0.8811318,0.8177704
2022-02-15,0.7945266,0.7712413,0.7781875,0.8250408,0.7887036,0.8795708
2022-02-16,0.836579,0.8739535,0.774323,0.8169144,0.8830638,0.7517641
2022-02-17,0.7509348,0.7309563,0.7538261,0.7502089,0.8981904,0.7646353
2022-02-18,0.707298,0.7851054,0.7342735,0.7353349,0.8542442,0.7224933
2022-02-19,0.6368862,0.8087288,0.7331381,0.6784934,0.8392086,0.7341847
2022-02-20,0.8350981,0.7190347,0.7366273,0.6584272,0.7577523,0.8926753
2022-02-21,0.8230721,0.7170966,0.7519469,0.7688855,0.8489606,0.7816752
2022-02-22,0.7983318,0.8229525,0.7981524,0.7489035,0.8710301,0.9198094
2022-02-23,0.7802265,0.7760596,0.7650133,0.7009984,0.8769593,0.8025082
2022-02-24,0.6968208,0.7228003,0.7070282,0.6586545,0.8288531,0.6990204
2022-02-25,0.6288005,0.6647429,0.6940923,0.6011141,0.820672,0.6322428
2022-02-26,0.7179159,0.6139169,0.7101094,0.6420141,0.7609874,0.6592149
2022-02-27,0.7150715,0.6785135,0.7017676,0.678029,0.8187042,0.679052
2022-02-28,0.7493952,0.6204553,0.728215,0.7245735,0.7909092,0.5927456
2022-03-01,0.75033,0.7050277,0.7420967,0.7941985,0.8358048,0.7718533
2022-03-02,0.7737522,0.5408912,0.7316164,0.7442316,0.798267,0.7047454
2022-03-03,0.6957141,0.6349735,0.7282139,0.6837272,0.7304888,0.6894234
2022-03-04,0.6941758,0.6456901,0.6947034,0.6502444,0.7391518,0.6324836
2022-03-05,0.6604196,0.5979877,0.6768514,0.65585,0.7749331,0.5579475
2022-03-06,0.6462764,0.656273,0.7090594,0.6673423,0.7509169,0.7779078
2022-03-07,0.7708737,0.7815045,0.7645489,0.7244021,0.8664601,0.7064264
2022-03-08,0.7753476,0.7340569,0.7330962,0.7501443,0.8034124,0.6544739
2022-03-09,0.7609784,0.6317525,0.7563607,0.673311,0.8707046,0.7431259
2022-03-10,0.7221633,0.6693388,0.7476145,0.6775804,0.832926,0.5902287
2022-03-11,0.7252852,0.6495532,0.7380761,0.7017545,0.8104511,0.6989169
2022-03-12,0.7865217,0.5936926,0.7809376,0.6452203,0.892331,0.7133738
2022-03-13,0.764704,0.7223181,0.7453741,0.6569766,0.7877642,0.6395468
2022-03-14,0.749823,0.7626145,0.7548154,0.744189,0.7955596,0.8775486
2022-03-15,0.7718647,0.7457644,0.755923,0.7487742,0.839031,0.7059883
2022-03-16,0.755924,0.7043246,0.7554297,0.6583035,0.8172036,0.5459382
2022-03-17,0.7417432,0.7253312,0.735665,0.6315331,0.8846169,0.6322296
2022-03-18,0.7279766,0.7587936,0.7202357,0.6769928,0.8170388,0.5421649
2022-03-19,0.7005743,0.7255613,0.7085444,0.7255563,0.8759977,0.67576
2022-03-20,0.8182715,0.7644141,0.7550429,0.6718565,0.8471864,0.7496128
2022-03-21,0.8355507,0.7601543,0.8002217,0.8394198,0.8675672,0.7250744
2022-03-22,0.8192984,0.7578653,0.7892382,0.8583523,0.9565722,0.7150399
2022-03-23,0.8338139,0.7551138,0.8083964,0.8142788,0.9764237,0.6864372
2022-03-24,0.7719358,0.6847945,0.7641314,0.726217,0.8663146,0.6669712
2022-03-25,0.7736707,0.7053287,0.7704288,0.7054468,0.9022005,0.8148981
2022-03-26,0.7519612,0.6613909,0.7789773,0.6443503,0.9286207,0.6919702
2022-03-27,0.8297035,0.7543938,0.7714449,0.679927,0.9344522,0.8528219
2022-03-28,0.8827084,0.8249122,0.8469994,0.7479262,0.9685521,0.6752554
2022-03-29,0.9310508,0.7558229,0.9054286,0.7547877,1.0566694,0.6750569
2022-03-30,0.8329838,0.7332956,0.8480248,0.7186905,0.9085602,0.7360687
2022-03-31,0.8459256,0.8721834,0.8334653,0.7073466,0.8779263,0.6627779
2022-04-01,0.8419792,0.6607129,0.8318531,0.6444462,0.8373136,0.6009609
2022-04-02,0.7508451,0.6487971,0.8162364,0.5983227,0.8847141,0.661887
2022-04-03,0.9036841,0.7623968,0.8930807,0.7054921,1.0105804,0.7617449
2022-04-04,0.9352998,0.8364407,0.9030977,0.5910673,0.9226146,0.7007702
2022-04-05,0.8463202,0.8397278,0.905868,0.7410399,0.942543,0.89594
2022-04-06,0.9017851,0.9082495,0.9298434,0.6645859,0.9152647,0.7424897
2022-04-07,0.8997716,0.8684471,0.9453736,0.666119,1.0321077,0.9403173
2022-04-08,0.8641248,0.7921714,0.8544154,0.6478864,0.8954041,0.7999455
2022-04-09,0.8265433,0.6322706,0.8970461,0.608354,0.8118285,0.774153
2022-04-10,0.833113,0.7626511,0.8980393,0.7220728,0.8949163,0.7042122
2022-04-11,0.8297421,0.7360419,0.9121119,0.7221112,1.0626835,0.6175035
2022-04-12,1.0255414,0.9536261,0.9757462,0.771657,0.9593082,0.8827579
2022-04-13,0.9303622,0.8014416,0.9756757,0.7243848,0.9847859,0.8208917
2022-04-14,0.938964,0.7988368,0.9711969,0.6995427,1.0705979,0.7949006
2022-04-15,0.8854616,0.8765334,0.9100595,0.6873038,0.9573468,0.7174685
2022-04-16,0.9494697,0.7919735,0.885835,0.6963103,0.9863484,0.7736793
2022-04-17,0.8397746,0.9417024,0.9335251,0.655577,1.0078564,0.8389456
2022-04-18,1.0223335,0.784382,0.9772834,0.7151043,0.9593796,0.9308506
2022-04-19,1.0211,0.9345528,0.9969761,0.8372976,1.0626762,0.8800002
2022-04-20,1.1200965,1.0502329,1.0249532,0.8425483,1.182431,0.8873787
2022-04-21,1.0928624,0.9733943,1.0010891,0.8758382,1.1335035,0.7761392
2022-04-22,0.9580278,0.8211458,0.9850999,0.800661,1.1158626,0.7117496
2022-04-23,1.028657,1.0344042,0.9985624,0.7583237,1.0770307,0.8427402
2022-04-24,1.1160781,0.939676,1.0372803,0.8275573,1.0516109,0.892252
2022-04-25,1.1442152,1.0491691,1.074382,0.9712074,1.138312,0.8807899
2022-04-26,1.1530615,1.0122676,1.0703241,0.8778857,1.1860694,1.0213168
2022-04-27,1.0936578,0.9570507,1.0776945,0.803402,1.2694898,0.9145435
2022-04-28,1.0656373,1.0429239,1.0345827,0.8340064,1.2098614,0.9062611
2022-04-29,1.0777437,1.0273029,1.0195568,0.7994728,1.1780525,0.8442999
2022-04-30,1.1222325,0.893311,1.0098639,0.8116953,1.1446131,0.7942525
2022-05-01,1.0974202,0.8950598,1.0497448,0.7948121,1.139578,0.9534215
2022-05-02,1.1314226,1.1278628,1.1116649,0.8441154,1.244098,0.9367755
2022-05-03,1.0924864,1.012448,1.0863589,0.8888745,1.1790667,1.1917051
2022-05-04,1.1624687,1.0106456,1.0760651,0.901288,1.2593413,1.1224096
2022-05-05,1.106627,1.035997,1.0823768,0.8299173,1.149829,1.0263807
2022-05-06,1.1174859,1.0118081,1.0729104,0.9691221,1.2808001,1.183781
2022-05-07,1.1195123,0.947781,1.0919658,0.8161938,1.1831845,0.90075
2022-05-08,1.1174928,1.0017752,1.0720638,0.8197545,1.1302467,0.9070485
2022-05-09,1.2100353,1.2142267,1.1344969,0.8938663,1.2172895,0.9654594
2022-05-10,1.1740187,1.164112,1.2007515,0.8321758,1.4056537,0.9690168
2022-05-11,1.2188574,1.2103242,1.1805402,0.8628102,1.375147,1.0316997
2022-05-12,1.1874545,1.1624645,1.1100604,0.9163854,1.3570598,1.0404105
2022-05-13,1.0810465,1.0707394,1.1191953,0.8176496,1.2851857,1.0283744
2022-05-14,1.0393236,1.0970711,1.1135374,0.8691802,1.2182328,1.0226212
2022-05-15,1.1831939,1.1737549,1.1075615,0.8715427,1.2795726,1.011799
2022-05-16,1.2585928,1.1782704,1.2256845,0.9199799,1.4213017,0.998619
2022-05-17,1.1016249,1.1422953,1.2108664,0.9306506,1.326379,1.1913343
2022-05-18,1.1876223,1.1304815,1.1929992,0.93814,1.3781335,1.1938485
2022-05-19,1.2306298,1.0543902,1.1400514,0.8435112,1.3290638,1.0466142
2022-05-20,1.1474086,1.1687623,1.1070139,0.8408296,1.3314628,1.0490572
2022-05-21,1.1825927,1.1456808,1.1411098,0.8719396,1.2283525,1.0905234
2022-05-22,1.195792,1.1808177,1.2391529,0.8458238,1.3201531,1.0777658
2022-05-23,1.2592615,1.2867183,1.2598114,0.9408546,1.4139665,1.2305009
2022-05-24,1.0696613,1.131799,1.206202,0.9248924,1.312039,1.2622995
2022-05-25,1.1553836,1.0854411,1.1704681,0.9734201,1.3737155,1.274552
2022-05-26,1.0841945,1.0885192,1.136652,0.9505694,1.3443477,1.1679402
2022-05-27,1.0310865,1.0168659,1.0304321,0.8241333,1.1492948,0.9213147
2022-05-28,1.0589973,1.0569291,1.0790193,0.7806352,1.2522993,1.0316775
2022-05-29,1.0301944,0.9790545,1.0471653,0.8517898,1.1388373,1.0050566
2022-05-30,1.0246079,0.8936908,1.059053,0.8877332,1.0675302,0.976358
2022-05-31,1.1368218,1.127933,1.1670754,0.9558474,1.2940095,1.2242955
2022-06-01,1.1680558,1.1213496,1.1670999,0.8060792,1.3609168,1.0678327
2022-06-02,1.1043421,1.0565549,1.1698778,0.8765328,1.3436249,0.9435389
2022-06-03,1.0187694,0.9015151,1.0288788,0.7458934,1.2423957,1.0348731
2022-06-04,1.0752386,0.984846,1.0781345,0.7988896,1.1831627,1.0204138
2022-06-05,0.9922341,1.0542249,1.0267432,0.7247854,1.2135963,1.0913554
2022-06-06,1.0645816,0.967751,1.0670775,0.8552571,1.1449053,0.9424677
2022-06-07,1.1109042,0.9659891,1.1332731,0.825421,1.3046583,0.8727245
2022-06-08,1.0825444,1.0144225,1.0974458,0.9143923,1.1819323,0.9972267
2022-06-09,0.9460074,0.9560518,1.0202687,0.8014011,1.0857234,0.9846723
2022-06-10,0.9233324,1.1098169,1.0396443,0.7830588,1.1965437,1.017109
2022-06-11,1.0127751,1.0150355,1.032364,0.7643381,1.1261429,0.9620532
2022-06-12,1.1183285,0.9880582,1.0497009,0.8403079,1.0815546,0.8632756
2022-06-13,1.1209165,0.8780765,1.0469262,0.8013886,1.1440947,0.934948
2022-06-14,1.0614924,1.1060212,1.0963631,0.8272053,1.1666199,0.8849415
2022-06-15,1.1208257,1.1868183,1.1448738,0.863636,1.1817712,1.1655884
2022-06-16,1.0293883,1.1467512,1.0782963,0.9401018,1.1866704,1.2003788
2022-06-17,1.0047346,1.116666,1.0549139,0.8354267,1.1374867,0.9218061
2022-06-18,1.0744341,0.9666839,1.1123824,0.8048751,1.1427478,0.9333955
2022-06-19,1.0735823,1.0371679,1.0748267,0.7901976,1.2080893,1.0070109
2022-06-20,1.0629135,1.2189463,1.1442794,0.8996502,1.272579,1.123577
2022-06-21,1.2234194,1.3045544,1.2670016,0.8922001,1.3490673,1.1987422
2022-06-22,1.1956627,1.0658008,1.2099862,0.917252,1.3537939,1.3600029
2022-06-23,1.183432,1.0802091,1.1278931,0.8854871,1.1995405,1.1413724
2022-06-24,1.0872541,1.060674,1.0570625,0.8060596,1.2460686,1.1621182
2022-06-25,1.201315,1.3050871,1.2215241,0.8227796,1.4278464,1.1137172
2022-06-26,1.2639962,1.3072722,1.3489872,0.8968512,1.6069229,1.0992682
2022-06-27,1.4487187,1.2843654,1.4486609,0.9678507,1.6518031,1.2585923
2022-06-28,1.1574924,1.2203926,1.1976032,0.9419933,1.4133435,1.2107891
2022-06-29,1.1424357,1.1857849,1.1836676,0.9196822,1.3653136,1.1245966
2022-06-30,1.0550152,1.1696206,1.1004529,0.878875,1.1677453,1.0990223
2022-07-01,1.0442083,1.069392,1.0628923,0.8208356,1.0551713,0.8747228
2022-07-02,1.0447696,0.9326726,1.0619844,0.792361,1.1054658,1.1567906
2022-07-03,0.9866123,0.9638099,0.997341,0.9167999,1.1357776,1.0770112
2022-07-04,0.9992862,0.9629824,1.0285286,0.7347045,1.0346203,0.7831559
2022-07-05,1.1181746,0.9476792,1.1079181,0.752442,1.2161174,0.8964246
2022-07-06,1.098679,1.1369565,1.1696795,0.9142245,1.2206557,1.1058394
2022-07-07,1.1243391,0.938376,1.1460857,0.8043481,1.2276927,1.0743438
2022-07-08,1.0838073,1.0115535,1.0992615,0.7831796,1.0569882,0.9580542
2022-07-09,1.0014892,0.9619799,1.0623722,0.7794259,1.1285615,0.8888409
2022-07-10,1.0989557,1.0392472,1.0576695,0.8068733,1.0528385,1.1817156
2022-07-11,1.0785238,0.9983134,1.1162256,0.8148136,1.2992068,1.2378638
2022-07-12,1.1004548,1.1004195,1.1192626,0.9849423,1.2798666,1.2128816
2022-07-13,1.0033111,0.9986047,1.0564718,0.83371,1.2123178,1.1863644
2022-07-14,1.030304,0.8752298,1.0067339,0.830486,1.0903827,1.1445199
2022-07-15,1.0412864,1.0223525,1.0666661,0.8194239,1.1159346,1.0319371
2022-07-16,0.9761995,0.9212913,1.0432331,0.8888072,1.0388819,1.0898534
2022-07-17,1.0454236,0.8594958,1.0371776,0.8559454,1.0631346,0.7387278
2022-07-18,1.0302762,1.0300617,1.1209796,0.850527,1.1825064,1.0481058
2022-07-19,1.2434702,1.3011807,1.3173609,1.0392622,1.3502951,1.2654069
2022-07-20,1.1496236,1.0756702,1.1603253,0.938814,1.175371,1.1257753
2022-07-21,1.0092967,0.9436328,1.030617,0.8524717,1.1070193,1.0281936
2022-07-22,0.9139798,0.9121273,0.9807898,0.7582333,1.0411825,1.0186809
2022-07-23,0.9572906,0.9672143,1.0595966,0.8956543,1.0164669,1.1263902
2022-07-24,0.9596606,0.9480153,1.078076,0.8044631,1.1042189,0.9679172
2022-07-25,1.0956726,1.0953357,1.1691312,0.9081054,1.3186295,1.2186327
2022-07-26,1.281701,1.2063599,1.3748491,0.9687059,1.4642565,1.341313
2022-07-27,1.2726589,1.1925022,1.3110973,0.9585095,1.4341959,1.3710513
2022-07-28,1.1390103,1.2576316,1.2993505,1.084979,1.4776235,1.4247243
2022-07-29,1.1846528,1.2698636,1.2149339,0.977898,1.4224616,1.4375249
2022-07-30,1.2029058,1.3309582,1.3843909,0.9688209,1.481103,1.5007789
2022-07-31,1.1725858,1.163055,1.3409345,1.0615346,1.46861,1.3605975
2022-08-01,1.1143064,1.1151758,1.190109,1.1076973,1.1769429,1.2689746
