time_value,325,326,327,328,329,330,331,332,334,335
2020-09-08,0.0,0.0,6.3291662,5.0329231,14.239942,6.1180811,0.0,0.0,8.1732827,0.0
2020-09-09,5.2227511,7.7998295,6.771395,6.8082478,8.314422,6.0769839,0.0,7.645566,7.130695,5.1361986
2020-09-10,5.0183122,6.1723956,5.9872173,7.029115,7.3168439,7.2655208,9.8829914,9.8198178,7.6785002,7.6168963
2020-09-11,4.6173812,5.0533126,5.9357388,7.5622055,6.4551576,7.2846868,11.0455846,8.6738324,9.6912094,6.6587594
2020-09-12,4.5848841,4.9790783,6.1996427,6.8650656,6.666518,7.8204922,9.6074222,10.0468663,9.9944405,5.8578183
2020-09-13,4.5252224,4.5876858,6.4710026,7.546762,6.5994746,7.2146335,8.2687183,9.7835842,9.2376475,6.67995
2020-09-14,4.3699245,4.9752752,7.4321801,7.5285986,6.1453073,6.7772272,7.4098745,9.0406459,9.1721573,6.1538426
2020-09-15,4.240883,3.8991801,7.4098473,7.562883,5.1335771,7.893433,7.1516445,8.2755422,8.7597178,5.6476789
2020-09-16,4.212578,5.1563942,8.5406373,7.1368492,5.5042825,8.4069154,6.3405228,8.3534341,8.63916,6.2594652
2020-09-17,4.7176997,5.6627071,9.2787136,7.5437703,5.9909641,8.6854153,5.9564453,6.9747518,8.6830594,5.01905
2020-09-18,4.5622291,5.8626619,9.3351054,7.1840471,6.2771275,8.1677674,4.3156353,7.731305,7.1739199,5.0948391
2020-09-19,4.7020856,5.909018,9.1455261,7.8949257,6.4971526,7.4923399,6.0992716,5.9841899,7.1005723,5.1939364
2020-09-20,5.0142244,6.1294621,9.0571055,7.0692434,6.8300026,7.6129222,7.174794,5.5974445,7.472559,4.8224437
2020-09-21,5.8232656,5.6322715,8.0118526,7.6112038,7.2716859,8.7935557,8.1415631,5.750411,7.5990739,4.8003814
2020-09-22,6.5054973,5.1461406,7.819532,8.0151183,8.216039,8.043091,7.4616095,7.0029533,7.6173397,5.0878018
2020-09-23,6.8009672,3.9015455,6.0175925,8.0506915,8.2576414,7.2579535,7.3930812,6.7173489,8.0521928,4.6272137
2020-09-24,6.478728,3.4669681,6.5084867,7.2360502,7.825163,6.9090146,8.0883503,6.1252938,7.5214119,5.39573
2020-09-25,8.1238194,3.6986582,6.4711547,7.1744085,7.3813543,7.3594357,8.9333554,5.2808242,7.6833127,6.1830241
2020-09-26,8.2779272,4.5356355,7.0302459,6.6050734,6.9199803,7.9586587,7.2683743,5.7438184,7.3258199,6.4278651
2020-09-27,7.8126172,4.2298924,7.6036802,6.8068157,6.7038377,8.1688052,7.0794391,5.6908932,7.1312263,7.1434693
2020-09-28,7.1785562,3.9013053,7.7032644,5.9809346,6.8615609,7.6524346,6.2141962,6.9297928,6.7842049,8.5116553
2020-09-29,6.3890238,4.6503711,8.3137129,5.3102637,6.7732673,8.1042713,6.6288585,7.18007,7.2254627,8.713467
2020-09-30,5.4426408,4.5786132,8.8364741,5.6904582,6.6041739,8.3432989,7.5597151,8.1756886,7.7863052,8.0882094
2020-10-01,5.8247818,4.5502398,7.7565148,5.9445634,7.6290529,7.6043571,6.8830833,10.2580247,8.831616,7.5465611
2020-10-02,4.349297,4.799859,7.8177082,5.5448062,8.4664502,7.4733112,6.3907653,11.1214252,9.8161327,7.6936461
2020-10-03,4.5980702,4.7234482,7.0864723,6.0831388,9.1891157,7.3508514,8.1970413,11.5388731,9.5085806,7.2577958
2020-10-04,4.6162399,5.6913092,6.9300188,5.9035974,9.5710187,6.8595035,7.4775735,11.1072124,9.8195996,6.3683707
2020-10-05,4.2373017,7.3267213,7.3838275,6.3345035,10.1690785,7.2974588,8.2283174,9.8567244,9.8225345,5.6995991
2020-10-06,5.1941693,7.5984672,7.590877,6.6155461,10.2605821,6.8652196,7.914534,9.635289,9.8873072,5.6674303
2020-10-07,5.4620368,7.5965479,7.4162674,6.3115293,10.9156988,7.0712613,7.4076508,8.796043,9.3236933,6.4960879
2020-10-08,4.9515939,8.1527454,7.8764653,6.3876909,10.1064063,7.5456654,8.7420031,7.5896562,9.3570373,6.6507859
2020-10-09,4.938025,7.6722575,7.9851858,6.9887609,9.9743157,7.5325172,9.62686,7.3660784,9.6632404,5.6588461
2020-10-10,5.2651892,8.4221458,8.3690544,6.965827,9.2313404,7.5411552,8.1580121,6.9519654,9.8794815,6.1449279
2020-10-11,5.8366916,7.5219422,7.9371459,7.3585225,10.0053116,8.6948278,8.6746431,7.6105392,9.7551707,6.2379305
2020-10-12,7.610911,6.1979493,8.8613254,7.4288277,9.3884489,8.3998064,8.9155712,8.3867931,9.7042889,6.2329882
2020-10-13,7.027664,6.2641354,9.0332965,7.2820523,9.7688706,8.0852507,8.2147256,7.9767465,10.2037385,6.5673299
2020-10-14,7.2289195,5.9906165,9.3985118,7.3858451,9.5223232,7.9949715,7.9173208,7.7113186,10.524752,6.2952424
2020-10-15,6.9506016,5.9985363,9.6013118,7.83595,9.1071849,8.9106876,8.1971926,9.2017352,9.4352136,7.051973
2020-10-16,7.7580414,6.4573332,10.59692,8.1024413,9.6310531,9.9477359,7.4623579,9.0869235,8.4324883,7.676523
2020-10-17,8.111941,4.7553339,10.1447032,7.7285066,10.1097473,10.8322645,7.1054569,8.8792506,7.8234532,8.4973322
2020-10-18,7.5411193,5.3468716,10.623189,7.4399217,9.1337264,10.9464919,7.388387,8.583289,8.288125,8.6006485
2020-10-19,6.7127677,6.6529222,9.5139835,7.5088717,9.4610122,10.3740733,7.3712664,7.5667763,8.5649701,8.6008737
2020-10-20,6.8830078,6.2083449,9.5393049,7.4631046,9.2808113,10.8774249,7.5656032,9.7430013,8.2323458,9.1567189
2020-10-21,7.2585941,7.2346801,10.2043134,7.8623138,9.8585118,11.4052184,8.6193092,9.7567799,7.7813672,10.9481545
2020-10-22,7.8173441,7.1029065,10.6239527,7.5069788,10.6507282,11.2129987,7.1291955,9.4276981,8.5418623,11.5485631
2020-10-23,8.2812914,6.7157262,10.174231,7.5923527,10.2385778,10.2914889,6.847886,10.6465737,8.8648803,11.4449356
2020-10-24,7.6943445,7.0957117,10.7637095,8.0846349,9.9233061,9.1416211,8.4283776,12.6388709,9.7659442,10.9605027
2020-10-25,8.2080066,8.5923137,11.2107511,8.0245339,9.9956761,9.3126018,9.5750383,13.7105611,9.7752849,10.7137228
2020-10-26,8.905276,8.5745305,11.43978,8.1279784,9.6764757,10.1714692,10.4772091,14.9150115,10.3656724,10.383703
2020-10-27,8.9939199,9.4296023,10.9991119,10.0643826,10.0309842,9.3982214,9.3252826,13.1756361,9.2471781,9.8583005
2020-10-28,12.1601722,8.8057191,11.207188,10.0100284,9.8663364,8.9998624,8.4383431,11.9059932,10.1767539,7.3592919
2020-10-29,12.0498545,9.744642,11.3970916,10.0275567,9.7329352,8.5742271,9.7159161,11.4403302,10.5332331,5.9632523
2020-10-30,10.48094,10.400629,11.3321806,10.5448223,9.9882479,8.9573656,12.1240705,11.7022531,10.2998444,4.7671905
2020-10-31,9.9853158,11.2252497,11.8492761,10.5627558,10.5486604,10.0553186,10.4840998,11.0505349,9.8693998,4.3557924
2020-11-01,9.8493366,10.0665539,12.0881255,11.3189708,11.1374849,9.7636541,8.7226882,10.8304898,9.1148291,4.198269
2020-11-02,8.6122384,11.2717335,12.6735189,11.6484287,11.503895,9.0907557,7.3546621,11.1150554,8.3054187,4.0873108
2020-11-03,9.3258769,9.8922868,13.5507036,9.3241802,11.231099,9.9906214,9.5813354,11.6662606,8.7350688,3.6175021
2020-11-04,5.6538069,9.4492874,14.8704086,9.8733499,11.4003506,10.0384424,10.4025332,14.3129109,8.1049529,4.409701
2020-11-05,5.8821988,7.8125484,13.9258339,11.4887952,11.1746979,10.0631528,10.1869923,14.6647872,8.6946701,6.1223833
2020-11-06,6.2483371,8.8101855,14.0844277,11.3647915,11.4971455,10.3223328,9.2636688,14.1132366,8.8360995,7.213501
2020-11-07,6.467854,8.0169388,12.8459603,11.2533044,11.5405254,10.7456689,10.9060765,17.9195629,10.1601072,8.5156769
2020-11-08,6.6904435,7.9239281,12.1761679,9.99844,11.1586743,11.7005721,13.132973,16.0813504,10.4740474,8.096714
2020-11-09,7.3591349,5.8776922,12.2485267,10.2763137,11.6730282,12.4390444,15.4510197,15.4189586,10.5205968,9.1931655
2020-11-10,6.8009605,6.7973062,11.7160873,11.4367296,11.5337528,13.33029,14.9014773,15.923456,11.0725696,10.4053522
2020-11-11,6.951793,7.7940794,9.8613517,11.3731715,11.0244554,14.5831041,13.8698098,14.6016709,11.3043279,10.5785567
2020-11-12,8.1728234,8.4920032,9.900555,10.1270445,12.1205836,15.1889341,14.9842935,14.5914023,11.0065773,9.6515794
2020-11-13,9.2125934,7.1324262,9.9845842,9.694844,11.763234,15.3206897,15.1313863,15.0916797,11.7282345,9.3789157
2020-11-14,9.9860961,7.1102715,10.9492968,10.2843468,12.3318232,15.2409888,13.3653383,11.2124399,11.0635542,9.0877803
2020-11-15,11.0854984,7.74988,11.6697808,11.5548146,13.1702013,14.5992232,11.72072,12.3439286,11.4349705,10.7870488
2020-11-16,12.0178862,8.5734038,11.6556462,11.393351,12.3772865,14.1427647,12.7490187,11.5988935,11.6781588,11.4205105
2020-11-17,11.8710841,9.283921,11.4838457,11.9433,12.8132968,13.461407,12.6635269,10.3355978,12.4021831,11.3658001
2020-11-18,12.68414,9.054411,12.0645519,11.870823,13.0562702,13.5757702,13.734138,10.9748565,11.8675475,11.8805259
2020-11-19,12.6393504,9.0313142,12.6016332,11.6648102,12.8045269,13.1387507,13.4861619,11.1465366,12.7318692,12.4801023
2020-11-20,12.9271293,9.1195929,12.2066909,12.0064266,13.5978997,13.1609512,13.5217619,10.6393676,12.5350697,13.568852
2020-11-21,13.0031991,9.315188,12.8355209,11.2935627,12.9285443,12.5966775,14.0973967,10.5640513,13.2749975,14.6146607
2020-11-22,13.0480667,9.5698433,13.1150978,11.3412805,12.2521509,12.6922968,15.069482,10.5758581,13.7360795,13.9273286
2020-11-23,11.7784974,10.2695531,13.1803091,11.4174913,13.104822,13.114858,13.3147781,10.6792644,14.6622061,14.4984493
2020-11-24,12.1548705,9.4792494,13.7578892,11.3082777,12.6651491,12.9185465,13.861936,11.2179094,14.1109329,14.7375667
2020-11-25,11.4209481,10.3234827,14.0627542,11.5619353,12.6988011,12.717169,13.7504493,10.6938187,14.5783882,14.0819141
2020-11-26,11.9704254,11.414652,14.5151499,11.5718129,12.5084085,12.7255016,13.2833838,10.6138105,13.6972855,14.9287074
2020-11-27,11.6123904,12.5190375,15.4895163,11.8625465,12.8553181,11.9435221,12.5550505,11.2633272,13.7401423,15.2865731
2020-11-28,11.1833583,13.7106226,15.3771659,12.0018453,12.9901629,11.9789076,12.4609151,11.7513788,12.7192462,14.6009379
2020-11-29,10.3579154,12.6212004,14.8601562,11.9337537,13.0090982,11.4191995,11.4655439,12.5982182,12.4609742,15.1251044
2020-11-30,11.1635844,12.4984972,14.1754244,12.0996477,13.1680052,11.6330096,9.592731,13.0999523,11.901003,14.9489237
2020-12-01,10.7322448,13.4064433,13.7117363,12.0243854,13.3394447,11.5954339,9.5790946,13.4538557,11.7908477,15.2511514
2020-12-02,10.5227866,13.4595976,12.8257135,11.6665259,13.7969817,10.8604169,10.5616802,14.8169223,12.2704221,15.6436552
2020-12-03,9.1338481,13.0405454,12.5130911,12.3635439,13.3978955,11.0695938,10.2228459,14.6465259,12.1318735,13.8106238
2020-12-04,8.5075052,12.5680634,12.3648441,11.4053074,12.5841883,11.6534024,10.5513188,13.7842735,11.9859008,13.2030629
2020-12-05,8.6130453,10.8264307,12.2997487,11.3693353,13.119699,12.2202962,11.6034074,15.7699304,12.3450416,14.0716491
2020-12-06,8.4401419,11.3052828,12.5887864,11.4954896,13.6530724,12.343642,12.6325603,14.5837094,12.5564623,13.7924474
2020-12-07,7.9675298,10.6879138,13.0985324,11.016252,12.7808219,11.7216429,13.4711371,14.7408495,12.6641147,13.6311771
2020-12-08,7.7047127,9.8393517,13.6736373,11.010916,12.8371023,12.3845076,13.7686952,14.3556074,12.5374988,12.7878867
2020-12-09,8.4048688,8.8395293,14.1859966,10.6956213,12.4332859,13.4529572,13.5659433,12.3953773,12.5616575,12.6342537
2020-12-10,8.0959065,8.5907314,13.975674,10.364724,13.2756985,13.5642315,12.3696466,12.1781016,12.4255225,13.4874182
2020-12-11,8.8425574,8.2703546,13.7970478,10.8460628,13.2010079,12.9371435,13.2425487,12.2260179,12.5023885,12.9451494
2020-12-12,8.8746649,8.6862794,14.1213709,11.5318855,12.5982177,12.0678325,13.3887185,11.3520967,12.6709281,11.5863306
2020-12-13,9.5278042,9.2639114,13.1172461,11.0334037,12.3348005,12.3555278,12.3297541,12.4723709,12.3060332,10.7329138
2020-12-14,9.9946919,9.3080103,12.4811844,11.430137,13.3181044,13.0544629,13.2022385,12.5858299,12.3567561,9.992699
2020-12-15,10.3682878,9.4501512,12.8387734,10.8749011,13.5126489,12.2899273,14.286147,13.3876516,12.1923078,10.4816418
2020-12-16,10.5090386,9.6761928,12.8777043,11.8741226,13.3317176,11.1111697,15.7519403,15.0903917,11.6119182,11.1963759
2020-12-17,11.4216387,11.4091784,12.4969029,11.7772031,13.1385278,11.6312671,17.4726484,14.8814296,11.7265151,11.1435317
2020-12-18,10.6983826,11.637544,12.3072562,12.2130479,13.0002007,12.7250318,17.7209587,15.8653854,11.4848024,12.5523376
2020-12-19,10.0841545,11.4925127,12.4424994,11.8071899,12.924172,13.7748533,16.8196983,16.001498,11.394852,13.5847551
2020-12-20,10.6762541,11.0456817,12.8826709,12.090998,12.7943875,13.4453342,17.2956704,15.6802579,10.9839158,13.9063749
2020-12-21,11.1405169,10.948118,13.7941976,11.3642076,12.5434181,12.7916102,16.4291643,15.4294702,12.3366578,14.2004929
2020-12-22,11.4980495,11.3932785,13.1188965,11.9081147,12.338463,13.1270596,14.8553234,15.0534839,12.9326881,13.6802444
2020-12-23,11.1292554,11.4745242,13.3987548,11.7364618,12.6064287,14.163393,12.691698,13.2476617,13.4273623,12.9097442
2020-12-24,10.5343661,10.2322851,13.7632992,11.5946169,12.4014418,13.8692236,11.2361249,14.0902206,13.3315869,13.4000626
2020-12-25,10.382809,9.7309051,13.9857457,11.8143105,12.3793982,14.2991661,11.3551062,13.8821713,13.6231243,12.1655061
2020-12-26,10.9147634,9.989487,13.6242396,12.0304996,12.6064296,13.5856993,11.4806918,13.0471491,14.3207664,11.2542784
2020-12-27,9.6411502,11.0711838,13.8206032,11.5845584,12.3316258,13.1542135,12.0516344,12.5408145,14.9036329,12.1223398
2020-12-28,9.4379166,10.8983636,13.1344808,11.6721293,11.2007328,13.9204346,11.413208,11.9679585,13.0928072,12.2105096
2020-12-29,9.3320623,9.8523313,12.3959905,11.1614521,11.002561,14.1996858,10.4884242,12.1339808,12.5791683,12.4739079
2020-12-30,9.7348968,9.5097177,11.5904562,10.2147363,10.5028187,12.954416,10.0530162,13.1796905,12.1580618,12.5211774
2020-12-31,9.6308845,9.2911844,11.7598782,10.7474242,10.2674522,12.3656945,10.0119695,13.7022759,12.2581404,12.1134812
2021-01-01,10.4697862,9.6250911,11.1988681,9.9679041,10.3406019,11.2611783,10.3327787,12.1989446,12.3627823,12.4668584
2021-01-02,9.5176398,9.2542682,10.8269574,9.259074,10.0227416,11.0552959,10.0719271,11.7795669,12.189669,12.1695401
2021-01-03,9.471807,7.9038035,11.2172618,10.5361614,9.8628767,10.5728251,8.8334447,12.7635742,12.1215677,11.0949602
2021-01-04,8.555895,7.8123452,10.7921876,10.6208985,10.5681733,9.5752796,10.4512734,12.8510146,12.4325146,10.6424268
2021-01-05,8.0377039,8.5556523,11.3930184,10.3995624,10.4819471,8.7328465,11.1567426,12.142215,12.4296077,10.0484956
2021-01-06,7.8905239,8.2665343,11.7676771,10.9451064,11.381629,9.1340001,10.4673578,11.944281,12.7103666,9.0781816
2021-01-07,7.5260212,6.9258358,11.4686021,10.3220464,10.5977138,8.9611599,10.4657234,10.5648701,12.7239526,9.3564008
2021-01-08,7.2800014,7.3054547,11.4984819,9.899437,10.2818226,9.3909041,9.4931461,11.4948521,12.1224119,9.2660157
2021-01-09,8.0622669,7.4915031,11.4040887,10.7689487,10.6822284,9.4487862,9.8028849,12.2099258,11.2229014,9.3465899
2021-01-10,8.0438749,8.1013214,10.9392952,10.1850956,10.71579,9.8384514,10.3631384,11.3774396,11.2038348,10.0457732
2021-01-11,8.9951465,8.0929879,12.1326712,10.2535363,10.5625917,10.2942316,9.687207,11.9567257,11.1207697,9.973234
2021-01-12,8.8267952,7.5395438,11.9434717,10.5252414,10.6099921,10.7823427,9.1216053,11.6110804,10.8436543,9.6984543
2021-01-13,8.2651642,8.4057325,11.9204452,10.2895495,9.7418748,11.3916363,10.2328703,11.3208367,11.042371,10.5653729
2021-01-14,9.2156697,9.1269617,12.7342661,10.4255464,10.2747183,10.6125269,10.5075807,10.7745547,10.9489503,9.3332321
2021-01-15,8.8743624,8.8707098,13.2446304,10.9897145,10.4525569,10.9452784,9.9109766,11.0222173,11.7597737,9.3576712
2021-01-16,8.373868,8.6866807,13.566694,10.5280091,10.2432326,10.5293221,11.7392256,11.3898018,11.6306809,9.4382647
2021-01-17,8.1829364,8.3856611,13.7982718,9.933297,10.4213919,10.5063311,12.3380316,11.7558461,11.180053,9.9137504
2021-01-18,7.3620037,8.7202546,12.3995445,10.3753072,10.3918555,10.3864434,11.731374,11.9254695,11.0578613,10.7565558
2021-01-19,8.4611032,8.5207957,12.395819,10.3448614,10.2138672,10.9186032,11.7254085,12.2896473,10.7796842,11.1699408
2021-01-20,8.8275437,9.1930412,12.9961755,11.3626936,10.254807,10.5335669,11.3335586,11.7701049,10.8113476,10.7755481
2021-01-21,8.2572736,8.6959155,12.3036398,11.2198979,10.6916548,11.4584293,12.2140597,13.423544,11.4226096,11.4338963
2021-01-22,8.482811,8.1614709,11.8934512,11.4223677,10.3794703,11.2197665,14.6025105,11.8324057,11.067083,12.6234053
2021-01-23,8.6791794,8.204505,11.6044557,11.1926739,10.5442628,11.4180272,12.1396557,9.8704025,11.0459566,12.3565291
2021-01-24,8.9473598,8.4122873,11.0853157,11.4436419,10.3597998,12.1888351,11.3697193,9.6220528,11.8486362,11.1792846
2021-01-25,9.1094838,8.5746319,12.4493219,11.1826662,10.5867348,11.7083973,12.7483953,7.9978955,11.5447607,10.212146
2021-01-26,8.2306443,8.8011314,12.2515942,10.776688,11.2993364,10.527605,13.5197486,8.5132793,11.697991,10.0756464
2021-01-27,8.7958117,7.7577415,10.9999733,10.145951,11.6459805,10.0754685,13.5794546,9.4012167,11.3122541,10.5594435
2021-01-28,9.3263459,8.1413844,10.4990661,10.6150776,11.4508093,10.7417863,15.3332768,9.3804553,10.6259236,10.3223919
2021-01-29,9.9881162,7.9010334,11.2518728,9.9951431,11.7189112,10.7628141,14.4393424,10.2946668,11.0769814,9.7169051
2021-01-30,10.1671283,8.2678628,11.1851262,9.6831218,11.6933648,10.5473478,14.89339,11.4846892,11.9267706,9.8580865
2021-01-31,9.9081224,7.0554341,10.8787184,9.0720956,12.677726,10.3606037,15.3635088,10.3654683,11.1226337,9.7611062
2021-02-01,10.4883876,6.0533389,9.7061406,9.7016471,12.4147092,10.8571667,13.8340049,11.2415294,12.4835097,10.2966527
2021-02-02,10.6566789,6.7458416,10.5029852,9.681793,11.0365691,10.6904,15.7612692,11.365917,12.5602034,10.6619909
2021-02-03,10.023877,6.6192796,11.1864645,9.2291601,10.9518649,10.5169136,15.4630808,10.3356572,12.1834189,9.5144937
2021-02-04,9.986536,7.4138645,11.8546693,9.4621591,10.6692415,10.012732,12.8573561,9.5181105,12.4212132,9.5752816
2021-02-05,9.9085174,7.3913251,11.4524576,10.6139799,11.1421042,9.5830262,12.907276,9.5178702,12.3001997,9.1650679
2021-02-06,10.1671234,7.588441,11.2852032,11.6999176,10.513857,10.3092644,11.9917661,9.2042453,11.2481648,8.4869104
2021-02-07,10.2312607,8.0095816,11.4629411,12.1439657,9.9253965,10.0792359,10.6157851,9.6194344,10.95257,9.3543049
2021-02-08,9.8033493,8.5585021,11.8961624,11.5427885,9.9330202,10.0148074,10.1784284,9.1286094,10.1210199,9.1006063
2021-02-09,9.7729374,8.2454797,11.8278677,11.7463059,10.9797025,10.6808999,7.8998638,9.1522813,9.9725811,8.4208762
2021-02-10,9.7900704,8.5967309,11.3314367,11.5540729,10.7364095,10.2810189,7.9359222,10.1112448,10.2266928,8.9964428
2021-02-11,9.0505466,8.9780737,11.9212879,10.7714929,10.8288736,9.6217171,9.0131442,9.6465799,9.5137185,9.1649881
2021-02-12,8.3700116,8.9643811,11.7911635,9.703081,10.18031,9.0911396,8.0390846,10.4087225,8.454382,8.9234306
2021-02-13,7.4344776,8.6478267,12.0111457,8.8687397,10.4056348,7.9256631,9.5574306,10.162054,9.3396503,9.717849
2021-02-14,7.4502374,9.7711235,11.8622169,8.8323329,9.8205454,7.9199141,9.7252915,10.3867516,9.7222564,9.3411914
2021-02-15,7.4629941,9.9463078,11.6024891,8.669745,9.9933534,6.7777225,11.1232263,10.6009602,8.7243296,10.0427806
2021-02-16,7.1754913,10.2897442,10.5922471,8.6427202,10.115661,6.0097235,12.3361578,10.2753453,8.9200982,10.1624259
2021-02-17,6.8542517,10.2638876,10.7658037,8.8938326,9.3167927,6.1287483,13.5457386,9.4468599,8.6028794,10.2249743
2021-02-18,7.8369509,8.6650685,9.8065457,8.477258,9.4682238,6.3883711,11.8864277,9.4125163,8.5483417,9.7370148
2021-02-19,9.1144642,8.9245842,9.7514578,8.0726202,9.6497596,6.3678656,13.0825212,8.4292951,8.5802644,10.1182399
2021-02-20,9.1483066,8.955226,9.6617334,8.9654069,9.6159853,6.6179219,10.8920195,9.4464944,8.5475148,10.3587472
2021-02-21,10.0218746,8.2592093,9.7845689,8.8701944,9.613908,6.388841,11.6054253,8.723693,8.7136537,9.6706603
2021-02-22,10.5005096,8.057408,9.6415612,8.792717,9.6590862,6.7974836,10.7371424,9.533209,9.0997017,8.5647008
2021-02-23,10.6795123,7.8551207,10.5781179,8.6711569,9.1675127,7.3851939,10.5820582,9.2261384,8.8838437,9.3988294
2021-02-24,10.8356052,7.1417861,9.9157304,8.6392159,9.2638945,7.7605406,8.4726366,9.7211758,8.5681345,9.6733149
2021-02-25,10.547341,7.4562435,10.2805773,9.2678019,8.9711975,7.4978136,9.3447336,10.2057929,8.5030726,10.388428
2021-02-26,9.0946426,7.3380805,10.1498854,9.7220614,8.4098625,8.2471523,8.4198698,10.7742922,8.6187125,10.0858142
2021-02-27,8.9672303,6.8032058,9.5411332,8.8209428,8.4228358,8.1913196,8.8827676,9.4882997,8.1439317,8.453779
2021-02-28,7.9749156,6.2229036,9.7600949,8.6995512,8.5672569,8.1597844,8.3505483,10.3826151,6.8835242,9.1727698
2021-03-01,6.8582052,5.7130809,10.078734,8.5888103,7.8077708,8.3849477,9.2648984,9.2347321,6.6111586,9.0742292
2021-03-02,7.3757548,5.2431663,9.6232161,8.8154807,7.5612928,7.9850743,7.6686417,8.4637632,6.5665658,8.438981
2021-03-03,7.0463353,5.8166831,10.1016766,9.1912924,7.995457,7.2407407,8.2038583,7.8105472,6.8980504,8.5846809
2021-03-04,6.6005136,6.8254597,9.4102878,8.7935786,7.780462,6.926924,7.5253113,7.3898946,7.0727549,8.7258022
2021-03-05,6.1592884,7.4338103,8.6045336,8.9919676,8.4045632,6.1897866,7.9338393,6.3479515,6.5654426,7.7184797
2021-03-06,6.1612979,8.0251035,8.7582897,9.0140933,8.0799962,6.045734,8.0237135,6.3537301,6.483902,9.4634399
2021-03-07,6.3370604,8.5599728,8.4983511,9.4638635,7.7844565,5.8123325,8.9716782,6.5242195,7.5062997,9.0853035
2021-03-08,6.2010073,8.6810873,7.9950767,9.4879958,8.1276129,5.5814891,8.3545902,6.3962488,8.1122616,9.0068144
2021-03-09,5.9326064,8.5811164,7.4034357,9.890254,8.200802,6.1473898,10.036225,6.6618742,8.7915914,8.2031823
2021-03-10,6.3575588,8.6880587,7.9605266,9.1510233,8.3162778,6.3123787,9.1571115,7.1029826,8.8809496,8.3610212
2021-03-11,6.7207708,7.2322486,8.2418665,9.5925662,8.2353879,6.7390929,9.0145966,6.198343,8.889952,7.4397873
2021-03-12,7.2310012,6.5598431,8.3075476,9.2820603,8.2196963,6.7368228,8.9333519,6.4984652,9.7383002,7.7040007
2021-03-13,8.0011035,6.1254948,8.3228483,9.2095177,8.1230253,7.2402236,9.6670807,6.2995413,10.6316638,6.985391
2021-03-14,8.0010751,5.9938332,8.601856,8.431862,8.4907351,7.6133397,9.3845566,5.1180657,11.2944423,6.3969054
2021-03-15,7.982655,5.5152565,9.0271681,8.2577979,8.633903,7.7826454,8.5567715,5.3982828,11.0868555,6.2805986
2021-03-16,7.4693199,7.1267898,9.2251733,7.5910102,9.1892864,6.8936599,7.085426,5.4879294,10.5592725,6.9995681
2021-03-17,7.2152328,6.6677985,8.2770797,7.7830368,9.6217065,7.3851219,7.5996067,5.1397942,10.3177699,7.2658536
2021-03-18,7.0813439,7.3053682,8.5277377,7.8970798,9.1995722,7.0963423,7.5840275,6.4785586,10.7043714,8.4352361
2021-03-19,6.6992277,7.0513806,8.6723332,7.6692152,9.3350641,7.6340322,6.8320425,6.1913542,10.3325039,8.2131167
2021-03-20,6.6709574,6.7371668,9.7878565,7.6540758,9.6178726,7.179282,6.0986662,6.8923897,9.9073715,7.6351023
2021-03-21,6.5029416,6.1933897,8.9250958,8.2631199,10.1892282,6.5653444,5.1947622,8.1425841,9.4262286,8.6608772
2021-03-22,7.0427963,6.6409216,8.2029766,8.3293168,9.8024863,6.2283322,6.9240974,8.7757232,9.1690155,10.2397205
2021-03-23,6.8913713,5.1721155,8.289607,8.232125,9.201352,6.1601932,7.202825,8.1916183,9.2926021,10.5930118
2021-03-24,6.4893116,5.3510916,9.150567,8.1032313,8.9053173,5.7287359,6.8675976,8.0040436,9.6483229,9.1768765
2021-03-25,5.7665323,5.0435271,8.096738,7.7832312,10.3426209,5.7322199,6.8325397,7.0507737,9.4150099,8.1066156
2021-03-26,5.8072699,5.0917198,8.1727508,7.902354,9.7550084,5.5633236,7.1049159,6.8662228,9.9461007,8.7863259
2021-03-27,5.8197303,5.2013927,7.1868053,7.6317017,9.9921704,5.5310128,10.4399346,7.853491,9.6284416,9.8883161
2021-03-28,5.675695,5.652139,7.456219,7.1466047,8.7658314,5.6197827,11.1901265,6.9838935,9.8400198,8.6423132
2021-03-29,5.5462504,5.7925863,7.4669053,7.0248699,9.3342103,5.7256391,10.2346736,6.685799,9.870937,7.098834
2021-03-30,5.7350104,5.9777254,7.7139821,7.2577297,10.1464281,6.1431209,10.8382853,6.6438796,9.7709243,5.8286858
2021-03-31,5.6600237,5.4838499,6.7220779,7.2738344,10.5012225,6.0801614,11.2881612,6.8197212,8.9593457,5.6522085
2021-04-01,6.2176376,5.4074791,7.8937275,6.9135247,9.4817554,6.4673938,11.2189808,7.0435287,9.3131997,6.0365643
2021-04-02,5.6859976,5.4225089,8.0137498,7.4076727,9.3257535,5.8707378,10.7660073,6.4734355,9.0338483,6.4105901
2021-04-03,5.7766073,5.903998,7.8432014,7.8781655,8.8242703,6.0238902,7.0076808,6.0776865,9.5362152,6.2481669
2021-04-04,5.9266868,5.5080565,7.835765,8.3180678,9.149482,6.117751,6.8515818,6.4706245,9.5792064,5.8509531
2021-04-05,6.0539458,5.9099079,8.5404764,8.7129381,8.6040884,6.6064312,7.7901205,5.839783,9.5453969,5.5858152
2021-04-06,5.9183062,5.4459604,8.705934,8.8995362,7.8196178,6.8916098,8.1266176,6.7958188,9.7295375,6.3356529
2021-04-07,5.6965952,5.6129228,8.8829725,8.9093967,7.3218302,6.7524826,7.8222127,6.9581474,10.2311155,6.2490471
2021-04-08,5.0582338,4.960396,8.1862813,9.5615457,7.2185637,6.4445303,6.9202712,6.1803127,9.6373738,6.1708975
2021-04-09,5.5700803,4.4553322,7.9443928,9.5441038,7.5752407,6.4909628,11.5240993,6.7121938,9.4875403,5.9768663
2021-04-10,5.3357028,4.1650853,8.1525571,8.9318776,7.1350152,7.3400202,11.6020544,5.6193215,9.2395401,5.9863146
2021-04-11,5.4213278,5.1425074,8.1637351,9.2534927,7.8403713,7.8579654,11.0575295,4.9135523,8.710778,6.5985898
2021-04-12,5.6733265,4.5791035,8.4422772,8.1417591,7.9981359,7.4323936,11.928312,6.6505709,8.7086351,7.2182024
2021-04-13,6.0534725,4.9169561,7.6407924,7.6546062,8.2741619,7.6109709,11.5225708,5.9810855,8.7013435,7.6546395
2021-04-14,6.0849526,5.2351538,7.4402397,8.1203709,7.7013379,8.125572,12.5901531,5.4082681,9.000609,8.14072
2021-04-15,6.4989125,6.583597,6.9370267,7.4571184,8.1146974,8.0185924,13.9904458,5.6496235,9.1162045,8.3378145
2021-04-16,6.1322846,7.620573,7.7235214,7.1544741,8.1121687,7.950846,8.4971813,5.876906,9.5256675,8.5213949
2021-04-17,7.0412234,7.5553249,7.4749002,7.2630307,8.3167013,6.6016351,8.1223862,5.7654815,9.7019078,7.4282848
2021-04-18,7.0493835,7.199516,7.2458812,6.7182755,7.3873572,6.1018965,8.0204727,5.4148251,10.0790159,7.6115929
2021-04-19,8.025106,6.8717295,6.1242646,6.905327,7.0526199,6.5515165,6.3166682,4.2423549,9.6709256,7.377938
2021-04-20,7.0941192,6.555689,6.2853223,7.0280293,6.6058887,5.629795,6.5382976,4.8223415,8.8705469,7.6422373
2021-04-21,9.1183003,6.8325633,6.5613317,6.6839598,6.6417929,5.0957925,5.0099965,5.6581927,8.7313513,7.2502435
2021-04-22,8.9812104,6.3386894,7.6502822,6.6422759,6.8714245,4.6549422,5.185978,5.957239,8.5443206,6.2971214
2021-04-23,9.7249897,5.3626106,6.2087474,7.3401297,7.2628404,4.1968417,5.8623096,6.2373512,8.6533336,6.5493071
2021-04-24,8.1861185,5.9185918,6.5899589,7.2907705,8.1766969,4.4542863,6.7340189,6.899434,7.6927332,6.2935621
2021-04-25,9.2866952,5.5913476,7.0873472,7.152038,8.7019927,3.9667526,7.9479843,7.4991679,6.9618119,5.8088643
2021-04-26,8.1908299,5.6762373,7.6621416,6.9414466,8.9504215,3.5144389,9.1350176,7.8493146,7.4784791,6.0661705
2021-04-27,8.5832347,6.0761088,7.4171183,8.1253394,9.7181644,3.6270104,10.9991804,7.7394876,8.9087614,5.3089959
2021-04-28,7.0632111,7.3067457,7.3820797,7.7068493,9.4576442,3.2279573,12.1251636,7.4445571,8.8509761,5.829581
2021-04-29,7.2204929,7.0849397,6.5248209,8.5369861,8.8104007,3.8063756,13.0686023,7.9482028,8.5092732,5.6298538
2021-04-30,6.5929445,7.9626364,7.1121287,7.4948566,8.5397322,4.6248992,12.8120585,7.5660348,7.6049785,4.7073344
2021-05-01,6.8344077,6.9108701,6.1799427,7.5352475,7.7360949,5.1207602,13.5453083,7.2869412,7.6263931,5.6454874
2021-05-02,5.4136114,6.8642942,6.0967441,8.239252,7.1912644,5.3823622,11.5590476,6.5726803,7.6434469,6.2385926
2021-05-03,6.2625944,6.7587318,5.6669387,9.0855078,6.785521,5.3628544,11.5080926,5.4780472,7.3867954,5.8374326
2021-05-04,5.8418129,5.8547691,5.4766524,7.922939,5.6926824,5.5700893,8.0360616,5.1072242,6.4762312,5.6922167
2021-05-05,6.5044632,4.3420917,6.0619022,7.8991032,6.7588202,5.7230281,8.7067807,4.5834212,5.8700296,5.262133
2021-05-06,5.9284883,5.1999873,6.1066608,7.5269767,6.5385678,5.5046967,7.8320777,3.9173541,6.2617055,6.9452898
2021-05-07,7.2214177,5.9326149,5.8997967,8.3452024,5.9433543,5.0532484,7.1253637,5.2867308,7.3944177,7.6363029
2021-05-08,7.1780035,5.8208962,6.3707169,8.4022895,6.2171869,5.5275708,6.2995115,5.5805717,7.181312,6.8261758
2021-05-09,7.8360628,5.5016584,5.9272027,7.9506445,6.5147393,5.239343,6.9073503,6.3759413,7.3055833,7.016301
2021-05-10,6.8074806,6.9882411,6.0898258,7.4372526,7.4148174,5.0448136,5.5799452,6.6545065,7.3417151,7.5487631
2021-05-11,8.6906884,7.7804286,6.1790836,7.1800884,7.3611939,4.9755707,6.5107662,8.0414645,7.6417728,6.9216064
2021-05-12,8.327813,7.2472824,5.3277413,7.282703,6.9455369,4.6539822,5.9524542,8.1598053,7.9218781,6.8624638
2021-05-13,8.995792,6.7195053,6.0353045,6.9777683,6.8799545,5.0967521,5.1729618,8.1539044,8.1519939,5.9511536
2021-05-14,8.2423697,6.5382996,5.8959954,7.2479449,7.2828737,5.6787368,6.4051494,6.2656325,7.341571,6.0386205
2021-05-15,8.4515481,6.9594553,6.1965105,7.7416719,6.8298011,4.8460379,5.668675,5.7408723,8.3738841,6.3983218
2021-05-16,7.8475541,7.0848098,5.5834942,7.6222698,6.0128337,5.2544738,5.0042415,5.0529142,8.5169729,5.4354371
2021-05-17,7.7758003,6.0001212,5.8314805,7.6299095,5.5688254,5.2014417,4.6370852,4.8546088,8.6674084,5.2591514
2021-05-18,6.0435091,5.1871363,6.8391245,7.7371947,5.915936,5.5635467,4.7882844,4.7617704,7.8153312,6.04869
2021-05-19,4.9441321,5.0532653,6.5101079,7.9981842,6.0832355,6.2348374,4.2967137,4.4077884,7.4311375,6.3028764
2021-05-20,4.679682,4.5542446,5.7359615,8.2378409,6.2747256,6.0165456,4.716874,4.7170723,7.4059327,5.6899984
2021-05-21,4.7685309,4.6219782,5.9464741,8.5120683,6.1949183,5.4731135,5.2484511,5.1810204,7.0124319,5.9616018
2021-05-22,5.607847,4.8672229,5.7834688,8.2808531,7.9580868,5.0190484,7.0696852,5.7067167,6.2543596,5.545587
2021-05-23,5.9116084,4.7237673,6.0848228,9.3956816,8.6625284,4.5598082,6.9302778,6.3031963,6.3703027,5.8180155
2021-05-24,7.822851,4.7644943,6.3591719,9.8866782,8.3801725,5.6875894,8.7556594,5.5087781,6.2440383,5.0076729
2021-05-25,8.0502964,5.7999925,6.1032986,9.5200386,8.6044435,5.481696,7.7191196,3.7873372,6.9125562,5.2036788
2021-05-26,9.3576396,6.4611689,7.3229789,9.0863183,8.6010327,5.2874253,8.4398115,4.5152063,7.5103685,5.1796258
2021-05-27,10.0882872,6.0616443,7.0248378,9.0081637,8.6554226,7.2418785,8.7257875,4.642981,6.9715978,6.9831935
2021-05-28,9.4910351,4.4860402,7.1338664,7.7042275,8.3895637,7.3697401,7.8912492,4.8929822,6.5668576,6.3898872
2021-05-29,8.2662292,5.500465,6.8825765,7.619466,7.2502222,7.3515321,6.752287,5.8260012,6.0351824,7.2526593
2021-05-30,8.6386569,8.3574025,7.132566,7.0703176,7.0795821,8.3798621,8.3620504,5.574904,5.8641728,7.8773862
2021-05-31,7.7162184,8.0691387,7.0008302,6.6666126,8.1493854,7.4586604,6.4061488,5.7045812,5.4269426,8.4748636
2021-06-01,8.4376845,7.5228119,6.197814,6.6209002,8.1122657,8.5589121,6.4526095,6.1446612,5.0722743,8.337089
2021-06-02,8.1293254,7.2950672,6.431881,7.2251161,7.90069,7.9480427,5.7753703,5.5598452,5.3663104,9.9817297
2021-06-03,7.8562627,7.4377776,7.3602778,7.0763884,8.2712052,5.9639893,5.9981155,5.3083717,5.5058532,8.7099776
2021-06-04,8.9958896,8.3384062,7.6987736,6.9136549,8.0416876,6.1230456,6.2502953,4.1224421,5.7768337,8.457305
2021-06-05,9.476213,7.6182884,8.3276088,6.6352306,7.4987195,6.7144211,6.5834078,2.9515687,6.0967071,7.438035
2021-06-06,8.7326065,5.3891139,8.3109992,5.7643239,7.1745392,6.4685614,5.5947796,3.397559,6.1571692,7.5935584
2021-06-07,7.7318627,5.0255059,7.3977453,5.2178704,6.5063041,6.1557777,5.877825,4.9362048,6.9558114,8.0497655
2021-06-08,7.5430967,5.273603,8.0137813,5.3061537,6.6532442,4.8191486,8.5803939,5.3117415,7.3660673,7.2844983
2021-06-09,8.2985412,5.344614,6.5916689,5.2462587,6.0089684,6.3980027,8.3513835,5.2062802,7.5601019,5.5742603
2021-06-10,8.6329993,5.1927598,6.1250081,4.9644465,5.2012452,7.0681407,8.1458553,6.2909,8.1532089,6.3165018
2021-06-11,7.4738803,4.6046065,5.7526025,4.8113767,5.5429044,6.8395961,7.4789179,6.3234483,8.3622443,7.2217808
2021-06-12,6.3583569,3.7083304,4.7610781,5.1857194,5.3606937,6.3456731,6.5881324,6.2082112,9.3825184,7.5001706
2021-06-13,6.4593422,2.8789007,4.5008925,5.4891254,5.4440411,5.8773637,6.419234,5.2514605,9.2764886,6.8110158
2021-06-14,6.3888475,3.4680433,5.1397564,5.8744138,6.1051989,6.7635082,7.4363681,4.5088437,9.289915,7.0358399
2021-06-15,6.5872177,4.6184473,5.6040629,5.9868595,6.3378445,6.5212686,5.8335137,4.3654947,8.5783446,10.0280853
2021-06-16,5.5174416,4.4322291,5.2623168,5.2298681,6.7178861,5.3775568,6.4034127,4.5120038,7.4391502,10.7053643
2021-06-17,4.7335252,5.1763008,5.0450987,5.4034992,6.9389339,4.9328376,6.6112771,4.753883,6.4312493,10.2414245
2021-06-18,5.2261693,5.3120313,5.7125885,6.2351556,7.4009885,5.0342531,6.9153476,4.9430991,6.4361847,8.6453313
2021-06-19,5.815431,5.0822369,6.1292846,5.5278404,6.951253,5.3122895,6.1018464,4.2587676,5.2009299,9.2735798
2021-06-20,5.3965462,6.8496486,6.035606,5.7311945,6.9880771,7.4676534,6.0143381,4.4196839,5.5214533,9.0701547
2021-06-21,5.2740564,6.0677542,6.0103123,5.7756015,5.8565158,8.022349,5.1681968,3.894309,4.7493963,7.6974364
2021-06-22,4.5889386,4.4817773,5.8169355,6.060343,5.0931394,8.5459963,4.3597216,3.053775,5.1877528,5.2231614
2021-06-23,4.733785,4.7520803,6.4174631,6.1424666,5.8316741,8.6023652,3.3646751,3.0389885,5.3951499,4.9510352
2021-06-24,4.8354171,4.0225721,6.6082019,6.2385067,5.6659246,9.4141805,2.5768935,1.7869309,5.8725929,5.3049826
2021-06-25,4.9028021,4.6585707,6.4273783,5.3761222,5.2214103,9.7111961,1.7664264,3.8483011,5.2244415,5.2252305
2021-06-26,5.1303251,5.9685783,6.2983918,5.6581224,5.8104085,10.1306789,2.3962845,4.4998487,5.2630303,4.8720902
2021-06-27,6.1068561,3.6877884,6.6086912,5.9009943,6.0063612,8.465433,1.9880847,5.7889896,4.3527946,5.1290577
2021-06-28,6.5427839,4.2004248,7.7921398,5.8219731,6.486043,8.8676897,2.1242035,6.5294238,4.7713715,5.2468529
2021-06-29,5.7988284,3.7938638,7.1968011,5.8303018,7.2117644,8.0561731,2.0573954,7.7982666,4.0301201,5.1204795
2021-06-30,5.1117471,3.4019852,7.2294549,6.5252552,6.9218911,7.9572687,2.500673,7.2714846,4.758414,5.122773
2021-07-01,4.8047485,4.4220023,7.4838213,6.0349435,6.6841075,6.4499424,2.551643,7.453669,4.8019451,5.561929
2021-07-02,4.3907307,4.5245862,7.1673376,6.2413866,6.6776387,6.3372332,5.5856385,5.3520808,5.1618625,6.2686898
2021-07-03,3.8048463,4.4583678,8.1743368,5.8631075,6.6026604,5.4974864,7.7892715,5.2894727,5.6178099,5.9515167
2021-07-04,2.7298989,5.1738135,8.4276358,5.7100702,7.3963052,4.4150409,7.978219,4.4772575,5.5571346,6.66813
2021-07-05,3.2135264,4.9845986,6.625485,5.3247695,6.8252786,3.8913443,8.1712199,3.5811976,5.1299124,7.6270787
2021-07-06,3.1831589,5.2318709,6.8940244,5.1753382,6.3868853,3.5513307,8.5579504,2.5705194,4.7641438,7.1451908
2021-07-07,4.3458805,5.3082634,6.5457124,4.7277286,5.7466267,4.1315365,8.9240701,3.2175467,4.5959591,7.1315688
2021-07-08,4.1409674,4.3366081,6.2190763,4.7353733,5.7345967,5.1444594,9.2879276,3.2490194,5.1251931,7.6268769
2021-07-09,3.83739,3.6743939,6.5161045,5.0619571,5.2464583,4.9507036,7.1566497,4.1843184,5.3067281,8.0737388
2021-07-10,4.0021049,4.712734,6.4327859,5.2293462,5.2455396,5.9313401,5.8155856,4.2721233,5.0127859,9.2885956
2021-07-11,4.0420963,4.2519471,6.1727036,4.397434,4.2843154,6.3175214,5.5556764,3.6996586,5.4545695,9.5610046
2021-07-12,3.280343,4.9515982,6.9492426,4.3254752,4.7311382,5.3171153,5.6497032,4.3092068,5.5813282,9.1403202
2021-07-13,3.5395942,5.7492227,6.4427413,4.2219494,4.4782877,6.5677373,6.1443948,4.7289688,5.5244781,9.2026003
2021-07-14,3.9086224,5.1151059,6.8921601,4.3113314,4.5035031,5.5297242,7.9260265,4.4217244,5.3766457,8.8907267
2021-07-15,4.0479105,5.2648408,6.8380642,4.2814153,4.6094869,4.8591016,8.3394547,3.6881388,4.4975025,6.9593301
2021-07-16,4.1260971,5.5027193,6.4535844,3.648542,5.3276742,4.6131683,9.0738418,2.8042064,4.4637133,8.1046744
2021-07-17,4.3752359,5.1402122,5.39725,3.4520177,5.3703132,4.1301888,8.1073454,2.7773852,5.0502515,7.1939018
2021-07-18,4.376325,5.3305327,5.1417795,3.6474903,5.0562929,4.7885663,8.3305921,4.7056034,4.9601399,6.4502545
2021-07-19,4.3045484,5.2184884,4.8326826,4.7794939,5.0460795,4.725049,12.7623495,5.1473142,5.2604619,5.7448204
2021-07-20,4.2345386,4.6329787,5.3257306,4.3812518,5.3145093,4.4386652,12.2503072,4.9614926,5.1401233,5.6685251
2021-07-21,3.3852132,7.5964243,5.4286628,3.740495,5.5130516,5.4250323,10.6052659,5.0832967,4.6256918,5.596338
2021-07-22,3.9582572,9.2737086,5.8823537,3.963102,5.610196,5.1115126,10.3220444,6.0408337,4.6865565,5.5973827
2021-07-23,3.8129991,9.1419302,5.3989302,4.3916084,4.9816344,5.5786212,8.3421828,5.7491063,4.7012048,3.7324173
2021-07-24,3.8197566,7.4726275,5.8627438,4.2256531,5.8227504,6.5780915,10.0015344,5.5975471,4.3723532,3.6656721
2021-07-25,3.9997741,8.9200429,6.1513742,4.5951279,5.8065061,7.2099225,10.9313026,4.5948251,4.7388904,3.3690432
2021-07-26,3.769362,8.1110382,5.9974148,3.983522,5.5795333,7.6099122,5.6347467,4.0716554,4.3164272,3.5033795
2021-07-27,3.6347993,8.9211081,6.0521356,5.344757,5.9081027,7.1799083,6.0568292,5.1504692,4.7529319,3.6125402
2021-07-28,3.8034747,7.9025668,5.5298844,6.0782665,5.7468244,6.0919995,5.6244652,5.7754279,5.6004374,3.3202177
2021-07-29,4.2255968,6.4480271,4.7502826,6.0554217,5.9832891,6.3046631,6.323744,4.9016076,5.7312316,3.0848186
2021-07-30,4.678005,6.0693885,4.6438607,5.4508941,6.2997647,6.0265461,6.6715417,5.2628034,5.3489298,3.2371687
2021-07-31,4.5019535,7.6852411,4.8682125,5.8081074,6.7232281,5.0457349,4.457873,4.6334568,6.3931328,3.4607388
2021-08-01,4.60116,6.4079752,5.2885543,5.8775508,6.7574548,4.4958665,3.6136652,4.6871959,6.1713883,3.9750283
2021-08-02,4.8846869,6.5985015,5.7333982,5.5419717,7.3461708,3.8710414,3.5959047,4.4568991,6.3186779,4.0766089
2021-08-03,5.9754399,5.6246157,5.9800785,4.6333544,6.908312,3.9134637,5.065896,3.9775432,6.4655736,4.2309266
2021-08-04,5.6734966,4.8692857,6.5044825,4.3651754,7.1095295,4.1849134,6.0444184,3.9211599,6.2252578,4.2211244
2021-08-05,4.5053599,4.9815267,6.8207067,4.590548,6.8670125,3.8849836,6.5743991,4.7663839,6.1813846,6.1308362
2021-08-06,4.5510148,5.6877836,7.6692351,5.5529641,6.8435356,4.3560052,7.540992,4.9487876,6.3736103,6.9747342
2021-08-07,4.604632,4.018065,7.7668162,6.0499609,5.5794789,4.8354629,7.6679696,6.3683737,5.7777571,7.4326173
2021-08-08,5.3826006,4.014193,7.4704423,6.1285648,6.3638835,4.7956846,7.1117604,7.3931004,5.3209119,8.2180138
2021-08-09,6.0544511,4.6702624,7.2526178,6.6033992,5.9725754,5.718379,7.2742049,7.7428558,5.9373133,7.9998886
2021-08-10,6.1309167,4.6615942,7.6214756,6.7560224,5.5528211,8.3561057,6.530099,9.311939,5.7773193,9.4458809
2021-08-11,6.0310464,4.9002455,7.0468643,6.594687,6.2500481,9.7626877,6.4415184,10.8244967,5.3387816,10.0367799
2021-08-12,7.2290477,5.5532228,8.2867305,6.8615222,6.4795905,10.9441545,5.2978912,10.5278426,5.8677265,9.4396097
2021-08-13,6.9213996,5.8552403,7.8738626,7.7728804,6.6876925,10.4952588,5.2611695,10.3104802,6.2240157,8.8861703
2021-08-14,6.939532,5.4100491,8.8604092,8.0079115,7.0788363,10.5611846,5.4769963,9.793765,5.8434579,7.9633645
2021-08-15,5.9509356,6.1573498,9.7076104,8.2052481,6.8139991,11.3633345,7.0491089,8.5886853,6.5102721,6.5748194
2021-08-16,5.8840194,6.4681266,10.8254449,8.0575359,7.1919292,10.5730374,7.3935649,8.739173,5.9857346,6.9025855
2021-08-17,6.4326698,6.9319526,10.5154933,8.5426929,7.8206394,8.5775875,7.6564953,7.2081256,6.5909583,6.0150975
2021-08-18,7.5061618,7.2088749,10.9913731,9.5081694,7.8858156,8.3199222,6.5007058,5.7045275,7.5181764,5.4364556
2021-08-19,8.034283,7.0346524,10.6773964,10.1384944,8.042354,8.1410313,7.3042419,6.6811949,6.9104979,5.3745699
2021-08-20,7.8124827,6.2469449,11.4501813,10.1233279,8.5133411,8.4860961,6.5278205,7.3080738,7.1760473,5.8965576
2021-08-21,8.5466502,6.7690818,10.9713336,10.0128275,8.2763209,8.0394209,8.1276595,8.0069063,7.1493572,7.2688901
2021-08-22,9.3176667,6.9193711,10.575874,10.1744147,8.3639566,7.8045383,7.1091415,8.2608135,7.2737745,7.5236113
2021-08-23,9.1310273,6.1612173,9.2116984,10.6114938,8.8026191,9.1318824,8.6954418,7.2885226,7.5478002,7.93647
2021-08-24,8.959999,7.0829899,9.5303619,10.674735,8.6748665,8.7179534,8.4315206,8.0325831,7.0519654,8.4140571
2021-08-25,8.4638908,6.6515026,9.7752345,10.4081153,7.9540184,8.8711303,9.2109374,8.2960748,7.2403263,10.9458722
2021-08-26,8.3943062,7.557941,9.795089,9.9691301,8.1795727,9.5587511,9.4843735,8.7989798,8.713102,11.3195699
2021-08-27,9.5272012,9.7583632,10.3797775,10.5758976,8.5677874,10.9332934,10.6652199,9.4339565,8.8486269,11.8365426
2021-08-28,9.5606875,9.0619824,9.845099,10.7039041,8.8948581,12.7073611,9.7725768,9.6708175,10.9732744,11.1847288
2021-08-29,8.5862322,9.5312799,10.3644912,11.3317739,9.0187879,12.4734589,10.8161727,10.3135573,11.2210411,11.367712
2021-08-30,9.3563525,11.1433655,11.1896203,11.802108,9.3888783,12.1468014,11.3320574,12.2691887,10.6894006,11.841579
2021-08-31,9.5226835,9.9385124,11.5000405,11.6796705,9.2160133,12.7834343,12.6418864,12.294518,11.3108005,12.2685054
2021-09-01,9.4596932,10.0086206,11.2333358,12.1964677,10.0314827,12.8208476,14.3400755,11.7810693,11.6821222,10.3739072
2021-09-02,8.6278988,9.0782908,12.0562371,12.4122714,10.9383185,12.1159308,13.6325598,11.1808105,11.8365228,10.1064907
2021-09-03,8.0167523,8.8738274,11.5211144,12.0411024,10.6094594,11.6259579,13.4583372,10.8919951,11.9096439,10.0606352
2021-09-04,8.5305969,9.4632501,11.8071081,12.5329121,10.3711368,10.9230236,13.7796229,11.2399503,10.2825523,11.4760615
2021-09-05,9.2822324,8.6659413,11.7892932,12.4137686,10.6318398,11.5953361,14.8967756,10.388674,9.860817,11.5499541
2021-09-06,9.1403104,8.0604848,12.8195924,12.5664725,10.4048809,11.5793679,17.3790636,10.6100903,10.85918,11.4430068
2021-09-07,9.0937521,10.1127686,13.3226768,12.359973,11.6450119,11.8258114,16.0446943,9.5695814,11.851228,11.1214601
2021-09-08,9.4787363,11.1005808,14.8940647,11.9026605,11.0082882,11.8381297,14.8240793,11.4247051,11.541489,11.4171632
2021-09-09,10.1362808,12.0338032,13.6088315,12.6601435,11.005851,12.2135046,13.7579843,11.8532451,10.6050868,11.5639853
2021-09-10,12.8761147,10.9892366,14.0024405,12.3390584,12.045427,12.4360648,12.8997379,11.595797,11.5404297,11.7146695
2021-09-11,13.5658219,11.9413188,14.5581357,12.9384096,13.035481,12.4984963,13.4896031,10.981901,11.554911,10.6304235
2021-09-12,13.8143424,13.0523404,14.8828646,12.8790359,13.5549896,12.2109233,12.9721042,11.395679,11.9578802,12.1724524
2021-09-13,13.9678721,14.7252197,14.5327653,12.5471892,13.604892,12.0087897,9.2949976,10.7997954,12.1896104,13.9266456
2021-09-14,15.5225561,12.856887,15.1882883,13.1281075,13.4487017,12.3121695,9.1617863,11.6318223,12.1977049,14.5078528
2021-09-15,15.8699391,12.6754952,13.8804656,13.6207735,14.6531944,12.2996546,11.2113334,10.2833028,11.9616881,15.3218612
2021-09-16,15.8990209,11.905049,13.9542936,13.9100118,14.564748,12.3060069,13.0225271,10.25973,13.2238756,15.6680894
2021-09-17,13.5028572,12.7940571,14.1975031,14.0710585,13.8385844,12.0507658,13.2816103,11.8181754,13.5134494,15.1314538
2021-09-18,14.2136273,12.6679907,14.7104997,13.4973501,14.4883021,12.5567808,12.8926213,13.5981622,14.7678235,16.399215
2021-09-19,14.4898474,13.4957471,14.8148074,13.3741251,15.1573463,14.2952004,13.3250381,15.4457091,15.0570997,15.4835358
2021-09-20,14.2323616,12.7603002,14.9273116,13.0961023,15.3451204,14.927795,13.0998978,15.3184248,15.0334067,14.3672604
2021-09-21,12.0901974,12.9616809,14.0758648,12.1953402,15.6682831,14.9892411,13.60783,14.5629624,14.4021403,13.8417714
2021-09-22,10.9258734,12.7257188,15.1580979,11.9141054,15.3586326,14.7704982,11.7273203,14.0897068,14.9733947,13.184574
2021-09-23,10.6617571,12.6020173,15.5913867,11.6252638,15.3816671,14.5890059,12.4334082,14.2777129,14.1705624,13.6754481
2021-09-24,11.5091045,12.029083,16.4585611,11.9185254,16.755084,14.01061,14.2095571,14.7658167,14.4273278,14.2756343
2021-09-25,8.6576772,11.9333868,15.9828702,10.8997811,16.5920665,14.0557604,14.033141,14.2701137,14.0351725,12.9569688
2021-09-26,8.6862179,10.588491,15.7772804,11.035854,15.3758574,13.0805659,15.2254814,13.2128655,14.0487643,12.9176777
2021-09-27,10.4259505,10.8643394,15.1265485,12.1626555,15.8473152,14.1636293,14.5083796,14.3982952,14.6689554,11.8550655
2021-09-28,12.0680303,11.0348971,14.6951876,12.7941456,15.9571769,14.1278896,15.5650361,14.9639827,14.8782435,11.5822156
2021-09-29,12.7894801,11.1383278,13.0475037,12.8458163,15.8942283,14.2714129,17.3352774,14.5396012,14.3922272,11.9765702
2021-09-30,12.7839566,11.0676552,12.4495796,12.5915984,15.3498545,14.36123,15.3749793,13.7259467,13.5168442,11.1394301
2021-10-01,12.7527085,11.2538215,12.107401,11.9519888,13.7083579,14.7373309,15.0218723,13.8912216,13.0683152,11.7847345
2021-10-02,13.8839773,12.6604442,11.6610647,12.6226312,13.0995043,15.4471137,15.8412923,13.2552984,12.2490625,13.3394849
2021-10-03,14.1038584,14.8915661,11.9378934,12.3632599,13.8707526,14.9209554,11.4011749,12.7465027,12.3172084,13.9327905
2021-10-04,13.7899874,13.5043399,12.2498783,12.2117813,13.8591373,13.6597098,10.1625834,12.695855,11.1769598,15.0698737
2021-10-05,13.5995723,13.7538877,12.6014235,12.4076695,13.8682494,13.5568667,9.6366242,12.651947,11.2874274,15.3710258
2021-10-06,12.8489336,14.7087654,13.9368932,12.8400076,14.3492942,13.0959914,8.4393301,13.7144091,11.0959704,16.4762719
2021-10-07,13.3057309,15.6629513,15.1513083,13.50158,14.8826408,14.7302622,9.9888185,12.5223267,11.8135999,17.7098688
2021-10-08,13.2297849,16.6899152,15.3360003,13.9673602,15.1390489,14.9984746,12.4693376,10.382881,10.6027119,16.3581188
2021-10-09,15.8330902,16.0091863,16.1566882,14.1988179,14.9985256,14.7378679,11.6025737,11.8261407,12.2031644,15.9162476
2021-10-10,17.8123841,14.056954,16.598736,14.5059829,14.7059057,15.5105662,11.9069724,12.4429593,12.6410758,16.3593964
2021-10-11,16.7274071,14.153277,15.6191141,13.9618867,14.3311066,14.6357415,15.3910126,11.5571181,13.4408114,15.7476269
2021-10-12,17.3286269,14.9889693,15.4327766,13.3443233,13.4284266,15.4730853,16.728534,12.1667591,12.8162996,16.6070769
2021-10-13,18.2555546,14.2751126,16.4617058,13.5861324,12.9189052,16.6915935,18.6096236,11.3365123,14.2828219,15.9934975
2021-10-14,18.4979939,14.0127302,17.2929971,12.9623019,13.8998191,15.0902789,16.9521046,12.3254035,13.8867488,15.6109354
2021-10-15,17.7733755,14.8564529,15.881814,13.3979525,14.321635,14.1644172,12.7520935,12.1426425,14.535012,18.2434404
2021-10-16,14.3124761,14.2297125,15.7518825,13.7842028,14.1515446,12.850394,11.9148858,10.3113421,13.8135325,17.8970465
2021-10-17,13.045127,13.7125434,14.6816337,13.9110318,14.0620343,11.928127,11.7099076,12.4764145,12.5308889,16.5928667
2021-10-18,12.1147197,14.2609197,15.9266153,13.4578175,14.313551,12.3722282,9.1552305,13.1544561,12.3114923,16.4682895
2021-10-19,10.3058346,13.8075371,18.8533497,14.0521171,14.2473142,11.1414274,7.1889706,14.1302501,13.1289976,15.5098713
2021-10-20,9.954594,12.7365496,18.0743532,13.5025354,13.7372963,10.2291182,4.6433353,13.5478416,13.0209998,15.1037672
2021-10-21,8.2617483,13.6982681,16.1702604,13.3076329,12.1294266,10.0902922,5.664089,14.27686,13.0447657,15.7757218
2021-10-22,7.830384,10.913598,15.6268737,13.271626,12.178878,9.9845136,7.8785328,15.4977436,12.3564084,13.2884146
2021-10-23,8.0372924,11.0932868,15.5000451,12.6196401,12.6627265,9.9059827,13.585885,15.3652038,11.832751,13.1718195
2021-10-24,7.5805765,11.3081743,15.3929842,12.2572735,12.5638039,9.7310309,15.473803,12.3996775,12.2919519,15.4188241
2021-10-25,8.1629452,11.3542842,14.7464736,13.1899854,12.1398987,9.0581271,21.2546781,12.4857242,14.3715628,14.9655273
2021-10-26,8.0330177,10.1049109,11.5166019,13.0122234,12.0457107,11.5945811,22.2906758,11.015733,14.0051038,15.2527992
2021-10-27,8.3349801,11.9587783,11.3589005,12.5954043,12.467539,11.2431714,23.8223308,12.0977775,12.6937326,15.9402066
2021-10-28,8.4748448,11.3683684,11.4746584,12.4935967,13.3107221,12.200495,26.3145833,11.5352493,13.191844,14.9388381
2021-10-29,8.7059278,11.9138243,12.0914023,11.4799422,12.8409923,12.8989497,25.7666175,9.1789599,13.7891816,13.910101
2021-10-30,9.3718228,10.9791274,11.3064679,11.6716997,12.222256,14.686697,22.0408115,10.5066626,12.8093047,13.0953301
2021-10-31,9.6081643,12.3933473,10.6128344,11.6031368,13.755608,14.2614525,19.2101517,10.8130388,13.3415726,11.0206371
2021-11-01,10.9299676,12.2832016,10.857506,11.5221219,13.5382924,14.7353464,14.5914936,9.0977814,12.2266296,10.5916405
2021-11-02,11.8197177,13.0598258,11.2937235,12.1594047,14.2017007,12.2081196,14.7956387,8.3950472,12.1468368,10.6249525
2021-11-03,11.1928725,11.7865252,10.6307357,13.0329924,14.5445602,13.360025,14.2978773,8.8119477,12.5535925,10.0760165
2021-11-04,11.9501464,11.8647976,11.1358056,12.1647345,14.0818618,12.6172815,9.9453256,10.0624138,13.1063646,9.6036486
2021-11-05,11.6917475,11.4493651,10.3946431,12.0578354,14.4069164,13.4442231,9.6257158,12.3433324,14.7152148,10.4091777
2021-11-06,11.8433734,12.9359453,10.9263437,11.8967841,14.0984657,12.2779311,7.5691512,11.4842978,17.0918879,11.7468064
2021-11-07,10.834831,11.8683554,11.8623837,12.5765636,13.0728504,12.7556404,9.2857391,11.1087697,16.9615858,13.7221863
2021-11-08,10.0484573,11.7169248,12.1617765,12.326033,12.3514736,13.6045397,8.0763909,11.7432264,16.2734355,14.4977832
2021-11-09,10.0890975,12.3557613,11.1674882,12.360379,12.2038215,14.6144274,9.3409175,12.1574655,15.986013,14.079227
2021-11-10,10.8598981,12.9404674,11.1706223,12.1733095,11.4195272,13.9535307,12.9593608,11.0276351,17.1909083,13.161425
2021-11-11,10.6306581,15.9469942,10.3535157,13.8399945,12.0437792,14.7261717,13.9587044,10.8583399,17.3736636,14.4224701
2021-11-12,10.7210979,14.8341449,12.298107,15.0690894,11.2976881,15.1176522,16.6300815,11.4042166,15.6841334,15.0409075
2021-11-13,10.9718327,15.6655628,12.9017719,15.0456888,12.433463,15.6107672,18.8977077,10.3663471,15.6120087,15.4596085
2021-11-14,12.0915004,14.0860829,12.9820736,14.6033001,12.0389568,15.5745624,18.5933456,10.3403345,15.397204,13.710691
2021-11-15,11.6044075,14.1037407,13.4411766,14.5312714,12.5535125,15.3022788,20.0470554,9.9450957,15.4349869,15.1433128
2021-11-16,11.0149787,13.7066531,14.1652437,14.2029996,12.3666236,14.7880477,17.9876895,10.2655572,16.6708739,13.9786965
2021-11-17,10.4834757,12.8451385,14.0457038,14.4050751,12.5260125,14.8444405,14.9805779,11.2619964,18.1296217,15.5954147
2021-11-18,9.8937385,9.6020041,14.7190045,14.5700546,13.302696,14.8999332,15.5673586,9.9655736,18.1427938,13.6841339
2021-11-19,11.6607389,10.6462931,13.3544943,14.2862006,14.0740594,13.3027772,13.0682945,9.3735931,18.4459903,13.5455888
2021-11-20,9.936835,8.9466926,13.8532016,14.7274685,13.6613464,13.44395,15.2520439,8.9031015,17.0993515,12.7064736
2021-11-21,9.6320829,11.1120799,13.0134077,15.9953485,14.1223708,13.3295147,15.7822977,12.6871968,17.4717779,13.533902
2021-11-22,11.8759076,10.7736053,12.9933055,16.8489918,13.6809473,13.3528743,14.6760133,14.1776951,17.1747204,13.2144947
2021-11-23,12.4995183,10.2292603,13.0731943,17.0221091,13.7260977,13.4612541,14.890743,15.5244082,16.6900561,14.9866476
2021-11-24,13.8345783,9.9215115,13.1335482,15.792256,14.3157702,14.0378064,13.9518284,16.1228817,14.8842564,15.4062003
2021-11-25,14.8763467,11.271498,15.1741103,15.5771859,13.3389311,13.470311,16.9168363,17.8516642,14.3559578,16.6553329
2021-11-26,14.8268134,13.7444636,15.402033,15.6039679,13.2082432,14.2738977,18.9760558,17.4141131,13.9423856,16.6141799
2021-11-27,15.8303752,13.5929856,14.2570823,15.4746576,12.7375802,13.2912536,16.1493382,19.12738,14.4844725,15.6164744
2021-11-28,16.9150156,11.7954534,13.8153189,13.9798415,11.9598683,13.8632703,17.324902,15.1613325,15.167674,14.2609676
2021-11-29,16.050798,12.2731743,13.3817388,13.4442025,12.7684858,14.7514094,21.5155303,15.2737061,15.8226724,14.0346351
2021-11-30,16.973912,13.0096093,13.6361487,13.1322685,13.4480162,17.0324132,23.0307776,12.8152056,15.5787215,14.4576417
2021-12-01,16.4867913,13.019515,14.4465412,14.1438651,12.5105691,16.3039524,24.7215202,11.6091579,14.4674955,14.9108535
2021-12-02,17.653739,12.1176898,11.6158007,13.9821644,12.4387802,16.3959587,21.2054557,12.7351385,15.5225481,14.9163967
2021-12-03,18.5959144,8.7483808,12.0538306,14.3145604,12.380378,18.3524936,21.9927009,13.0382798,15.7651315,14.4951098
2021-12-04,21.7062537,9.8335483,12.7485736,15.396415,13.2390463,18.3720916,25.1393042,13.724521,15.9714244,15.8078801
2021-12-05,21.0666531,11.4062714,14.0619848,16.2715543,13.6754358,17.8977146,23.4164002,14.0179044,15.0071945,16.8921415
2021-12-06,20.5079502,11.9711697,13.6157842,17.5135389,13.9098775,17.468977,18.0575116,12.6958441,14.3772102,17.0030311
2021-12-07,19.6698622,11.0759674,13.1839798,18.1620265,14.5876435,15.1302113,15.4109397,13.759444,14.3255975,16.3126462
2021-12-08,19.5313032,12.1412888,12.9181331,17.6347485,15.965721,16.0368403,15.1498683,14.4059036,15.2847561,14.6199357
2021-12-09,18.4301215,12.2396215,14.6429686,17.6265125,15.3589567,16.7558377,16.850753,12.9376298,14.1853425,14.6422725
2021-12-10,17.5997912,14.7765811,14.4580943,17.4949424,14.7979355,17.8830116,15.1440839,13.6015133,15.1876684,15.2236441
2021-12-11,13.5281162,13.3735004,15.2977203,16.4430423,14.9901162,18.737109,12.9769803,12.0847537,15.176389,14.506139
2021-12-12,13.9325504,14.6845053,15.5518937,15.7837629,15.2094995,20.2673625,13.2265244,12.400262,16.1293103,14.8756261
2021-12-13,14.7380223,14.5660012,15.5691257,14.5886172,14.3920406,20.5028048,14.3637106,13.39659,17.9586911,14.6366986
2021-12-14,16.7670512,16.5835247,15.6649551,15.1076424,13.3307401,20.7793885,14.4740742,13.7223483,18.2517087,15.7724769
2021-12-15,18.6151493,17.0482939,15.1518918,15.3214193,13.2623349,21.3499094,15.2016862,13.9209185,19.0081989,17.6729461
2021-12-16,19.5640876,18.9830568,14.1897372,15.309619,13.2274645,21.0483999,17.7186777,13.1913189,18.8144151,17.6479138
2021-12-17,20.0519203,17.4120981,14.7805748,16.2454107,13.6489427,17.9613366,18.7613582,13.6805875,19.533685,18.0924808
2021-12-18,21.3778836,17.9685647,15.0234476,17.1363643,13.0076849,17.7022887,18.6279713,15.0316865,19.6310644,18.7196209
2021-12-19,22.4392142,16.3325489,14.8631665,18.3608621,12.3483205,17.2697813,18.9571491,16.4384719,19.8313685,18.2702766
2021-12-20,21.2567452,16.4941421,15.1021685,19.0649291,14.0244519,16.5640283,20.2658813,18.0179534,18.9499062,19.5861958
2021-12-21,20.3349556,14.8445524,15.7442054,19.8733716,14.5879673,18.9459128,21.712586,18.5568171,19.5710282,18.8124008
2021-12-22,20.8876406,14.2758897,17.0029096,22.1912946,14.6437598,18.6807077,21.2737032,17.975539,18.13969,17.2813522
2021-12-23,21.3974271,13.0753806,17.8455027,24.0701982,15.6149288,18.9643958,20.2250621,18.8615737,18.3708751,18.5461443
2021-12-24,22.8483682,14.039398,18.469709,24.9542798,17.3011751,20.2806962,19.9068574,18.3220305,18.2969794,19.7539177
2021-12-25,26.7557287,16.0222226,18.1503751,26.264925,19.204674,21.6491217,23.8138021,18.0561079,18.9982846,20.8287555
2021-12-26,26.6027122,19.1078597,18.8161586,28.4847954,19.9548629,21.9615872,23.2696597,17.7146855,19.5348138,21.464982
2021-12-27,31.176332,23.3721483,19.9607006,31.4958402,20.1583201,23.7623538,25.5373174,17.2582533,20.141449,19.9515913
2021-12-28,31.8717984,24.4184498,20.8600716,34.3868038,21.047235,22.4628786,26.7172714,17.8166161,19.9503983,21.0703518
2021-12-29,33.365664,25.2486245,21.6258963,35.2761596,22.2035221,22.6325715,30.3118878,19.7877252,20.9276976,21.6854915
2021-12-30,34.7569431,24.5488713,22.3445427,35.7436288,22.5416401,24.2408479,30.8132751,19.9114129,22.6580173,22.2635521
2021-12-31,34.071622,25.9990115,22.7515856,36.0457484,22.6664956,24.7294004,30.0462871,21.2549836,23.6267766,21.5631424
2022-01-01,31.796646,26.5417837,21.4634474,36.175699,22.0503275,24.3857747,28.4437959,23.0767224,23.9869605,22.1432204
2022-01-02,33.9675881,25.7439671,22.8690874,35.5326584,23.1261787,24.1387359,31.196906,24.0593189,23.9393798,23.2707534
2022-01-03,32.2008332,22.9719277,24.0547455,34.4672323,23.8634369,22.5496725,32.6290577,24.8137125,24.6646639,25.2525803
2022-01-04,32.3062623,24.0290393,24.7671335,34.2575801,24.9236551,24.7597914,33.3019197,24.556264,26.7886228,25.7331409
2022-01-05,29.3641018,25.214066,25.0386835,33.5620258,25.4293089,24.6745482,31.7519617,25.1902935,28.5450444,26.4118728
2022-01-06,27.8957056,27.5971987,26.8491089,33.0101231,26.6273339,23.8557916,35.1952677,25.9080233,29.54553,26.278494
2022-01-07,27.6195462,27.1407262,28.7891544,32.9095232,27.3223644,23.413595,38.6638527,28.7089057,29.3789204,24.2348862
2022-01-08,28.5359051,27.2741421,31.6229705,32.6036681,28.1466333,22.5620677,38.0784969,28.5479629,30.6804194,24.4843934
2022-01-09,27.0784253,26.7892558,29.3919027,32.9829974,28.1828533,22.9363398,35.6320876,29.6429063,31.5345268,23.7178346
2022-01-10,27.4329631,27.7253312,29.592241,32.2757723,27.5088478,24.9426521,32.7930665,29.4103736,31.495999,22.8136854
2022-01-11,27.5724587,25.6599886,31.1042858,30.9940332,26.9195895,24.6800769,31.4134301,28.7782276,30.8248912,22.6241858
2022-01-12,28.3771052,26.0359071,31.9030978,30.9662595,27.6468953,24.6183646,30.1864388,29.1323298,31.3959067,22.5257057
2022-01-13,35.5942526,23.1242401,32.7988522,30.3967581,27.8100874,27.55088,28.2636241,27.8442257,32.065955,22.7086422
2022-01-14,36.9115479,23.0653801,31.5391903,29.3077384,27.5298493,27.1557814,28.2937758,25.685824,31.8390346,25.8246013
2022-01-15,35.3489169,23.8096607,30.8960071,28.1730017,28.0051771,29.2354542,28.8779968,25.4063256,31.0897322,27.3027877
2022-01-16,34.2037372,24.1063155,32.4204332,26.8022921,28.1930348,30.0958348,29.7540348,26.7792178,31.176073,26.9543999
2022-01-17,32.2069722,23.4728121,33.3114124,25.6879478,28.1539417,30.4780304,28.0717063,27.5467038,32.2472072,27.1667031
2022-01-18,31.5528496,24.9576019,30.3694852,24.7578523,27.6753167,29.6862807,27.8025424,31.6073609,32.9646702,26.5136871
2022-01-19,31.1485227,24.1919382,28.88298,24.0847996,26.6746186,30.9257725,26.4433582,32.1730198,32.5301131,25.9643444
2022-01-20,23.8561924,25.6206441,26.8838925,22.9671662,26.7094687,28.1337569,24.2874438,33.2444616,30.52733,26.2649432
2022-01-21,23.6421831,23.450131,25.5851685,23.1629299,26.616602,27.6679355,21.7337426,34.1220103,31.1322657,24.1456328
2022-01-22,23.9592798,22.0158868,25.3494905,23.7300428,25.6884425,26.4934354,17.8669746,32.1895479,32.6780849,22.4134816
2022-01-23,26.8776822,21.1657746,24.7339429,22.7543853,26.1275716,26.9363371,15.0147389,29.599894,32.5404793,23.0659515
2022-01-24,26.3144422,19.8198382,22.6263744,21.4990063,26.3575208,24.4985811,14.690361,28.726688,31.8351434,23.0794648
2022-01-25,23.6861597,19.6562713,23.2376147,19.6727245,25.9202348,26.2078588,14.023161,25.4499313,31.0604938,22.4105091
2022-01-26,23.3405725,18.7650326,22.8347579,18.533988,24.4621464,27.3787347,12.417206,23.4885288,28.7558908,23.4948566
2022-01-27,22.9373614,20.2086651,22.1394333,20.6646592,22.7585994,28.3464428,11.6844431,22.7613031,29.0384905,22.4052867
2022-01-28,20.1106983,20.5303291,24.0733726,19.5564596,22.1612302,28.5896629,12.0975404,23.6562872,28.6928935,23.1936433
2022-01-29,21.261778,20.484224,23.7520776,18.8320233,22.045133,27.3067346,13.2046275,23.3595567,26.1583477,21.020392
2022-01-30,19.1254525,20.6671301,25.4898902,19.4089301,21.6827581,27.2361876,14.7574955,22.7180147,25.3603333,22.0935373
2022-01-31,18.7728966,22.0777343,25.1705224,19.4983159,20.5819747,27.8812952,14.6981947,22.4285371,24.6991894,19.6189025
2022-02-01,19.9149204,21.6854804,24.2515008,19.395488,20.5084626,25.8171492,15.3634323,21.3485454,23.6986175,19.5067159
2022-02-02,18.9220452,21.9596409,24.6091773,18.6753996,20.1641453,24.2438363,16.2038341,20.0825772,23.1899032,18.7137412
2022-02-03,19.2908298,19.7583916,24.5635273,16.3744126,20.9840694,23.1375935,15.7736637,21.7194195,23.033723,18.500402
2022-02-04,20.3295058,19.3349217,23.5632004,16.1663186,19.8080316,21.6695894,14.7079731,17.800761,22.0094132,15.3158916
2022-02-05,17.8885392,19.3965665,22.8747389,16.1321187,18.6183891,22.8548258,16.4161709,18.1388036,22.4779015,14.8555772
2022-02-06,16.4351273,19.0228811,21.9980242,13.5830556,18.2280203,20.5526704,16.2457624,18.6775242,21.2125245,13.2906603
2022-02-07,15.9305276,19.0276929,21.3768021,14.2433375,18.6718855,21.1317662,16.0568989,18.0707152,19.9989988,13.9218028
2022-02-08,16.5994258,19.8713495,21.1177477,14.3430513,18.3598614,21.187143,15.1597556,18.0218907,18.7509048,13.0976846
2022-02-09,16.2824559,19.4596709,20.8491098,14.5134815,18.0610294,20.5525007,18.1781937,20.1847884,18.1441367,11.6535127
2022-02-10,16.0123962,17.1645933,20.331361,13.6962872,16.5403107,19.1374899,18.2591701,18.0710284,17.3629738,10.8704394
2022-02-11,15.0230576,16.4966614,18.4204608,13.9205052,16.9945866,19.4772605,19.2956591,17.6256027,16.0479764,12.2845687
2022-02-12,16.2772009,15.7894141,17.5944798,14.2060965,16.9502066,17.7654024,17.2901882,15.4570486,15.5545001,12.6089982
2022-02-13,15.5889692,15.8034693,16.2202247,14.6361381,17.3051255,17.633735,16.2385785,13.8905114,15.4921771,13.5087332
2022-02-14,14.9358789,13.3009267,15.7281582,14.4444009,16.0886908,16.3723005,14.7705365,13.811546,17.1306967,13.6284027
2022-02-15,13.9716266,10.9455903,16.858423,14.2192788,16.1720792,14.8451257,15.6124659,12.9462093,17.3523872,14.7717912
2022-02-16,14.2229187,10.6766149,15.2065095,14.4485375,17.3783933,15.3492343,11.239584,12.9709024,17.220724,14.9008442
2022-02-17,12.1856718,9.8001339,14.208773,13.9031564,18.0680169,15.4112424,11.6689513,14.8023004,16.2695289,15.126792
2022-02-18,12.9771813,11.1336553,13.4238077,13.8833055,17.1374429,16.3817815,12.5968065,15.545095,15.5217966,15.8365424
2022-02-19,10.069015,11.1544968,13.8761135,12.5249035,16.7884544,17.0325435,10.3368238,16.1593529,13.1884455,16.6158089
2022-02-20,11.1850944,11.5979739,13.1676944,12.6245472,14.8964694,16.3247113,10.299381,18.5957113,12.4970568,13.2572225
2022-02-21,11.0664146,12.0418999,14.3146011,11.3467567,15.5620739,16.8271643,10.4637104,18.5852227,10.43669,12.1381818
2022-02-22,11.6516874,12.1118297,14.0639599,12.0945772,14.6940912,17.0336949,8.7627611,18.261889,12.3631565,10.2412445
2022-02-23,10.7037129,11.5660801,14.4779242,11.4732968,12.8419143,16.4248446,9.4264812,15.4605556,12.5025713,9.8076152
2022-02-24,12.1107994,13.4535156,13.7952883,13.0217837,13.0308906,16.1274284,8.9333522,14.4989536,13.2773105,9.9340892
2022-02-25,12.5203291,13.1801656,15.3237921,11.7984144,12.3442907,15.0050801,8.0993655,14.361996,14.9430647,8.7388362
2022-02-26,13.8326288,12.8701279,14.6093117,12.0762281,11.986494,13.7753438,9.3593461,15.6020362,16.8344651,7.3951613
2022-02-27,11.9067328,10.9786499,15.5752037,11.5318269,11.5763174,14.2477671,8.5834126,13.3662816,16.0631162,8.6007552
2022-02-28,12.9165638,10.2635547,14.56502,12.3542618,11.6011996,13.577488,9.4032243,12.1911878,15.9873202,9.3427647
2022-03-01,10.8411742,10.1671545,13.0779475,11.1945565,10.996336,12.8158785,10.1194626,14.215726,15.4555369,9.9637482
2022-03-02,11.3627402,10.9860825,12.9373546,11.868077,10.0822543,11.5975978,12.0066468,15.1659105,17.1218039,11.2540953
2022-03-03,10.1665245,11.1256977,13.4916474,10.262457,10.0227764,11.9451004,12.8945248,12.4946678,15.6984807,12.0607019
2022-03-04,8.5037129,10.2095106,12.4696691,10.889357,10.8532267,11.6325399,13.6807414,14.8658091,14.090125,14.3759811
2022-03-05,7.5622278,9.1152854,12.19348,11.1436562,11.814659,11.9440806,13.2722028,12.8438842,12.9719919,14.2240669
2022-03-06,8.7199047,8.4037461,11.7158615,12.1070028,12.798583,13.0417171,15.3113243,13.3489482,13.4933003,13.7044651
2022-03-07,9.2594661,7.7340828,11.3169887,11.5821098,11.651389,11.9080517,15.8196067,14.6297211,13.1872928,14.5296202
2022-03-08,11.4921927,6.7474107,11.5952049,11.784695,11.3781596,11.1062122,16.4505447,12.2408113,11.792608,14.079729
2022-03-09,12.0918449,5.6860732,11.4274844,11.6030082,11.8539534,13.4715204,14.3989846,12.9825698,11.051995,12.8116201
2022-03-10,12.7977129,3.5846385,11.4246371,12.0933793,10.7303216,14.45406,13.6633234,15.3234714,11.2765171,11.7473946
2022-03-11,13.0207635,3.3537963,10.535559,12.7925928,10.6389614,14.806287,14.5456876,13.1416693,11.9002279,10.6205862
2022-03-12,12.9082349,8.6760786,11.3823659,14.1126397,9.4938927,14.8174648,17.0154423,13.704458,11.9021753,10.7216362
2022-03-13,12.4840194,9.4994808,12.4073364,13.3852052,8.7481463,13.4630792,15.2717711,13.0019624,11.2029998,12.3758092
2022-03-14,11.0561132,9.809113,13.0148397,12.6813859,9.4146764,13.8512445,16.2215981,11.7860573,10.5439651,12.2069745
2022-03-15,8.9814267,11.0885524,13.1703163,15.2569033,9.6908054,14.6099584,14.3040869,12.5827863,10.4135851,13.6610073
2022-03-16,9.5636108,11.5304789,13.8046835,15.2391243,10.7954812,11.9977649,18.8192448,11.5741986,10.0537502,14.0186923
2022-03-17,10.0622403,13.1411666,13.2046434,15.6603042,10.246121,11.1849084,17.8740101,10.5981846,12.0950555,14.0660682
2022-03-18,10.2376898,13.2797112,14.456254,15.1721685,9.5343395,9.5159908,17.7413325,8.7371396,13.2810938,11.4071993
2022-03-19,10.3396515,11.7415,14.2143893,13.4770407,9.8539698,10.873711,15.4300111,8.4790666,13.9244207,12.6685588
2022-03-20,11.2281618,11.206704,12.1430875,13.6591991,10.9592307,10.4178008,18.9573995,9.3142386,14.563467,12.8512432
2022-03-21,12.4025088,11.4377318,11.4900827,15.7359789,10.0218269,11.230329,16.2047543,9.2712616,14.4975557,12.2705886
2022-03-22,12.1889248,11.0202965,12.1080125,12.649694,10.138458,10.6487383,17.2274065,8.7383301,15.1721436,11.426278
2022-03-23,12.0208893,10.6747466,11.2215037,12.5393185,10.2800145,11.0044814,15.1500058,8.1186514,14.3139716,11.6290256
2022-03-24,10.6623426,11.2909441,11.7376976,10.8228452,11.3323356,11.8322765,13.8431022,6.9759283,13.3163696,10.4009309
2022-03-25,12.5196041,11.7707808,11.1685058,10.0453646,12.116163,13.0011448,11.1325867,7.4627535,11.5814976,11.7242228
2022-03-26,11.9857213,8.247706,10.4905382,11.4338629,12.4122401,11.6934015,9.6222443,7.8382803,11.429456,10.8739894
2022-03-27,11.1389856,8.0580472,11.4290636,11.5256268,11.4762422,12.2299399,6.5260248,8.407775,11.3895798,10.4332811
2022-03-28,10.0423611,9.9227957,12.4582246,9.3207491,11.8326919,10.868093,5.6344593,7.2923151,11.8758635,10.0550913
2022-03-29,10.4040206,11.0477565,11.8626901,9.8030593,12.9018967,11.0782002,5.2031438,8.4005194,11.803699,10.958309
2022-03-30,9.6614174,13.0245536,11.5248327,11.0899549,12.2497188,9.624811,4.5443328,8.8670095,12.8525571,11.1028058
2022-03-31,8.5886284,14.4265188,11.9487916,12.3244301,12.1260784,7.9178919,6.1563926,8.7744211,11.5856113,12.0404036
2022-04-01,7.6049329,14.7069248,11.3862211,13.1629732,11.1752534,6.3227052,6.7711105,8.400928,11.3770403,12.2766768
2022-04-02,8.1540385,14.5676603,13.7268743,11.8445797,11.1366356,5.0824278,6.6289436,8.0565925,10.174046,13.0977195
2022-04-03,7.5246241,14.9505178,13.6507069,12.5260598,11.730783,4.760756,9.7163751,6.912629,9.0925786,11.7331578
2022-04-04,6.8265705,14.7993661,12.401229,14.3784199,12.2101658,5.5666376,12.2876027,7.9096584,9.0711318,11.0400719
2022-04-05,6.8643987,13.2737204,12.0560135,14.0060235,11.5692538,6.6146069,14.0731858,7.6268433,8.9992537,10.9931977
2022-04-06,6.5759124,12.2503717,12.7503966,13.0019664,12.1881133,7.6922566,16.5779496,6.7414861,8.4450731,10.6680602
2022-04-07,7.987046,9.4814453,12.2444715,13.5567459,12.1030816,8.0707908,16.6893676,7.9306326,8.9639611,10.8200293
2022-04-08,8.4235442,11.8684771,13.1028936,12.753368,13.2253951,9.9266685,16.6760729,7.7058209,10.6819668,10.7217388
2022-04-09,10.7095564,11.0213284,10.9552328,13.5727504,13.829412,10.6980698,18.7523936,8.457559,11.7090425,11.0204094
2022-04-10,12.1867909,11.3371085,9.7878484,13.3577888,14.1734177,12.2229507,13.9818363,8.196424,13.7262081,11.4736423
2022-04-11,13.2408199,11.0617109,10.4964328,11.8757603,13.6524208,11.9637643,11.0251589,8.0130083,13.5614146,12.331289
2022-04-12,13.4253123,11.0149034,12.378354,13.6153781,13.200855,11.1556364,10.450615,7.4479304,13.6743641,11.3374434
2022-04-13,12.9970659,10.2799415,11.5423196,14.3699094,13.1179932,11.172095,8.0038184,9.1303896,14.5915163,11.174758
2022-04-14,13.7125085,11.6956913,11.5867408,13.9455674,12.8201897,11.3873489,7.4685608,8.5950204,15.265712,11.9062414
2022-04-15,14.6290379,9.7376544,12.7449704,14.6034371,11.9510416,10.1615633,7.1135926,8.8525011,14.553274,13.4384811
2022-04-16,12.5006996,11.8644356,12.3490931,15.1979454,12.4728943,10.8528381,7.1243173,8.1389997,14.3902546,13.245896
2022-04-17,12.609078,12.9604963,12.7197693,15.5441069,12.0438445,7.8065309,7.1365711,7.6756969,12.8044016,14.2418139
2022-04-18,13.6117124,11.9751477,13.1928449,15.3404132,12.3074839,7.9289488,9.3537689,8.9013229,13.3014613,14.4300615
2022-04-19,14.6183154,11.8305651,12.3275088,14.926027,12.2511974,9.5077844,10.9601859,8.4183276,13.7226792,18.1446681
2022-04-20,16.0347068,12.1172709,12.710023,13.5335257,12.2849134,8.2501666,11.7610313,6.4676448,12.3043421,19.5011696
2022-04-21,13.9256961,11.745367,12.1717615,13.82233,12.7752803,7.6753917,13.2436612,7.0860598,13.1769272,18.9296098
2022-04-22,14.2888978,11.3964993,11.4853674,13.5300715,13.4300281,9.1285778,13.9820948,11.4323407,13.2743724,17.9390032
2022-04-23,14.9921518,10.0197428,12.401694,11.3026415,11.8320571,10.7458933,11.2424579,11.2909337,13.0171982,17.625795
2022-04-24,14.4713608,6.8586377,12.7450259,10.9090605,11.2247572,11.1875855,14.0604943,13.53589,12.6110037,16.9719717
2022-04-25,14.7763973,6.2879121,11.483049,13.1327056,12.0904108,11.547689,12.99324,12.5548997,12.7314649,16.637959
2022-04-26,15.0035913,7.039443,10.8582731,12.1673248,12.3837061,10.1626654,13.0962449,12.6101568,12.7435284,12.0970991
2022-04-27,13.8109391,6.7896034,11.8805416,14.0157372,11.7665965,10.7452545,11.870888,13.3619646,13.5311597,12.4171128
2022-04-28,15.6470911,8.6326326,13.9303062,13.0220716,12.9715163,12.0710427,10.687888,13.7829168,12.2147392,11.9083096
2022-04-29,13.7906988,6.735204,13.5955184,14.8012095,13.9628433,11.7748244,10.6461799,7.8174355,12.9751585,11.7816594
2022-04-30,12.7157323,8.2651052,13.2820825,16.7201214,14.4867723,10.711178,12.3113537,9.0115401,13.2876479,11.2599724
2022-05-01,12.1623313,11.7024179,15.3524264,16.7884786,14.8462866,10.7085428,8.84301,8.5655909,13.6982312,10.8874294
2022-05-02,11.0142746,13.2947101,17.1063325,15.2403953,13.9948444,9.7967696,11.0279189,9.3912164,13.1606912,10.686415
2022-05-03,11.0798974,13.0528276,16.5969246,16.7380374,13.8701216,10.7664725,9.7246848,12.8797764,12.6721433,11.0972233
2022-05-04,12.9672274,13.5422725,16.4310606,15.6331637,13.7966792,12.3738888,11.0219004,12.8929114,12.4951298,9.2527247
2022-05-05,13.8953527,11.1665421,15.7300339,16.9224067,12.0791475,13.299056,11.3968786,12.9466246,12.9956319,9.6844682
2022-05-06,13.9829917,12.5400743,15.8218557,16.8948116,10.2573337,12.9101875,10.9493304,13.9658135,11.6103801,8.6048584
2022-05-07,14.2528398,12.5674769,16.5794036,16.3823188,10.5833274,12.9147703,11.5568956,13.5241028,12.1368532,9.2052208
2022-05-08,17.058953,11.2368349,14.9703658,16.4246859,10.701754,13.2166973,14.2476558,12.9600728,13.428527,9.3442548
2022-05-09,21.5711962,10.7394935,13.868144,17.6282818,10.5247544,14.2799093,13.1455526,12.4914085,13.2905844,9.5995573
2022-05-10,24.2738045,10.7170817,13.8254352,16.8595324,10.9257202,13.5883692,14.5405077,10.3691444,13.4446643,9.476083
2022-05-11,24.4935971,10.4662613,14.7179364,18.8129843,11.8328468,12.7436044,16.6554567,11.0366501,14.8679751,11.6753152
2022-05-12,25.4202543,11.7567221,15.5450621,20.1965045,12.0468271,11.0683841,16.569508,10.4489949,15.0836363,12.4252875
2022-05-13,25.7683245,11.4297593,15.7399147,19.7225883,13.7789878,10.8295288,19.56402,12.7347327,15.4932276,13.7121427
2022-05-14,28.935086,10.7949387,14.4786353,20.225054,13.7453312,11.0071888,17.9686269,13.9382553,15.7228559,13.3042799
2022-05-15,28.7263138,11.049129,13.8425676,20.862915,15.718385,12.7817542,16.8431962,14.695134,17.1965213,13.9979968
2022-05-16,27.4017769,11.2077004,13.8677713,20.1232362,17.8536066,12.0361163,15.2293485,14.9928199,19.0046179,13.740435
2022-05-17,25.2636154,11.17319,16.2124106,20.8141701,17.8447789,12.8481074,13.9415273,14.5787386,19.3517118,13.9755436
2022-05-18,24.42985,12.9823909,15.95208,19.7238592,17.7713855,12.8998416,11.6023926,16.3250189,19.710548,11.9560519
2022-05-19,21.6013742,12.4575552,15.4077704,20.8265201,18.3077334,13.8869943,13.247074,19.2321228,20.9706322,11.6812986
2022-05-20,22.5071534,12.7503456,15.7838095,20.5727852,18.6198218,13.7089122,12.2758966,17.9396289,22.8033617,16.6486177
2022-05-21,20.0714594,13.1555399,15.7712584,20.5051705,18.5066143,13.7707194,12.9520368,17.1793198,24.0650258,17.4451028
2022-05-22,19.8647703,15.0069333,16.638781,21.2500694,17.0214878,12.9269658,13.1195749,18.1250397,21.6893613,16.1186111
2022-05-23,18.0529506,16.0446041,17.7311756,21.3682781,15.542442,12.8495205,14.180672,17.4926345,21.5261984,15.8124111
2022-05-24,20.4139169,17.3134709,17.0249858,21.7917945,16.3949412,11.4878385,14.4361455,17.6148124,22.371101,17.5846262
2022-05-25,22.93477,16.8634018,16.1318326,21.7202379,16.2919135,12.2568275,13.7613979,16.6899065,22.467726,20.0646857
2022-05-26,24.6191039,17.9812986,15.7789776,19.8399693,16.8313407,10.4677337,12.1203859,13.822232,22.1551522,20.3841623
2022-05-27,24.4646253,19.380957,14.5154561,21.1525661,17.1925684,11.7185028,9.9854526,12.9948086,20.7058135,18.651229
2022-05-28,23.4087223,19.3604023,15.034781,21.4327378,16.9876144,11.6561961,11.3905655,14.0055604,19.6930662,20.4313848
2022-05-29,23.8488386,17.2795725,14.4040599,20.1488138,16.6474369,11.6241277,10.762983,13.6281628,20.5784201,22.7375864
2022-05-30,23.7107871,17.8711489,14.2045444,19.9691382,18.1913204,12.3632299,11.6276356,15.989962,20.0120242,24.6209039
2022-05-31,21.6891785,19.6007074,13.9617146,19.1061353,18.6182735,12.9726329,12.4908749,16.342022,21.0574455,23.2226324
2022-06-01,19.6960074,19.9623838,13.1128651,19.3570973,18.7769264,12.9592346,16.1856621,18.1434014,19.7361796,21.4441678
2022-06-02,18.5721295,18.7249566,13.8282156,19.133219,18.512753,14.3509585,18.5459867,20.2243099,20.4992996,23.5378755
2022-06-03,18.5003532,18.7364428,13.8799791,17.439201,17.1282048,14.6600938,21.9906429,22.3336091,21.1346076,22.1196977
2022-06-04,19.4500163,18.5573672,14.1892114,17.6275667,17.688848,15.3085401,22.1003828,20.7214218,19.6782356,20.7376301
2022-06-05,18.3437493,18.8731964,16.2399919,18.0265631,19.6741783,14.5328038,26.5391522,21.6668919,20.0456409,21.7573513
2022-06-06,19.676779,16.9225841,16.9886284,18.033181,17.9547926,14.9309724,27.0271427,18.8782712,18.5607871,21.6178641
2022-06-07,21.7342437,14.1941162,16.7408213,18.275057,16.9002725,14.8828468,26.1506109,17.7170346,18.1465087,21.3588886
2022-06-08,24.2220705,15.990263,17.7856411,17.8138366,16.2029119,13.8404892,24.1750388,14.4711211,17.6789228,24.091666
2022-06-09,25.4407881,18.0335348,17.7363368,16.989952,15.9629441,13.7107595,21.4779157,11.1582966,17.1315171,22.4476454
2022-06-10,24.5105495,18.6545252,19.1979644,17.3367559,15.8321845,13.8381328,21.54019,11.7498244,16.6499,22.0778998
2022-06-11,23.0164045,20.0775109,18.9655818,17.9670903,17.5522601,12.8382913,21.8978653,12.5392341,18.2756787,22.7988742
2022-06-12,23.5090644,19.3380889,17.5252812,18.6867668,16.2891035,13.8949554,18.3743606,10.8453014,17.3543849,21.3349856
2022-06-13,23.6226954,21.1405506,15.9110881,19.1206275,18.1427551,14.331987,19.1516199,11.4694845,18.2631996,21.5699345
2022-06-14,23.0156442,20.6805108,16.6002666,19.6719518,19.20357,15.0488543,18.8704294,11.7988591,17.4873386,21.9755323
2022-06-15,18.8446659,15.9498085,17.8902414,19.1808591,19.8488357,15.3643318,19.0582621,14.5243853,18.9300962,19.3792136
2022-06-16,18.3885929,15.0398289,17.2559272,19.691444,19.5556974,18.9880531,20.5251261,15.9394314,18.9515847,17.8245074
2022-06-17,18.7596455,14.1468878,17.3398114,20.1396611,20.1108795,18.4723711,18.6836171,13.622867,19.8070647,16.5975192
2022-06-18,18.9348376,11.8723082,18.3402581,20.090972,18.5479555,18.4842682,21.7795028,14.8040617,18.8207716,14.5440518
2022-06-19,16.0783935,12.0692537,22.4461288,21.0476933,16.5807674,18.934071,21.108186,16.8145305,19.3328559,13.9995226
2022-06-20,17.4924484,11.6936134,21.3749127,21.4557153,16.601516,17.6724032,19.9346668,17.8081641,20.4234627,14.4273106
2022-06-21,17.905854,13.8182483,24.0603293,21.609944,16.3922323,18.0154649,21.6640319,17.84041,18.3808607,16.135197
2022-06-22,18.1182398,16.3873876,22.1101558,22.0930255,16.5408938,19.204232,21.2198483,15.1314826,16.2540712,16.0517691
2022-06-23,19.4385395,15.5139674,23.9537476,21.3205554,17.3245305,17.0173269,20.4988229,15.4576916,15.4490273,19.2589185
2022-06-24,19.920422,15.1234254,22.9294362,21.7279653,17.185481,18.9422244,19.9704596,18.2045496,14.2202587,19.9756719
2022-06-25,19.294665,17.3287076,23.1702501,20.845901,17.2306799,18.5374158,14.7857037,17.4809262,14.3912392,21.2164343
