time_value,227,230,231
2020-08-01,10.2422412,12.9792338,8.6034238
2020-08-02,11.4875146,13.5397408,13.3341344
2020-08-03,10.7719113,13.0368877,15.3123839
2020-08-04,11.2561046,18.0249845,6.3284861
2020-08-05,11.9207212,10.2416907,9.8059123
2020-08-06,11.5637271,8.3960123,10.6980391
2020-08-07,10.1481582,15.4705329,15.858167
2020-08-08,10.0771593,6.7125945,16.4244256
2020-08-09,12.5076165,11.4556883,13.401451
2020-08-10,11.1354487,12.868102,10.6397004
2020-08-11,10.6412928,17.9779908,13.0939318
2020-08-12,11.5248487,13.3216538,11.4823414
2020-08-13,12.8468705,17.2801918,15.5783489
2020-08-14,12.4321366,11.3679718,6.2950607
2020-08-15,11.4915625,10.2638688,13.0161158
2020-08-16,11.0062072,16.3454659,8.3101134
2020-08-17,9.4972821,7.2505459,9.8102089
2020-08-18,13.6731325,13.5712364,10.5421482
2020-08-19,12.3130271,11.0807733,10.3155966
2020-08-20,11.2882951,13.2297844,15.5275777
2020-08-21,10.4247488,8.2808298,10.9679154
2020-08-22,10.3780612,12.7267412,8.5342901
2020-08-23,9.9609996,13.5198242,15.2094732
2020-08-24,16.7435112,11.4384425,11.279962
2020-08-25,10.3201686,11.3616115,9.1182888
2020-08-26,10.4999551,15.6879122,9.6687195
2020-08-27,12.4159672,15.8208068,8.8623141
2020-08-28,11.7332997,10.8126232,10.4809172
2020-08-29,12.3164493,15.8356329,12.3390009
2020-08-30,12.3836575,15.0919217,8.3558595
2020-08-31,11.8140801,5.7988645,5.5261405
2020-09-01,11.9108585,17.3560746,9.3351464
2020-09-02,14.5506135,11.9362732,14.5398952
2020-09-03,10.5471313,12.764591,12.4522491
2020-09-04,10.3216531,8.0360185,13.4060898
2020-09-05,11.8199954,11.5888548,10.0062612
2020-09-06,15.0729805,7.1398242,8.7483859
2020-09-07,11.4059923,12.9417781,8.7465185
2020-09-08,11.1173949,9.5193384,15.4776463
2020-09-09,12.7762058,18.3761724,13.4706749
2020-09-10,11.6302797,13.720411,15.4885764
2020-09-11,11.5823942,6.6929068,12.1768879
2020-09-12,11.9019525,7.4172404,4.9586796
2020-09-13,11.5422843,13.3819462,9.061808
2020-09-14,8.8813678,13.2736924,12.8450487
2020-09-15,13.7509911,16.6590778,10.4099028
2020-09-16,10.1298394,12.8317085,9.6188406
2020-09-17,8.8053566,13.3524769,10.3536037
2020-09-18,13.3558152,13.3832744,12.3986241
2020-09-19,13.4721634,7.9571922,10.321346
2020-09-20,10.9726997,12.1861115,12.0975851
2020-09-21,5.9902032,9.6378017,12.6832363
2020-09-22,12.9832702,11.9781484,13.1697718
2020-09-23,12.9686741,12.2585231,16.2576854
2020-09-24,12.8199226,8.0338534,12.6526055
2020-09-25,8.742653,22.680443,15.0187435
2020-09-26,14.0102883,15.556588,5.8172612
2020-09-27,12.4690578,12.0234257,11.8492733
2020-09-28,12.7155972,6.4473853,13.3478116
2020-09-29,10.8085263,8.8716407,10.0851048
2020-09-30,10.0697453,16.38464,10.2174676
2020-10-01,12.9826963,0.0,0.0
2020-10-02,14.8143766,0.0,13.8621679
2020-10-03,14.8776341,0.0,0.0
2020-10-04,11.0948124,0.0,0.0
2020-10-05,13.7529673,8.7665587,14.8458661
2020-10-06,13.6064199,8.4555005,16.1224425
2020-10-07,15.7751176,14.7686951,13.9403154
2020-10-08,15.9687035,11.7843072,13.6597554
2020-10-09,16.1835383,15.0111932,12.7479759
2020-10-10,15.2850659,21.4269726,16.7091457
2020-10-11,12.1114218,12.9459421,21.3388154
2020-10-12,16.6358262,17.6385932,23.1903979
2020-10-13,16.2251973,16.6981637,14.0022686
2020-10-14,10.1944905,18.7530523,10.9631104
2020-10-15,12.2565507,18.8335951,14.0606014
2020-10-16,12.2778597,13.5277239,9.0301337
2020-10-17,11.0055491,13.1705932,11.4488322
2020-10-18,12.2298817,13.0244261,11.4506645
2020-10-19,10.2893246,15.8606119,12.8680375
2020-10-20,11.8674751,17.6308697,16.0402843
2020-10-21,11.4234738,22.0174368,15.0115537
2020-10-22,12.6844733,0.0,17.8670711
2020-10-23,16.7136944,0.0,18.5897747
2020-10-24,15.4303306,0.0,26.7833884
2020-10-25,15.1861914,0.0,0.0
2020-10-26,13.902424,17.2909134,0.0
2020-10-27,14.7127634,0.0,0.0
2020-10-28,12.872009,0.0,0.0
2020-10-29,13.7265465,0.0,0.0
2020-10-30,21.3328481,0.0,0.0
2020-10-31,14.6277842,0.0,20.5096485
2020-11-01,12.6300272,24.9682876,0.0
2020-11-02,23.6888585,16.4506487,23.3596448
2020-11-03,13.5441936,0.0,0.0
2020-11-04,16.7990043,0.0,0.0
2020-11-05,21.2251005,0.0,0.0
2020-11-06,16.3067644,0.0,0.0
2020-11-07,16.1869705,0.0,0.0
2020-11-08,16.9402381,0.0,0.0
2020-11-09,15.9339681,0.0,0.0
2020-11-10,18.1606163,28.2749651,21.709905
2020-11-11,19.3735693,20.0549342,23.6642469
2020-11-12,14.9029463,21.9982067,27.514925
2020-11-13,18.1096549,0.0,0.0
2020-11-14,19.4515893,27.8732439,26.0924816
2020-11-15,15.0560542,17.1883062,24.5443684
2020-11-16,20.8303502,17.5046852,24.9880016
2020-11-17,22.3424141,20.5155023,21.6390598
2020-11-18,16.7762378,24.0722715,19.6493961
2020-11-19,23.2862075,23.5736423,29.8703778
2020-11-20,17.2158549,23.9899527,30.3695103
2020-11-21,21.015803,24.7472807,18.8219778
2020-11-22,21.3068466,16.125336,17.1816661
2020-11-23,18.671192,26.5409233,19.6318172
2020-11-24,22.6569053,20.3983691,32.7807636
2020-11-25,24.43495,23.9047845,17.2651305
2020-11-26,21.8054758,23.4296259,24.7634362
2020-11-27,18.3831839,22.3593021,15.3357245
2020-11-28,21.3913512,19.0563111,29.6748522
2020-11-29,22.0367885,32.4969393,23.152926
2020-11-30,22.0199005,27.0160478,20.5809371
2020-12-01,21.9344894,27.0971504,31.5614529
2020-12-02,21.2560535,19.1914784,28.7949679
2020-12-03,23.5506653,28.6282503,27.2544513
2020-12-04,23.9389141,25.5365732,25.9460654
2020-12-05,29.7593344,21.4597873,24.1635425
2020-12-06,25.0196382,19.7315424,30.0262255
2020-12-07,26.3616478,27.6636294,27.4339126
2020-12-08,26.8326521,23.6191755,29.4766671
2020-12-09,23.3973927,28.701664,28.2146823
2020-12-10,26.23562,25.9092983,22.7230803
2020-12-11,28.4743071,18.6257904,32.5454166
2020-12-12,23.4383252,21.8117468,19.5588767
2020-12-13,21.4210959,25.0792766,28.5512632
2020-12-14,28.3734573,27.4309569,27.0728139
2020-12-15,24.4699919,18.6762061,30.9467547
2020-12-16,29.8056115,29.7583849,31.9476282
2020-12-17,25.5461812,22.7100832,26.1626049
2020-12-18,24.6191333,29.195185,27.6423715
2020-12-19,21.7095502,25.666295,28.9627225
2020-12-20,21.9867603,30.1847995,31.1384332
2020-12-21,29.3112763,34.6562882,32.9938813
2020-12-22,27.145214,26.7176049,27.7135396
2020-12-23,31.0394923,26.3077095,25.9500099
2020-12-24,22.4799138,33.1648453,33.3505294
2020-12-25,24.27043,25.9141769,26.6719097
2020-12-26,25.8285145,19.5126669,27.7885352
2020-12-27,23.224158,31.0536072,28.5616965
2020-12-28,21.7179759,32.4576961,27.3818057
2020-12-29,24.5177877,29.1516603,25.0713066
2020-12-30,25.4534408,27.9788498,28.2862322
2020-12-31,30.4218663,21.9357992,33.9558395
2021-01-01,23.9874512,28.8538957,31.895063
2021-01-02,25.0483409,28.5714252,26.3265109
2021-01-03,24.3249045,26.3360973,28.5790395
2021-01-04,24.5527614,20.245098,32.6616162
2021-01-05,31.5379436,28.0543229,35.0546241
2021-01-06,27.0938448,25.762487,26.1245479
2021-01-07,27.4562714,23.9456719,31.7365354
2021-01-08,29.1292601,27.9585111,24.1977199
2021-01-09,25.1695642,26.4898162,27.3113235
2021-01-10,25.5860648,29.9629012,30.3438236
2021-01-11,30.5209983,26.5909163,24.0603224
2021-01-12,26.4945599,36.2177759,33.9939543
2021-01-13,29.3446568,27.6292274,40.4651478
2021-01-14,31.5608944,36.5276802,23.3677822
2021-01-15,24.4772463,24.4337633,33.9287212
2021-01-16,32.1102941,25.2703875,28.4091023
2021-01-17,24.5163515,25.6307584,31.7901485
2021-01-18,26.1352472,28.4846257,32.0316041
2021-01-19,26.0752783,25.0393254,25.9935488
2021-01-20,26.2713572,27.0171827,23.3330075
2021-01-21,24.1179517,21.1521924,24.3416555
2021-01-22,27.992926,24.7559701,30.7654327
2021-01-23,28.4143822,23.711372,32.9617542
2021-01-24,21.4705731,25.0269527,21.5597847
2021-01-25,19.4950321,27.8257044,32.5331513
2021-01-26,20.5157543,32.5027655,39.2878693
2021-01-27,27.3485953,23.5682759,29.9833567
2021-01-28,22.0061368,29.1473427,28.0095586
2021-01-29,25.7830429,30.866993,19.1385232
2021-01-30,21.7559395,22.4577412,25.1722423
2021-01-31,27.5206097,25.332406,25.5730531
2021-02-01,22.5147821,25.4143283,23.1080633
2021-02-02,22.7628013,0.0,23.6392613
2021-02-03,18.1280702,30.1611985,25.8670581
2021-02-04,22.2248431,22.2552712,21.5541635
2021-02-05,22.9669411,20.2536718,24.461046
2021-02-06,17.9107202,22.4143704,21.6422829
2021-02-07,18.586788,25.2291173,28.0454684
2021-02-08,19.6135772,23.4911928,29.4644645
2021-02-09,20.7085557,18.0233365,22.9026143
2021-02-10,22.7007483,21.3717732,16.5650374
2021-02-11,20.1359034,14.9065111,21.6974682
2021-02-12,15.6101532,21.2570155,22.5345487
2021-02-13,19.0545644,24.1656235,20.2802302
2021-02-14,15.2222605,23.5321803,16.0646239
2021-02-15,16.6820487,19.6222056,23.939193
2021-02-16,10.9510646,24.0883479,19.0598738
2021-02-17,15.3631508,12.5205258,17.8515414
2021-02-18,12.9629913,16.1463167,18.5771781
2021-02-19,16.1286551,17.6631577,23.020596
2021-02-20,14.7923859,0.0,17.879479
2021-02-21,15.5365258,17.0446832,24.9139342
2021-02-22,13.8618217,23.013315,22.6231081
2021-02-23,15.6903949,18.8087911,22.476038
2021-02-24,15.9323822,19.3428955,16.2732181
2021-02-25,16.9500984,15.9437415,19.7975051
2021-02-26,17.929253,20.622599,22.1713229
2021-02-27,16.1979327,22.6008198,9.9115154
2021-02-28,19.1654136,12.5014475,13.4475359
2021-03-01,15.9138663,17.929927,10.0897075
2021-03-02,15.2439504,26.1203363,13.6339449
2021-03-03,14.4062742,16.247231,16.3801522
2021-03-04,14.0767171,12.9154659,16.3085211
2021-03-05,10.5861352,14.497732,26.1482631
2021-03-06,11.5698701,15.5760817,8.1557164
2021-03-07,17.4019297,17.4903511,11.7384275
2021-03-08,12.1796651,18.328304,13.8992303
2021-03-09,13.4896219,21.0296062,17.8652034
2021-03-10,14.3584415,21.0106411,12.7187001
2021-03-11,16.4028031,15.9214024,14.2766333
2021-03-12,11.2500265,17.6355475,10.1284395
2021-03-13,11.9148031,0.0,17.9463193
2021-03-14,15.1227592,16.7739807,17.2312487
2021-03-15,15.4019069,24.7815205,24.4340393
2021-03-16,13.6547621,13.1718443,15.5383275
2021-03-17,10.9081909,23.1605091,19.118534
2021-03-18,15.1425645,18.5493839,13.3471967
2021-03-19,15.0024703,16.0534128,14.137256
2021-03-20,13.7056666,0.0,15.8915874
2021-03-21,13.4272894,21.0094314,10.7728551
2021-03-22,13.4933962,16.8821647,19.0059756
2021-03-23,12.0889519,20.1985264,18.207072
2021-03-24,13.6933754,17.5391096,14.5597249
2021-03-25,19.4304764,17.8742174,12.9617721
2021-03-26,14.0515666,0.0,0.0
2021-03-27,15.0653177,12.8849939,14.3767408
2021-03-28,13.4027995,15.6999006,13.769283
2021-03-29,18.2146065,15.7585954,18.1854962
2021-03-30,15.8740464,23.0018722,12.0114506
2021-03-31,16.1576863,22.4027979,14.0219751
2021-04-01,16.9433036,15.9816003,0.0
2021-04-02,10.8190132,24.1325015,24.7640142
2021-04-03,19.6615122,0.0,19.7791256
2021-04-04,11.6765656,19.7276466,13.4138978
2021-04-05,17.5148901,21.0940337,0.0
2021-04-06,15.6355252,0.0,10.7439186
2021-04-07,15.026647,12.8808709,16.8211716
2021-04-08,15.5575968,17.2265752,0.0
2021-04-09,19.5144355,0.0,18.4637749
2021-04-10,15.2354659,20.3372379,16.5207522
2021-04-11,11.6477818,12.1744005,9.337731
2021-04-12,13.9945022,0.0,10.4940504
2021-04-13,14.3871217,23.7274797,19.3827191
2021-04-14,17.3446775,12.9769742,18.234523
2021-04-15,17.7305017,21.1228665,0.0
2021-04-16,11.969725,0.0,17.0918313
2021-04-17,18.8640542,12.9171297,24.8319092
2021-04-18,13.7045097,9.5559925,12.7526125
2021-04-19,11.8455121,0.0,18.3809251
2021-04-20,11.9771134,0.0,15.9993635
2021-04-21,16.0443493,0.0,9.9837841
2021-04-22,11.7673662,12.2316725,11.0488958
2021-04-23,12.1148922,15.4834639,0.0
2021-04-24,14.8561454,0.0,0.0
2021-04-25,14.4071079,0.0,0.0
2021-04-26,8.7034138,12.446054,7.5434383
2021-04-27,10.4933494,13.5893078,8.2105907
2021-04-28,11.9757,13.7816143,7.2280024
2021-04-29,16.6026159,0.0,9.8225645
2021-04-30,13.1618777,0.0,0.0
2021-05-01,11.5844481,11.2255925,0.0
2021-05-02,11.1648532,0.0,9.5380016
2021-05-03,11.3058205,0.0,0.0
2021-05-04,14.2382862,0.0,0.0
2021-05-05,12.0962416,0.0,11.20921
2021-05-06,7.176694,0.0,0.0
2021-05-07,11.4413154,0.0,0.0
2021-05-08,12.8896033,0.0,0.0
2021-05-09,10.8518048,0.0,0.0
2021-05-10,9.0300381,0.0,11.8361736
2021-05-11,10.486372,0.0,0.0
2021-05-12,7.5039929,0.0,0.0
2021-05-13,9.9613804,0.0,0.0
2021-05-14,8.0668499,0.0,0.0
2021-05-15,7.21647,0.0,0.0
2021-05-16,7.0084217,0.0,7.1778387
2021-05-17,7.1550001,0.0,0.0
2021-05-18,6.8128055,0.0,0.0
2021-05-19,5.2457614,0.0,0.0
2021-05-20,5.0814995,0.0,0.0
2021-05-21,6.3293134,0.0,11.7252437
2021-05-22,5.6620049,0.0,0.0
2021-05-23,5.5351121,0.0,0.0
2021-05-24,8.9433546,0.0,0.0
2021-05-25,7.933382,0.0,0.0
2021-05-26,5.758782,0.0,0.0
2021-05-27,9.6921211,0.0,0.0
2021-05-28,9.517416,0.0,0.0
2021-05-29,7.0955785,0.0,0.0
2021-05-30,7.7152227,0.0,7.2337147
2021-05-31,5.6184044,0.0,0.0
2021-06-01,9.8854134,0.0,0.0
2021-06-02,7.3017176,0.0,0.0
2021-06-03,4.7737971,0.0,0.0
2021-06-04,10.4881763,0.0,0.0
2021-06-05,9.9602042,0.0,0.0
2021-06-06,10.7989134,0.0,0.0
2021-06-07,5.6116011,0.0,0.0
2021-06-08,8.3582319,0.0,0.0
2021-06-09,10.3498308,0.0,0.0
2021-06-10,7.7691784,0.0,0.0
2021-06-11,9.3420093,0.0,0.0
2021-06-12,11.1535211,0.0,0.0
2021-06-13,7.1839408,0.0,0.0
2021-06-14,6.686471,0.0,0.0
2021-06-15,12.6552531,0.0,0.0
2021-06-16,5.9404369,0.0,0.0
2021-06-17,6.7224846,0.0,0.0
2021-06-18,7.8141316,0.0,0.0
2021-06-19,5.1610437,0.0,0.0
2021-06-20,5.2476429,0.0,0.0
2021-06-21,7.8245133,0.0,0.0
2021-06-22,8.3511136,0.0,0.0
2021-06-23,6.0514266,0.0,0.0
2021-06-24,8.1475997,0.0,0.0
2021-06-25,12.4623252,0.0,0.0
2021-06-26,7.727502,0.0,0.0
2021-06-27,7.7054668,0.0,0.0
2021-06-28,8.8959913,0.0,0.0
2021-06-29,4.6874397,0.0,0.0
2021-06-30,6.7010838,0.0,0.0
2021-07-01,11.2083475,0.0,0.0
2021-07-02,6.8211197,0.0,0.0
2021-07-03,8.143405,0.0,0.0
2021-07-04,8.8932507,0.0,0.0
2021-07-05,7.2101058,0.0,0.0
2021-07-06,8.308557,0.0,0.0
2021-07-07,7.6223149,0.0,0.0
2021-07-08,8.2677766,0.0,0.0
2021-07-09,9.3102462,0.0,0.0
2021-07-10,12.3113029,0.0,0.0
2021-07-11,7.8204878,0.0,0.0
2021-07-12,9.3787837,0.0,0.0
2021-07-13,13.2776832,0.0,0.0
2021-07-14,7.571342,0.0,0.0
2021-07-15,8.4896497,0.0,7.0454147
2021-07-16,8.384118,0.0,0.0
2021-07-17,7.6402176,0.0,0.0
2021-07-18,10.2612779,0.0,0.0
2021-07-19,10.8520043,0.0,0.0
2021-07-20,8.052131,0.0,0.0
2021-07-21,11.2895201,0.0,0.0
2021-07-22,11.712016,11.9069584,7.6824096
2021-07-23,10.9454789,0.0,0.0
2021-07-24,12.083183,0.0,9.7174054
2021-07-25,13.9985116,0.0,0.0
2021-07-26,10.8277881,0.0,0.0
2021-07-27,9.3676419,0.0,0.0
2021-07-28,14.850864,0.0,6.3336071
2021-07-29,11.438461,0.0,0.0
2021-07-30,10.4589862,0.0,0.0
2021-07-31,10.6860745,0.0,0.0
2021-08-01,14.3698333,0.0,13.3497371
2021-08-02,12.3128798,0.0,0.0
2021-08-03,13.6933349,9.368648,0.0
2021-08-04,12.9183995,7.3727576,0.0
2021-08-05,10.7216426,0.0,14.8143067
2021-08-06,11.2128265,0.0,0.0
2021-08-07,13.7907201,0.0,0.0
2021-08-08,10.0639589,0.0,19.4817363
2021-08-09,11.2541531,0.0,0.0
2021-08-10,13.0793591,12.4246083,15.8952892
2021-08-11,13.8396425,0.0,15.9577112
2021-08-12,10.5969453,0.0,0.0
2021-08-13,11.0173988,16.9653109,0.0
2021-08-14,12.9348995,0.0,15.4252996
2021-08-15,11.2353559,0.0,17.3362199
2021-08-16,11.339933,0.0,8.4183183
2021-08-17,11.2571778,0.0,0.0
2021-08-18,16.8710218,0.0,13.138296
2021-08-19,10.7522979,13.1118665,7.8110296
2021-08-20,15.750608,0.0,0.0
2021-08-21,8.1754323,21.2079858,0.0
2021-08-22,12.7137387,0.0,11.4102327
2021-08-23,12.5876309,0.0,12.1465062
2021-08-24,9.5628258,0.0,0.0
2021-08-25,13.445511,0.0,0.0
2021-08-26,9.3223017,0.0,17.553125
2021-08-27,13.3018355,12.7304311,0.0
2021-08-28,12.3603435,10.8001885,0.0
2021-08-29,9.0995728,0.0,0.0
2021-08-30,9.9603802,0.0,0.0
2021-08-31,11.207781,0.0,12.141441
2021-09-01,13.6686255,12.0279352,0.0
2021-09-02,14.5768955,10.7599585,8.0189491
2021-09-03,13.098351,0.0,14.3618786
2021-09-04,10.1573183,0.0,0.0
2021-09-05,13.2943721,0.0,0.0
2021-09-06,11.0208226,23.1043401,0.0
2021-09-07,12.4967969,0.0,10.2701933
2021-09-08,14.948607,0.0,0.0
2021-09-09,17.3906663,0.0,0.0
2021-09-10,12.8126148,0.0,14.0129314
2021-09-11,14.3279338,0.0,0.0
2021-09-12,20.8613414,22.3340735,19.8835339
2021-09-13,14.015703,0.0,8.617924
2021-09-14,17.874365,0.0,0.0
2021-09-15,13.4536701,0.0,0.0
2021-09-16,15.1134856,0.0,0.0
2021-09-17,14.0863972,0.0,0.0
2021-09-18,14.9919036,0.0,0.0
2021-09-19,15.318111,0.0,0.0
2021-09-20,13.6236243,0.0,0.0
2021-09-21,16.8218505,0.0,0.0
2021-09-22,17.0291118,23.3281564,0.0
2021-09-23,20.6509996,0.0,0.0
2021-09-24,16.4505351,0.0,0.0
2021-09-25,10.0773725,0.0,0.0
2021-09-26,11.149327,0.0,0.0
2021-09-27,12.4390104,0.0,0.0
2021-09-28,12.9240362,0.0,15.3517069
2021-09-29,20.1535198,0.0,0.0
2021-09-30,16.809743,0.0,0.0
2021-10-01,19.6784905,0.0,0.0
2021-10-02,19.4904513,0.0,0.0
2021-10-03,11.0197174,0.0,0.0
2021-10-04,12.8727234,0.0,0.0
2021-10-05,10.0821943,0.0,0.0
2021-10-06,14.5775975,0.0,0.0
2021-10-07,10.8015931,0.0,0.0
2021-10-08,19.3896024,0.0,0.0
2021-10-09,21.7103981,0.0,0.0
2021-10-10,13.3114645,0.0,0.0
2021-10-11,11.111644,0.0,0.0
2021-10-12,18.3157771,0.0,0.0
2021-10-13,20.426623,0.0,0.0
2021-10-14,14.23625,0.0,0.0
2021-10-15,7.8685234,0.0,0.0
2021-10-16,11.9438931,0.0,0.0
2021-10-17,12.0519587,0.0,0.0
2021-10-18,12.4022513,0.0,0.0
2021-10-19,13.807909,0.0,0.0
2021-10-20,25.9315716,0.0,0.0
2021-10-21,11.3216394,0.0,0.0
2021-10-22,16.4330208,0.0,0.0
2021-10-23,14.7682449,0.0,0.0
2021-10-24,9.4432011,0.0,0.0
2021-10-25,15.0481756,0.0,0.0
2021-10-26,12.190932,0.0,0.0
2021-10-27,18.1753901,0.0,0.0
2021-10-28,16.5656516,0.0,0.0
2021-10-29,19.9743351,0.0,0.0
2021-10-30,11.6231237,0.0,0.0
2021-10-31,12.381265,0.0,0.0
2021-11-01,10.9076955,0.0,0.0
2021-11-02,12.7670218,0.0,0.0
2021-11-03,15.1115469,0.0,0.0
2021-11-04,13.3813113,0.0,0.0
2021-11-05,15.3629783,0.0,0.0
2021-11-06,18.2509359,0.0,0.0
2021-11-07,11.1914829,0.0,0.0
2021-11-08,17.2997118,0.0,0.0
2021-11-09,13.7577845,0.0,0.0
2021-11-10,10.3550988,0.0,0.0
2021-11-11,8.6872341,0.0,0.0
2021-11-12,14.1674586,0.0,0.0
2021-11-13,20.6639474,0.0,0.0
2021-11-14,14.3737785,0.0,0.0
2021-11-15,22.2272475,0.0,0.0
2021-11-16,17.0886286,0.0,0.0
2021-11-17,19.2025657,0.0,0.0
2021-11-18,16.0271562,0.0,0.0
2021-11-19,16.5693588,0.0,0.0
2021-11-20,20.5671024,0.0,0.0
2021-11-21,16.9013819,0.0,0.0
2021-11-22,22.857189,0.0,0.0
2021-11-23,18.3624828,0.0,0.0
2021-11-24,18.2133065,0.0,0.0
2021-11-25,20.0183023,0.0,0.0
2021-11-26,18.6776392,0.0,0.0
2021-11-27,17.2122031,0.0,0.0
2021-11-28,21.9790737,0.0,0.0
2021-11-29,15.794742,0.0,0.0
2021-11-30,20.2970191,0.0,0.0
2021-12-01,20.9247882,0.0,0.0
2021-12-02,18.7079252,0.0,0.0
2021-12-03,21.2966448,0.0,0.0
2021-12-04,21.2812141,0.0,0.0
2021-12-05,17.7433693,0.0,0.0
2021-12-06,19.6804115,0.0,0.0
2021-12-07,20.1003648,0.0,0.0
2021-12-08,20.565442,0.0,0.0
2021-12-09,26.8420644,0.0,0.0
2021-12-10,16.8714674,0.0,0.0
2021-12-11,27.9791823,0.0,0.0
2021-12-12,24.7163277,0.0,0.0
2021-12-13,22.9844451,0.0,0.0
2021-12-14,19.9461741,0.0,0.0
2021-12-15,21.6297975,0.0,0.0
2021-12-16,29.0934462,0.0,0.0
2021-12-17,27.9009477,0.0,0.0
2021-12-18,26.0014983,0.0,34.0544052
2021-12-19,23.6361862,0.0,0.0
2021-12-20,23.7994029,0.0,0.0
2021-12-21,27.8748652,0.0,0.0
2021-12-22,35.9445111,0.0,24.9945384
2021-12-23,37.2678008,0.0,32.9158992
2021-12-24,30.7301237,0.0,0.0
2021-12-25,26.8852252,0.0,0.0
2021-12-26,40.9932523,0.0,0.0
2021-12-27,35.6701462,0.0,36.4607433
2021-12-28,45.9875033,0.0,0.0
2021-12-29,40.8874462,44.7677632,0.0
2021-12-30,47.0487051,41.3907101,39.4041189
2021-12-31,44.7656377,42.1919169,42.8442144
2022-01-01,42.3511532,48.0003841,38.7229095
2022-01-02,44.1767572,44.298067,35.2053829
2022-01-03,45.5360234,43.3553585,55.2339552
2022-01-04,47.996737,48.494658,47.8313377
2022-01-05,51.6960189,41.4738378,52.1415835
2022-01-06,51.1111687,63.3238863,54.8907524
2022-01-07,49.9661373,52.9370412,0.0
2022-01-08,44.0316063,43.3381477,58.1137107
2022-01-09,47.7273852,51.8662518,50.5016953
2022-01-10,42.8657467,52.2768134,47.0214231
2022-01-11,45.8669984,0.0,46.3847077
2022-01-12,50.5146293,0.0,0.0
2022-01-13,57.717813,0.0,0.0
2022-01-14,50.1496054,0.0,46.5638033
2022-01-15,46.0013764,38.738013,44.0289455
2022-01-16,46.2287553,42.7444793,41.0553748
2022-01-17,35.6207233,0.0,43.9284627
2022-01-18,36.6505001,0.0,0.0
2022-01-19,38.0719624,0.0,0.0
2022-01-20,44.9140299,46.127546,33.9267718
2022-01-21,38.2132642,0.0,0.0
2022-01-22,32.7219296,0.0,0.0
2022-01-23,29.644719,0.0,0.0
2022-01-24,32.1980106,0.0,0.0
2022-01-25,32.9012677,35.0313118,0.0
2022-01-26,30.6133251,0.0,0.0
2022-01-27,31.7168296,0.0,0.0
2022-01-28,24.3296404,0.0,0.0
2022-01-29,25.1418263,0.0,0.0
2022-01-30,15.8170915,0.0,0.0
2022-01-31,18.6500122,0.0,0.0
2022-02-01,25.363359,0.0,0.0
2022-02-02,22.1198339,0.0,0.0
2022-02-03,25.5186735,0.0,0.0
2022-02-04,22.9738781,0.0,0.0
2022-02-05,23.513918,0.0,0.0
2022-02-06,20.9593922,0.0,0.0
2022-02-07,17.4684869,0.0,0.0
2022-02-08,17.1425416,0.0,0.0
2022-02-09,18.2791189,0.0,0.0
2022-02-10,11.0498248,0.0,0.0
2022-02-11,13.553423,0.0,0.0
2022-02-12,21.500041,0.0,0.0
2022-02-13,19.8061493,0.0,0.0
2022-02-14,16.197715,0.0,0.0
2022-02-15,14.612817,0.0,0.0
2022-02-16,15.9215281,0.0,0.0
2022-02-17,20.570377,0.0,0.0
2022-02-18,16.2337731,0.0,0.0
2022-02-19,13.4825859,0.0,0.0
2022-02-20,19.6283272,0.0,0.0
2022-02-21,13.803368,0.0,0.0
2022-02-22,11.6334924,0.0,0.0
2022-02-23,14.5835341,0.0,0.0
2022-02-24,10.7394277,0.0,0.0
2022-02-25,11.7524009,0.0,0.0
2022-02-26,9.6311867,0.0,0.0
2022-02-27,22.3283269,0.0,0.0
2022-02-28,11.5756067,0.0,0.0
2022-03-01,12.5338695,0.0,0.0
2022-03-02,11.858759,0.0,0.0
2022-03-03,12.7332658,0.0,0.0
2022-03-04,20.080764,0.0,0.0
2022-03-05,12.7612681,0.0,0.0
2022-03-06,14.0382585,0.0,0.0
2022-03-07,12.7870457,0.0,0.0
2022-03-08,14.243165,0.0,0.0
2022-03-09,9.5040735,0.0,0.0
2022-03-10,13.3691992,0.0,0.0
2022-03-11,19.3681472,0.0,0.0
2022-03-12,15.9380475,0.0,0.0
2022-03-13,13.1323886,0.0,0.0
2022-03-14,10.445337,0.0,0.0
2022-03-15,13.1910739,0.0,0.0
2022-03-16,18.9396925,0.0,0.0
2022-03-17,11.1211134,0.0,0.0
2022-03-18,14.6895232,0.0,0.0
2022-03-19,10.3335198,0.0,0.0
2022-03-20,14.3809798,0.0,0.0
2022-03-21,13.216628,0.0,0.0
2022-03-22,14.5372781,0.0,0.0
2022-03-23,16.3334145,0.0,0.0
2022-03-24,17.3075899,0.0,0.0
2022-03-25,20.12456,0.0,0.0
2022-03-26,11.80238,0.0,0.0
2022-03-27,17.9248501,0.0,0.0
2022-03-28,18.0580091,0.0,0.0
2022-03-29,17.6139673,0.0,0.0
2022-03-30,21.2335706,0.0,0.0
2022-03-31,26.1132934,0.0,0.0
2022-04-01,18.2975426,0.0,0.0
2022-04-02,23.1759215,0.0,0.0
2022-04-03,16.8471464,0.0,0.0
2022-04-04,19.785643,0.0,0.0
2022-04-05,19.7278735,0.0,0.0
2022-04-06,22.3562402,0.0,0.0
2022-04-07,21.4288592,0.0,0.0
2022-04-08,19.4309028,0.0,0.0
2022-04-09,27.7446805,0.0,0.0
2022-04-10,21.9514879,0.0,0.0
2022-04-11,24.1770237,0.0,0.0
2022-04-12,19.585423,0.0,0.0
2022-04-13,35.2013129,0.0,0.0
2022-04-14,31.0022067,0.0,0.0
2022-04-15,29.7872652,0.0,0.0
2022-04-16,26.3815182,0.0,0.0
2022-04-17,20.9978195,0.0,0.0
2022-04-18,23.6333403,0.0,0.0
2022-04-19,23.0652643,0.0,0.0
2022-04-20,27.1008083,0.0,0.0
2022-04-21,27.1615521,0.0,0.0
2022-04-22,22.6246493,0.0,0.0
2022-04-23,19.9834826,0.0,0.0
2022-04-24,25.3923608,0.0,0.0
2022-04-25,21.688002,0.0,0.0
2022-04-26,29.9833573,0.0,0.0
2022-04-27,33.0505736,0.0,0.0
2022-04-28,26.5194416,0.0,0.0
2022-04-29,25.5931515,0.0,0.0
2022-04-30,39.9528291,0.0,0.0
2022-05-01,34.7205536,0.0,0.0
2022-05-02,29.9217053,0.0,0.0
2022-05-03,33.8332662,0.0,0.0
2022-05-04,32.7770639,0.0,0.0
2022-05-05,34.2833903,0.0,0.0
2022-05-06,32.3700212,0.0,0.0
2022-05-07,28.7334086,0.0,0.0
2022-05-08,38.0668468,0.0,0.0
2022-05-09,35.5959578,0.0,0.0
2022-05-10,40.4963763,0.0,0.0
2022-05-11,36.8581165,0.0,0.0
2022-05-12,39.9635466,0.0,0.0
2022-05-13,39.7962551,0.0,0.0
2022-05-14,41.2287997,0.0,0.0
2022-05-15,38.678417,0.0,0.0
2022-05-16,39.3690427,0.0,0.0
2022-05-17,35.4269036,0.0,0.0
2022-05-18,41.5840166,0.0,0.0
2022-05-19,35.990359,0.0,0.0
2022-05-20,42.586604,0.0,0.0
2022-05-21,38.6310123,0.0,0.0
2022-05-22,21.7465952,0.0,0.0
2022-05-23,27.8409365,0.0,0.0
2022-05-24,31.1281682,0.0,0.0
2022-05-25,33.6696865,0.0,0.0
2022-05-26,27.71015,0.0,0.0
2022-05-27,33.8960319,0.0,0.0
2022-05-28,30.8068292,0.0,0.0
2022-05-29,34.5014915,0.0,0.0
2022-05-30,24.6705928,0.0,0.0
2022-05-31,34.9888027,0.0,0.0
2022-06-01,33.0156841,0.0,0.0
2022-06-02,43.0494439,0.0,0.0
2022-06-03,26.6464923,0.0,0.0
2022-06-04,21.6197325,0.0,0.0
2022-06-05,27.5153676,0.0,0.0
2022-06-06,31.3222021,0.0,0.0
2022-06-07,24.7248635,0.0,0.0
2022-06-08,21.6945121,0.0,0.0
2022-06-09,24.9441034,0.0,0.0
2022-06-10,21.9657299,0.0,0.0
2022-06-11,24.8614604,0.0,0.0
2022-06-12,25.2894339,0.0,0.0
2022-06-13,18.5160766,0.0,0.0
2022-06-14,23.2839434,0.0,0.0
2022-06-15,21.3171337,0.0,0.0
2022-06-16,27.9700047,0.0,0.0
2022-06-17,23.8496776,0.0,0.0
2022-06-18,29.5726627,0.0,0.0
2022-06-19,31.2781796,0.0,0.0
2022-06-20,20.4261081,0.0,0.0
2022-06-21,26.4324391,0.0,0.0
2022-06-22,20.4706149,0.0,0.0
2022-06-23,30.1393933,0.0,0.0
2022-06-24,23.5291959,0.0,0.0
2022-06-25,26.2671692,0.0,0.0
