time_value,373,374,375,376,377,379,380
2020-08-01,0.0,22.81553398058253,0.0,0.0,0.0,13.829787234042554,8.529411764705882
2020-08-02,0.0,27.358490566037734,0.0,0.0,0.0,0.0,15.196078431372548
2020-08-03,0.0,28.353658536585364,0.0,12.352941176470589,0.0,16.629464285714285,11.964285714285715
2020-08-04,0.0,13.18181818181818,0.0,12.886597938144329,0.0,14.698492462311558,16.08527131782946
2020-08-05,0.0,19.46564885496183,0.0,10.919540229885058,0.0,11.405529953917052,15.460526315789474
2020-08-06,0.0,15.806451612903224,0.0,7.83132530120482,0.0,10.216346153846152,7.551020408163265
2020-08-07,0.0,19.758064516129032,0.0,0.0,0.0,10.0,8.762886597938143
2020-08-08,0.0,23.737373737373737,0.0,0.0,0.0,13.203463203463205,9.375
2020-08-09,0.0,0.0,0.0,0.0,0.0,0.0,12.4
2020-08-10,0.0,21.72413793103448,0.0,9.615384615384617,0.0,15.232558139534882,14.212328767123289
2020-08-11,2.272727272727273,13.942307692307692,0.0,13.414634146341465,5.844155844155844,7.306590257879657,12.02290076335878
2020-08-12,2.6595744680851063,23.118279569892472,0.0,12.4,1.8072289156626504,12.831858407079649,7.763157894736842
2020-08-13,0.381679389312977,28.5,0.0,8.241758241758241,8.050847457627118,13.360881542699724,11.335403726708076
2020-08-14,5.147058823529411,26.063829787234045,0.0,0.0,10.227272727272728,11.003861003861005,7.381615598885793
2020-08-15,0.0,15.97222222222222,0.0,0.0,1.5789473684210529,15.100671140939598,10.855263157894738
2020-08-16,0.0,23.91304347826087,0.0,0.0,6.989247311827956,0.0,9.482758620689657
2020-08-17,0.0,18.21705426356589,0.0,9.615384615384617,6.41025641025641,15.340909090909092,8.520900321543408
2020-08-18,4.017857142857143,19.33962264150944,0.0,15.354330708661418,2.604166666666667,14.092664092664092,9.9609375
2020-08-19,0.0,22.64957264957265,0.0,7.065217391304348,5.038759689922481,11.666666666666666,9.210526315789473
2020-08-20,0.5813953488372093,21.764705882352946,0.0,8.552631578947368,2.525252525252525,15.79861111111111,6.619718309859154
2020-08-21,0.0,20.3125,0.0,0.0,4.320987654320987,11.477572559366754,6.140350877192982
2020-08-22,0.0,24.11764705882353,0.0,0.0,18.125,12.2,12.84722222222222
2020-08-23,0.0,31.060606060606062,0.0,0.0,8.461538461538462,0.0,8.680555555555555
2020-08-24,0.0,23.50993377483444,0.0,12.804878048780488,0.0,11.98547215496368,7.662337662337662
2020-08-25,0.7246376811594203,21.69117647058824,0.0,18.807339449541285,0.0,8.885941644562333,4.833333333333333
2020-08-26,0.0,17.61904761904762,0.0,11.616161616161616,0.0,10.828877005347596,9.163987138263666
2020-08-27,0.6329113924050633,18.70748299319728,0.0,7.051282051282051,0.0,5.330882352941177,4.107142857142857
2020-08-28,0.0,23.5,0.0,0.0,0.0,13.837638376383763,6.357388316151202
2020-08-29,0.0,22.164948453608247,0.0,0.0,0.0,7.795698924731183,5.865921787709497
2020-08-30,0.0,23.33333333333333,0.0,0.0,0.0,0.0,5.743243243243244
2020-08-31,0.0,18.928571428571427,0.0,8.928571428571429,0.0,12.375,13.25136612021858
2020-09-01,0.7692307692307693,16.94214876033058,0.0,4.090909090909091,0.0,12.824675324675324,8.636363636363637
2020-09-02,0.0,23.504273504273502,0.0,10.11904761904762,0.0,8.59375,12.395543175487465
2020-09-03,7.307692307692308,16.972477064220186,0.0,16.93548387096774,0.0,10.15625,11.189801699716714
2020-09-04,0.0,19.46564885496183,0.0,0.0,0.0,7.314148681055157,8.017492711370263
2020-09-05,0.0,30.55555555555556,0.0,0.0,0.0,16.037735849056602,12.37864077669903
2020-09-06,0.0,28.3132530120482,0.0,0.0,0.0,0.0,18.421052631578945
2020-09-07,0.0,39.42307692307692,0.0,0.0,0.0,11.51685393258427,14.367816091954024
2020-09-08,8.522727272727272,24.796747967479675,0.0,16.371681415929203,0.0,9.168241965973536,10.68840579710145
2020-09-09,2.307692307692308,19.491525423728813,0.0,9.13978494623656,0.0,7.578740157480316,10.450819672131148
2020-09-10,8.116883116883116,19.23076923076924,0.0,0.0,0.0,5.268817204301075,7.879656160458452
2020-09-11,3.211009174311927,22.16981132075472,0.0,0.0,0.0,7.613636363636364,8.807829181494661
2020-09-12,0.0,29.1044776119403,0.0,0.0,0.0,11.813186813186812,11.538461538461538
2020-09-13,0.0,28.48101265822785,0.0,0.0,0.0,20.714285714285715,20.394736842105264
2020-09-14,11.18421052631579,20.703125,0.0,10.759493670886076,0.0,9.009740259740258,18.19787985865724
2020-09-15,4.824561403508771,14.748201438848922,0.0,8.333333333333332,0.0,10.07532956685499,8.214285714285714
2020-09-16,5.416666666666667,22.15909090909091,0.0,7.386363636363637,0.0,7.00836820083682,5.465116279069767
2020-09-17,2.976190476190476,19.473684210526315,0.0,10.0,0.0,6.839622641509433,15.977443609022558
2020-09-18,6.428571428571428,16.666666666666664,0.0,0.0,0.0,11.145833333333334,13.4765625
2020-09-19,0.0,0.0,0.0,0.0,0.0,15.680473372781064,17.032967032967033
2020-09-20,0.0,0.0,0.0,0.0,0.0,0.0,13.768115942028986
2020-09-21,7.851239669421488,22.34042553191489,0.0,10.396039603960396,0.0,9.962049335863378,11.13138686131387
2020-09-22,5.508474576271186,15.217391304347828,0.0,8.947368421052632,0.0,12.232779097387176,8.891213389121338
2020-09-23,10.15625,17.415730337078653,0.0,10.759493670886076,0.0,8.582089552238806,7.780082987551867
2020-09-24,1.3157894736842104,22.916666666666664,0.0,0.0,1.5432098765432098,8.984375,13.79746835443038
2020-09-25,0.0,31.35593220338983,0.0,0.0,5.588235294117648,11.41304347826087,10.465116279069768
2020-09-26,0.0,20.833333333333336,0.0,0.0,5.737704918032787,13.059701492537313,14.402173913043478
2020-09-27,0.0,27.34375,0.0,0.0,14.000000000000002,0.0,14.242424242424242
2020-09-28,1.851851851851852,19.92753623188406,0.0,9.689922480620156,9.82905982905983,8.38150289017341,15.24896265560166
2020-09-29,3.048780487804878,20.089285714285715,0.0,9.913793103448276,8.333333333333332,6.725146198830409,12.442922374429225
2020-09-30,5.833333333333333,19.76744186046512,0.0,10.869565217391305,4.910714285714286,12.633451957295376,10.340632603406323
2020-10-01,0.0,30.45977011494253,0.0,8.582089552238806,7.7433628318584065,12.23175965665236,8.362068965517242
2020-10-02,0.0,15.289256198347106,0.0,0.0,5.924170616113744,13.137254901960786,10.733695652173914
2020-10-03,0.0,21.929824561403507,0.0,0.0,8.064516129032258,16.26984126984127,10.483870967741936
2020-10-04,0.0,32.142857142857146,0.0,0.0,9.883720930232558,24.69879518072289,16.48936170212766
2020-10-05,13.020833333333334,13.91509433962264,0.0,18.38235294117647,5.296610169491525,11.292834890965732,11.247216035634745
2020-10-06,2.8735632183908044,10.0,0.0,14.338235294117649,15.056818181818182,7.762938230383972,16.34948096885813
2020-10-07,5.670103092783505,18.53932584269663,0.0,8.940397350993377,5.215827338129497,11.403508771929824,9.722222222222223
2020-10-08,2.027027027027027,22.566371681415927,0.0,12.573099415204677,7.716049382716049,14.050632911392404,8.867521367521368
2020-10-09,0.0,21.71717171717172,0.0,0.0,12.937062937062937,13.304093567251464,11.983471074380166
2020-10-10,0.0,0.0,0.0,0.0,7.142857142857142,17.015706806282722,18.78048780487805
2020-10-11,0.0,25.0,0.0,0.0,8.095238095238095,29.464285714285715,21.22302158273381
2020-10-12,33.65384615384615,14.878048780487804,0.0,6.770833333333333,6.127450980392156,15.033222591362128,18.59375
2020-10-13,1.5625,21.428571428571427,0.0,14.748201438848922,10.616438356164384,10.998439937597505,12.208067940552016
2020-10-14,3.8461538461538463,13.855421686746988,0.0,13.716814159292037,6.481481481481481,14.847715736040607,11.33177570093458
2020-10-15,7.758620689655173,22.02380952380952,0.0,11.452513966480447,6.60377358490566,12.591687041564793,13.827433628318584
2020-10-16,24.545454545454547,17.032967032967033,0.0,0.0,12.576687116564417,11.788617886178862,12.953995157384988
2020-10-17,0.0,19.81132075471698,0.0,0.0,19.5945945945946,19.84924623115577,13.601532567049809
2020-10-18,0.0,0.0,0.0,0.0,20.078740157480315,21.71052631578948,17.473118279569892
2020-10-19,0.0,9.788359788359788,0.0,8.152173913043478,7.6171875,15.53672316384181,13.895486935866982
2020-10-20,15.217391304347828,13.529411764705882,0.0,12.84722222222222,7.926829268292683,13.06179775280899,15.266106442577032
2020-10-21,6.790123456790123,18.75,0.0,17.586206896551722,9.375,21.10266159695817,14.132553606237815
2020-10-22,4.216867469879518,22.916666666666664,0.0,15.745856353591158,6.655290102389079,9.956236323851202,13.157894736842104
2020-10-23,13.709677419354838,20.707070707070702,0.0,9.420289855072465,12.037037037037036,11.773255813953488,15.127388535031846
2020-10-24,0.0,0.0,0.0,0.0,16.796875,17.38095238095238,20.42682926829268
2020-10-25,0.0,0.0,0.0,0.0,12.393162393162394,0.0,19.642857142857142
2020-10-26,16.911764705882355,14.488636363636363,0.0,16.666666666666664,10.0,15.714285714285714,15.217391304347828
2020-10-27,8.558558558558559,16.233766233766232,0.0,19.11764705882353,21.64179104477612,15.357142857142858,16.385135135135133
2020-10-28,9.813084112149532,19.28571428571429,0.0,20.192307692307693,11.016949152542372,11.190965092402465,17.936507936507937
2020-10-29,13.88888888888889,21.287128712871286,0.0,16.237113402061855,10.685483870967742,16.057441253263708,18.31683168316832
2020-10-30,16.666666666666664,12.5,0.0,23.64864864864865,10.416666666666668,13.100961538461538,16.203703703703702
2020-10-31,0.0,0.0,0.0,0.0,15.346534653465346,19.34673366834171,21.296296296296298
2020-11-01,0.0,25.961538461538463,0.0,0.0,11.27450980392157,26.923076923076923,17.36111111111111
2020-11-02,14.84375,21.71717171717172,0.0,11.29032258064516,6.485355648535565,19.77611940298508,21.382636655948552
2020-11-03,6.967213114754098,15.979381443298967,0.0,16.071428571428573,6.910569105691057,15.816326530612246,18.47457627118644
2020-11-04,7.142857142857142,15.69767441860465,0.0,13.424124513618676,12.89308176100629,14.094650205761315,15.476190476190476
2020-11-05,15.048543689320388,19.5945945945946,0.0,8.986175115207374,16.007194244604317,18.30835117773019,14.383561643835616
2020-11-06,32.608695652173914,18.253968253968253,0.0,10.15625,16.86390532544379,15.476190476190476,14.948453608247425
2020-11-07,0.0,0.0,0.0,0.0,14.642857142857144,24.59349593495935,19.36416184971098
2020-11-08,0.0,0.0,0.0,0.0,21.47887323943662,35.43689320388349,25.1937984496124
2020-11-09,26.05633802816901,16.153846153846153,0.0,15.460526315789474,14.46886446886447,25.465313028764808,20.63711911357341
2020-11-10,12.393162393162394,0.0,0.0,19.902912621359224,7.534246575342466,16.164154103852596,15.3
2020-11-11,13.503649635036496,0.0,0.0,18.113772455089823,10.13986013986014,19.69253294289897,19.666666666666664
2020-11-12,11.46788990825688,0.0,0.0,14.038461538461538,10.294117647058822,16.6110183639399,17.710843373493976
2020-11-13,26.063829787234045,0.0,0.0,7.211538461538461,9.027777777777777,15.580985915492956,19.41860465116279
2020-11-14,0.0,0.0,0.0,0.0,14.499999999999998,20.74235807860262,21.651785714285715
2020-11-15,0.0,0.0,0.0,0.0,13.750000000000002,27.47747747747748,29.47019867549669
2020-11-16,13.23529411764706,20.454545454545457,0.0,10.454545454545451,11.521739130434783,19.95798319327731,21.608527131782942
2020-11-17,13.855421686746988,0.0,0.0,18.863636363636363,7.702349869451696,14.3879173290938,20.9375
2020-11-18,8.709677419354838,0.0,0.0,11.04417670682731,7.3232323232323235,15.051020408163266,15.345528455284551
2020-11-19,0.0,0.0,0.0,9.888059701492535,11.213235294117649,14.13662239089184,16.698841698841697
2020-11-20,9.45945945945946,18.75,0.0,0.0,8.529411764705882,14.297800338409475,15.612244897959185
2020-11-21,0.0,0.0,0.0,0.0,16.176470588235293,21.3963963963964,20.0381679389313
2020-11-22,0.0,0.0,0.0,0.0,11.538461538461538,28.01724137931034,24.34554973821989
2020-11-23,23.026315789473685,0.0,0.0,12.61682242990654,11.31578947368421,18.14236111111111,19.71153846153846
2020-11-24,11.946902654867255,0.0,0.0,13.306451612903224,7.725947521865889,12.835570469798656,21.290944123314063
2020-11-25,17.424242424242426,0.0,0.0,7.009345794392523,11.776859504132233,11.068702290076336,17.562380038387715
2020-11-26,0.0,0.0,0.0,0.0,0.0,0.0,0.0
2020-11-27,14.527027027027026,0.0,0.0,0.0,12.1875,24.749498997996,28.26086956521739
2020-11-28,0.0,0.0,0.0,0.0,15.460526315789474,21.616541353383457,35.82995951417004
2020-11-29,0.0,0.0,0.0,0.0,20.56451612903226,23.55072463768116,26.14942528735632
2020-11-30,7.837837837837839,27.77777777777778,0.0,17.857142857142858,13.34841628959276,19.87270155586988,27.50556792873052
2020-12-01,24.725274725274726,0.0,0.0,17.783505154639176,8.516483516483516,19.39890710382513,26.781002638522427
2020-12-02,13.025210084033615,0.0,0.0,20.772058823529413,15.0,14.030131826741997,25.40322580645161
2020-12-03,29.338842975206614,0.0,0.0,20.242214532871973,12.65432098765432,11.823104693140792,29.9738219895288
2020-12-04,15.734265734265737,17.272727272727273,0.0,19.545454545454547,11.075949367088606,17.315573770491806,27.94943820224719
2020-12-05,0.0,0.0,0.0,0.0,21.287128712871286,24.248927038626608,37.77173913043478
2020-12-06,0.0,33.088235294117645,0.0,0.0,15.948275862068966,14.224137931034484,30.10204081632653
2020-12-07,10.591133004926109,17.759562841530055,0.0,9.051724137931034,14.071856287425147,18.925619834710744,29.129464285714285
2020-12-08,16.40625,26.033057851239672,0.0,25.392670157068064,10.69364161849711,17.56993006993007,28.2016348773842
2020-12-09,13.85135135135135,33.63636363636363,0.0,22.572815533980584,20.955882352941178,18.623853211009177,27.235772357723576
2020-12-10,28.78787878787879,0.0,0.0,23.56557377049181,12.65432098765432,14.073426573426572,24.77203647416413
2020-12-11,9.541984732824428,15.32258064516129,0.0,0.0,7.894736842105263,13.095238095238097,17.317708333333336
2020-12-12,0.0,0.0,0.0,0.0,0.0,23.2421875,37.16577540106952
2020-12-13,0.0,0.0,0.0,0.0,17.415730337078653,24.375,26.37795275590551
2020-12-14,13.681592039800991,0.0,0.0,15.104166666666666,17.434210526315788,19.8936170212766,25.6563245823389
2020-12-15,31.538461538461537,0.0,0.0,21.57894736842105,13.61111111111111,15.88235294117647,24.9185667752443
2020-12-16,16.92913385826772,0.0,0.0,15.202702702702704,11.151079136690647,14.743589743589745,21.976401179941004
2020-12-17,25.0,8.024691358024691,0.0,14.147286821705428,10.06006006006006,16.394927536231883,24.70059880239521
2020-12-18,13.109756097560975,0.0,0.0,24.22680412371134,11.691542288557214,19.43181818181818,18.190854870775347
2020-12-19,0.0,0.0,0.0,0.0,18.141592920353983,19.038461538461537,21.253822629969417
2020-12-20,0.0,0.0,0.0,0.0,19.58333333333333,26.8,19.83333333333333
2020-12-21,18.298969072164947,9.701492537313433,0.0,17.078189300411523,11.815068493150685,21.83098591549296,22.906403940886698
2020-12-22,27.21518987341772,0.0,0.0,15.653495440729484,16.49746192893401,15.16634050880626,18.00411522633745
2020-12-23,12.5,5.0,0.0,0.0,14.80446927374302,20.40229885057472,22.69585253456221
2020-12-24,17.151162790697676,0.0,0.0,0.0,17.42857142857143,26.82481751824817,25.529411764705884
2020-12-25,0.0,0.0,0.0,0.0,0.0,0.0,0.0
2020-12-26,29.120879120879124,0.0,0.0,0.0,27.016129032258064,27.447552447552447,25.857142857142858
2020-12-27,38.72549019607843,0.0,0.0,0.0,26.171875,27.016129032258064,24.4140625
2020-12-28,17.219917012448132,0.0,0.0,36.72566371681416,16.35338345864662,23.35271317829457,22.030075187969924
2020-12-29,22.81553398058253,0.0,0.0,25.398936170212767,14.734299516908212,23.03370786516854,23.81342062193126
2020-12-30,19.132653061224488,0.0,0.0,21.957671957671955,13.902439024390246,19.31106471816284,23.442906574394463
2020-12-31,26.635514018691588,0.0,0.0,0.0,18.65671641791045,19.020501138952163,25.199203187251
2021-01-01,25.88652482269504,0.0,0.0,0.0,16.193181818181817,23.92241379310345,24.77744807121661
2021-01-02,37.85714285714285,0.0,0.0,0.0,17.346938775510203,25.227272727272727,30.103359173126616
2021-01-03,42.7927927927928,0.0,0.0,0.0,17.62589928057554,28.807947019867548,28.869047619047617
2021-01-04,18.84328358208955,17.123287671232877,0.0,25.462962962962965,18.67816091954023,22.27356746765249,25.33444816053512
2021-01-05,29.47761194029851,0.0,0.0,23.14814814814815,16.666666666666664,18.54368932038835,20.41484716157205
2021-01-06,13.742690058479532,0.0,0.9803921568627452,21.67381974248927,9.162303664921463,22.916666666666664,18.735632183908045
2021-01-07,26.99115044247788,1.948051948051948,0.0,16.45299145299145,16.31016042780749,13.565022421524665,16.428571428571427
2021-01-08,16.85082872928177,0.0,0.0,0.0,19.303797468354432,16.62087912087912,19.32668329177057
2021-01-09,23.387096774193548,0.0,0.0,0.0,18.46846846846847,23.17073170731708,24.129353233830848
2021-01-10,37.765957446808514,0.0,0.0,0.0,13.302752293577983,21.52777777777778,31.12244897959184
2021-01-11,15.25,4.72972972972973,0.0,11.633663366336634,12.06896551724138,16.255605381165918,20.02237136465324
2021-01-12,9.17721518987342,0.0,2.459016393442623,13.77952755905512,5.582524271844661,10.026041666666668,20.422535211267608
2021-01-13,15.030674846625766,0.0,0.0,18.253968253968253,6.104651162790697,16.443850267379677,16.180048661800488
2021-01-14,21.98275862068965,6.923076923076923,0.0,11.956521739130435,12.209302325581394,14.07766990291262,17.892976588628763
2021-01-15,10.76388888888889,0.0,0.0,0.0,14.40677966101695,11.464088397790055,12.691131498470948
2021-01-16,22.115384615384613,0.0,0.0,0.0,17.272727272727273,18.97590361445783,27.743902439024392
2021-01-17,22.54901960784314,0.0,0.0,0.0,16.346153846153847,18.253968253968253,21.604938271604937
2021-01-18,8.787878787878787,2.238805970149253,0.0,12.385321100917432,8.666666666666668,13.968668407310703,15.822784810126585
2021-01-19,10.17699115044248,0.0,0.0,25.1937984496124,0.0,15.970149253731345,13.88888888888889
2021-01-20,6.8181818181818175,0.0,0.0,13.101604278074866,15.07936507936508,14.181286549707602,15.129682997118154
2021-01-21,15.54054054054054,0.0,0.0,11.944444444444445,10.240963855421686,14.564564564564565,11.13138686131387
2021-01-22,9.583333333333334,3.6231884057971016,0.0,0.0,14.210526315789473,14.835164835164836,13.172804532577905
2021-01-23,0.0,0.0,0.0,0.0,0.0,18.154761904761905,18.846153846153847
2021-01-24,16.101694915254235,0.0,0.0,0.0,0.0,0.0,20.707070707070702
2021-01-25,10.66350710900474,0.0,0.0,13.063063063063062,19.375,20.33639143730887,16.090425531914892
2021-01-26,19.444444444444446,0.0,0.0,14.55223880597015,11.805555555555555,19.25,21.746031746031747
2021-01-27,7.394366197183098,0.0,0.0,13.157894736842104,11.016949152542372,12.815126050420169,15.348101265822786
2021-01-28,11.486486486486488,0.0,0.0,0.0,11.607142857142858,15.690376569037657,16.221374045801525
2021-01-29,6.934306569343065,0.0,0.0,0.0,15.32258064516129,14.380530973451329,11.093247588424438
2021-01-30,0.0,0.0,0.0,0.0,0.0,19.72477064220184,17.803030303030305
2021-01-31,13.636363636363637,0.0,0.0,0.0,0.0,0.0,19.06474820143885
2021-02-01,9.0625,3.205128205128205,0.0,0.0,13.392857142857142,11.423220973782772,15.914786967418545
2021-02-02,30.327868852459016,0.0,0.0,0.0,4.464285714285714,14.549180327868852,12.46498599439776
2021-02-03,17.410714285714285,0.0,0.0,9.322033898305085,7.894736842105263,15.829145728643216,12.013729977116704
2021-02-04,8.227848101265822,2.238805970149253,0.0,15.32258064516129,0.0,10.61320754716981,13.739376770538245
2021-02-05,5.277777777777778,0.0,0.0,0.0,4.477077363896848,11.133603238866396,7.170172084130019
2021-02-06,0.0,0.0,0.0,0.0,0.0,20.10869565217392,12.228260869565217
2021-02-07,20.149253731343283,0.0,0.0,0.0,0.0,0.0,11.73469387755102
2021-02-08,7.711442786069651,0.0,0.0,0.0,20.909090909090907,15.23972602739726,10.137795275590552
2021-02-09,16.233766233766232,0.0,0.0,0.0,13.28125,17.04106704106704,11.563517915309443
2021-02-10,7.5,0.0,0.0,6.338028169014084,0.0,10.869565217391305,8.966565349544073
2021-02-11,5.844155844155844,0.0,0.0,5.384615384615385,13.291139240506327,13.690476190476192,8.413461538461538
2021-02-12,3.431372549019608,0.0,0.0,0.0,15.865384615384617,15.178571428571429,8.431372549019608
2021-02-13,0.0,0.0,0.0,0.0,30.714285714285715,22.94117647058824,11.068702290076336
2021-02-14,0.0,0.0,0.0,0.0,20.833333333333336,0.0,22.794117647058822
2021-02-15,4.044117647058823,0.0,0.0,0.0,12.053571428571429,0.0,0.0
2021-02-16,0.0,0.0,0.0,0.0,7.943925233644859,0.0,0.0
2021-02-17,3.153153153153153,0.0,0.0,0.0,10.43956043956044,0.0,9.71563981042654
2021-02-18,9.042553191489365,0.0,0.0,4.464285714285714,18.38235294117647,0.0,6.521739130434782
2021-02-19,3.211009174311927,0.0,0.0,0.0,19.53125,0.0,14.520958083832337
2021-02-20,0.0,0.0,0.0,0.0,0.0,38.51351351351352,7.512953367875648
2021-02-21,0.0,0.0,0.0,0.0,0.0,0.0,16.83673469387755
2021-02-22,5.905511811023622,0.0,0.0,0.0,0.0,15.40880503144654,10.153256704980842
2021-02-23,0.0,0.0,0.0,0.0,0.0,18.067226890756302,6.490384615384616
2021-02-24,3.30188679245283,0.0,0.0,0.0,0.0,8.25242718446602,8.413461538461538
2021-02-25,0.0,0.0,0.0,0.0,0.0,14.248582230623818,8.865248226950355
2021-02-26,5.188679245283019,0.0,0.0,0.0,0.0,10.11904761904762,5.324074074074074
2021-02-27,0.0,0.0,0.0,0.0,0.0,8.333333333333332,6.61764705882353
2021-02-28,0.0,0.0,0.0,0.0,0.0,0.0,5.357142857142857
2021-03-01,3.214285714285714,0.0,0.0,0.0,0.0,10.855263157894738,5.39906103286385
2021-03-02,0.0,0.0,0.0,0.0,12.037037037037036,11.73469387755102,5.597014925373134
2021-03-03,5.056179775280898,0.0,0.0,0.0,0.0,10.648148148148149,9.29203539823009
2021-03-04,0.0,0.0,0.0,0.0,4.545454545454546,6.914893617021277,5.033557046979865
2021-03-05,1.6483516483516485,0.0,0.0,0.0,4.430379746835443,7.03125,9.831460674157304
2021-03-06,0.0,0.0,0.0,0.0,0.0,0.0,17.36111111111111
2021-03-07,0.0,0.0,0.0,0.0,0.0,13.636363636363637,11.666666666666666
2021-03-08,2.0161290322580645,0.0,0.0,0.0,7.971014492753622,9.398496240601505,13.031914893617024
2021-03-09,26.726844583987443,0.0,0.9615384615384616,0.0,0.0,7.534246575342466,10.869565217391305
2021-03-10,1.948051948051948,0.0,0.0,0.0,0.0,9.883720930232558,12.679425837320574
2021-03-11,0.0,0.0,0.0,0.0,0.0,4.166666666666666,12.436548223350254
2021-03-12,2.941176470588235,0.0,0.0,0.0,0.0,6.875000000000001,11.28048780487805
2021-03-13,0.0,0.0,0.819672131147541,0.0,0.0,6.862745098039216,10.267857142857142
2021-03-14,0.0,0.0,0.0,0.0,0.0,0.0,6.395348837209303
2021-03-15,0.0,0.0,0.0,0.0,0.0,11.574074074074074,8.49802371541502
2021-03-16,4.375,0.0,0.0,0.0,0.0,11.20689655172414,11.263736263736265
2021-03-17,0.2325581395348837,0.0,0.0,0.0,0.0,6.25,9.887005649717514
2021-03-18,4.72972972972973,0.0,0.0,0.0,0.0,11.016949152542372,11.021505376344086
2021-03-19,0.0,0.0,0.0,0.0,0.0,23.483727810650887,9.328358208955224
2021-03-20,0.0,0.0,0.0,0.0,0.0,0.0,7.5
2021-03-21,0.0,0.0,0.0,0.0,0.0,0.0,7.065217391304348
2021-03-22,19.07894736842105,0.0,0.0,0.0,0.0,4.455445544554455,20.901639344262296
2021-03-23,20.440956651718984,0.0,0.0,0.0,0.8928571428571428,10.0,13.73873873873874
2021-03-24,30.963302752293576,0.0,0.9615384615384616,0.0,26.978417266187048,10.36036036036036,29.76391231028668
2021-03-25,6.0344827586206895,0.0,2.7777777777777777,0.0,0.0,10.9375,29.77223427331887
2021-03-26,0.0,0.0,0.0,0.0,0.8771929824561403,8.333333333333332,8.116883116883116
2021-03-27,0.0,0.0,0.0,0.0,0.0,0.0,18.115942028985508
2021-03-28,0.0,0.0,0.0,0.0,0.0,0.0,14.17910447761194
2021-03-29,18.75,0.0,0.78125,0.0,0.9259259259259258,9.057971014492754,15.968586387434556
2021-03-30,3.8461538461538463,0.0,0.0,0.0,4.901960784313726,11.855670103092782,21.349095966620308
2021-03-31,0.0,0.0,0.0,0.0,0.8928571428571428,2.631578947368421,14.78494623655914
2021-04-01,4.929577464788732,0.0,0.0,0.0,2.830188679245284,15.765765765765764,13.398692810457517
2021-04-02,0.0,0.0,0.0,0.0,2.6785714285714284,6.081081081081082,22.06477732793522
2021-04-03,0.0,0.0,0.0,0.0,0.0,12.295081967213116,9.663865546218489
2021-04-04,0.0,0.0,0.0,0.0,0.0,0.0,0.0
2021-04-05,0.0,0.0,0.0,0.0,4.487179487179487,7.276995305164319,8.775510204081632
2021-04-06,6.043956043956044,0.0,0.0,0.0,23.165137614678898,5.136986301369863,11.375661375661377
2021-04-07,5.769230769230769,0.0,0.0,0.0,0.0,7.480314960629922,12.561576354679804
2021-04-08,0.0,0.0,0.0,0.0,0.0,13.917525773195877,7.371794871794872
2021-04-09,9.5,0.0,0.0,0.0,4.545454545454546,13.23529411764706,12.439613526570048
2021-04-10,0.0,0.0,0.0,0.0,0.0,16.037735849056602,13.636363636363637
2021-04-11,0.0,0.0,0.0,0.0,0.0,0.0,13.970588235294118
2021-04-12,5.113636363636364,0.0,0.0,0.0,0.0,6.462585034013606,7.3604060913705585
2021-04-13,0.0,0.0,0.0,0.0,0.0,8.018867924528301,6.60377358490566
2021-04-14,5.652173913043479,0.0,0.0,0.0,0.0,9.82905982905983,6.597222222222222
2021-04-15,0.0,0.0,0.0,0.0,0.0,10.849056603773583,10.23391812865497
2021-04-16,5.0,0.0,0.0,0.0,0.0,6.692913385826772,2.054794520547945
2021-04-17,0.0,0.0,0.0,0.0,0.0,12.5,5.0
2021-04-18,0.0,0.0,0.0,0.0,0.0,12.037037037037036,11.71875
2021-04-19,0.0,0.0,0.0,0.0,2.8846153846153846,5.089820359281437,12.359900373599004
2021-04-20,0.6578947368421052,0.0,0.0,0.0,4.166666666666666,12.681159420289855,9.585492227979271
2021-04-21,8.040665434380777,0.0,0.0,0.0,0.0,4.887218045112782,7.543103448275862
2021-04-22,4.861111111111112,0.0,0.0,0.0,0.0,9.872611464968154,6.746031746031746
2021-04-23,0.0,0.0,0.0,0.0,3.787878787878788,9.34959349593496,7.967032967032966
2021-04-24,0.0,0.0,0.0,0.0,0.0,16.153846153846153,5.625
2021-04-25,0.0,0.0,0.0,0.0,0.0,0.0,0.0
2021-04-26,12.87878787878788,0.0,0.0,0.0,4.72972972972973,11.904761904761903,12.436548223350254
2021-04-27,5.701754385964912,2.808988764044944,0.0,0.0,1.829268292682927,7.281553398058252,7.77027027027027
2021-04-28,0.0,0.0,0.0,0.0,0.0,8.503401360544217,7.3426573426573425
2021-04-29,2.6595744680851063,0.0,0.0,0.0,2.34375,9.722222222222223,6.597222222222222
2021-04-30,0.0,0.0,0.0,0.0,0.6172839506172839,12.365591397849462,7.851239669421488
2021-05-01,0.0,0.0,0.0,0.0,0.0,0.0,9.01639344262295
2021-05-02,0.0,0.0,0.0,0.0,0.0,5.833333333333333,7.894736842105263
2021-05-03,0.0,4.901960784313726,0.0,0.0,0.7042253521126761,12.874251497005988,9.307359307359308
2021-05-04,0.6578947368421052,0.0,0.0,0.0,0.684931506849315,17.549668874172188,6.506849315068493
2021-05-05,0.0,0.0,0.0,0.0,0.0,6.637168141592921,7.668711656441718
2021-05-06,5.384615384615385,0.0,0.0,0.0,0.0,6.310679611650485,7.371794871794872
2021-05-07,0.0,0.0,10.0,0.0,0.6024096385542169,10.714285714285714,6.470588235294119
2021-05-08,0.0,0.0,0.0,0.0,0.0,0.0,8.125
2021-05-09,0.0,0.0,0.0,0.0,0.0,0.0,0.0
2021-05-10,0.0,0.0,0.0,0.0,0.0,8.598726114649681,8.630952380952381
2021-05-11,0.9090909090909092,0.0,0.0,0.0,0.0,8.673469387755102,5.9375
2021-05-12,0.0,0.0,0.0,0.0,0.0,7.5892857142857135,5.118110236220472
2021-05-13,5.384615384615385,0.0,0.0,0.0,0.0,2.5,6.746031746031746
2021-05-14,0.0,0.0,0.0,0.0,0.0,8.720930232558139,9.274193548387096
2021-05-15,0.0,0.0,0.0,0.0,0.0,0.0,9.166666666666666
2021-05-16,0.0,0.0,0.0,0.0,0.0,0.0,0.0
2021-05-17,2.272727272727273,0.0,0.0,0.0,0.0,6.5891472868217065,4.037267080745342
2021-05-18,5.555555555555555,0.0,0.0,0.0,0.0,5.729166666666666,3.30188679245283
2021-05-19,0.0,0.0,0.0,0.0,0.0,10.36036036036036,5.113636363636364
2021-05-20,0.0,0.0,0.0,0.0,0.0,15.217391304347828,6.989247311827956
2021-05-21,0.0,0.0,0.0,0.0,0.0,5.69620253164557,4.2682926829268295
2021-05-22,0.0,0.0,0.0,0.0,0.0,0.0,4.545454545454546
2021-05-23,0.0,0.0,0.0,0.0,0.0,0.0,0.0
2021-05-24,0.0,0.0,0.0,0.0,0.0,6.097560975609756,3.75
2021-05-25,0.0,0.0,0.0,0.0,0.0,2.112676056338028,2.403846153846154
2021-05-26,0.0,0.0,0.0,0.0,0.0,4.838709677419355,7.851239669421488
2021-05-27,0.0,0.0,0.0,0.0,0.0,7.386363636363637,0.684931506849315
2021-05-28,0.0,0.0,0.0,0.0,0.0,4.487179487179487,4.787234042553192
2021-05-29,0.0,0.0,0.0,0.0,0.0,0.0,2.941176470588235
2021-05-30,0.0,0.0,0.0,0.0,0.0,0.0,0.0
2021-05-31,0.0,0.0,0.0,0.0,0.0,7.142857142857142,0.0
2021-06-01,0.0,0.0,0.0,0.0,0.0,8.125,1.3043478260869563
2021-06-02,0.0,0.0,0.0,0.0,0.0,5.909090909090909,4.455445544554455
2021-06-03,0.0,0.0,0.0,0.0,0.0,3.869047619047619,7.746478873239436
2021-06-04,0.0,0.0,0.0,0.0,0.0,2.5773195876288657,6.164383561643835
2021-06-05,0.0,0.0,0.0,0.0,0.0,8.333333333333332,0.0
2021-06-06,0.0,0.0,0.0,0.0,0.0,4.310344827586207,0.0
2021-06-07,0.0,0.0,0.0,0.0,0.0,4.62962962962963,0.4132231404958678
2021-06-08,0.0,0.0,0.0,0.0,0.0,1.5957446808510638,4.929577464788732
2021-06-09,0.0,0.0,0.0,0.0,0.0,4.867256637168142,0.7042253521126761
2021-06-10,0.0,0.0,0.0,0.0,6.8181818181818175,1.7241379310344829,5.769230769230769
2021-06-11,0.0,0.0,0.0,0.0,0.0,1.8072289156626504,8.227848101265822
2021-06-12,0.0,0.0,0.0,0.0,0.0,0.0,0.0
2021-06-13,0.0,0.0,0.0,0.0,0.0,4.098360655737705,0.0
2021-06-14,0.0,0.0,0.0,0.0,0.0,7.5396825396825395,6.470588235294119
2021-06-15,0.0,0.0,0.0,0.0,0.0,18.40764331210191,3.4722222222222223
2021-06-16,0.0,0.0,0.0,0.0,0.0,7.8125,3.5211267605633805
2021-06-17,0.0,0.0,0.0,0.0,0.0,0.4587155963302752,4.069767441860465
2021-06-18,0.0,0.0,0.0,0.0,0.0,3.6458333333333335,2.8735632183908044
2021-06-19,0.0,0.0,0.0,0.0,0.0,0.0,0.0
2021-06-20,0.0,0.0,0.0,0.0,0.0,0.0,0.0
2021-06-21,0.0,0.0,0.0,0.0,0.0,2.980132450331126,2.293577981651376
2021-06-22,0.0,0.0,0.0,0.0,0.0,8.333333333333332,1.5463917525773196
2021-06-23,0.0,0.0,0.0,0.0,0.0,2.976190476190476,2.0
2021-06-24,0.0,0.0,0.0,0.0,0.0,4.605263157894736,2.631578947368421
2021-06-25,0.0,0.0,0.0,0.0,0.0,0.0,3.6231884057971016
2021-06-26,0.0,0.0,0.0,0.0,0.0,0.0,0.0
2021-06-27,0.0,0.0,0.0,0.0,0.0,0.0,0.0
2021-06-28,0.0,0.0,0.0,0.0,0.0,2.293577981651376,6.626506024096386
2021-06-29,0.7936507936507936,0.0,0.0,0.0,0.0,7.327586206896551,6.428571428571428
2021-06-30,0.0,0.0,0.0,0.0,0.0,18.47826086956521,11.666666666666666
2021-07-01,0.0,0.0,0.0,0.0,0.0,8.796296296296296,6.164383561643835
2021-07-02,0.0,0.0,0.0,0.0,0.0,13.076923076923078,0.847457627118644
2021-07-03,0.0,0.0,0.0,0.0,0.0,14.912280701754383,6.140350877192982
2021-07-04,0.0,0.0,0.0,0.0,0.0,0.0,0.0
2021-07-05,0.0,0.0,0.0,0.0,0.0,21.287128712871286,5.072463768115942
2021-07-06,0.0,0.0,0.0,0.0,0.0,12.043795620437956,5.172413793103448
2021-07-07,0.0,0.0,0.0,0.0,0.0,12.755102040816327,9.285714285714286
2021-07-08,0.0,0.0,0.0,0.0,0.0,14.032258064516128,11.71875
2021-07-09,0.0,0.0,0.0,0.0,0.0,16.83673469387755,5.172413793103448
2021-07-10,0.0,0.0,0.0,0.0,0.0,9.701492537313433,8.333333333333332
2021-07-11,0.0,0.0,0.0,0.0,0.0,18.103448275862068,10.185185185185183
2021-07-12,0.0,0.0,0.0,0.0,0.0,15.0,6.637168141592921
2021-07-13,0.0,0.0,0.0,0.0,0.0,16.11111111111111,9.550561797752808
2021-07-14,0.0,0.0,0.0,0.0,0.0,11.666666666666666,7.5
2021-07-15,0.0,0.0,0.0,0.0,0.0,17.372881355932204,10.9375
2021-07-16,0.0,0.0,0.0,0.0,7.107231920199501,11.574074074074074,14.83050847457627
2021-07-17,0.0,0.0,0.0,0.0,0.0,21.15384615384616,15.441176470588236
2021-07-18,0.0,0.0,0.0,0.0,0.0,33.1578947368421,9.027777777777777
2021-07-19,0.0,0.0,0.0,0.0,0.0,19.03669724770642,14.84848484848485
2021-07-20,0.0,31.73076923076923,0.0,0.0,0.0,14.734299516908212,14.0625
2021-07-21,0.0,18.253968253968253,0.0,0.0,0.0,17.045454545454543,13.225806451612904
2021-07-22,0.0,13.28125,0.0,0.0,0.0,12.38317757009346,23.47560975609756
2021-07-23,0.0,0.0,0.0,0.0,0.0,20.04310344827586,18.852459016393443
2021-07-24,0.0,0.0,0.0,0.0,0.0,24.83443708609272,11.742424242424242
2021-07-25,0.0,0.0,0.0,0.0,0.0,25.52083333333333,19.23076923076924
2021-07-26,0.0,29.381443298969074,0.0,0.0,0.0,20.55393586005831,18.198529411764707
2021-07-27,0.0,24.193548387096776,0.0,0.0,0.0,20.55016181229773,14.918032786885249
2021-07-28,28.431372549019606,22.64957264957265,0.0,0.0,0.0,20.57057057057057,12.205882352941176
2021-07-29,25.657894736842103,23.5632183908046,0.0,0.0,5.555555555555555,22.036474164133736,15.27777777777778
2021-07-30,25.657894736842103,22.97297297297297,0.0,0.0,13.934426229508196,20.03058103975535,12.379421221864952
2021-07-31,37.06896551724138,16.666666666666664,0.0,0.0,12.264150943396226,23.177083333333336,23.666666666666668
2021-08-01,19.82758620689655,37.32394366197183,0.0,0.0,0.0,22.17391304347826,19.186046511627907
2021-08-02,20.74829931972789,15.895953757225437,0.0,11.818181818181818,8.60655737704918,17.017543859649123,13.051470588235295
2021-08-03,16.796875,26.8,0.0,0.0,11.194029850746269,22.74774774774775,13.917525773195877
2021-08-04,16.33663366336634,20.967741935483872,0.0,0.0,0.0,24.27007299270073,19.83870967741936
2021-08-05,26.171875,24.820143884892087,0.0,0.0,7.758620689655173,26.14503816793893,16.898954703832754
2021-08-06,12.864077669902912,20.063694267515924,0.0,0.0,12.87878787878788,20.833333333333336,15.39855072463768
2021-08-07,18.33333333333333,26.81818181818182,0.0,0.0,0.0,26.42276422764228,22.33333333333333
2021-08-08,26.10619469026549,21.22641509433962,0.0,0.0,0.0,17.96116504854369,20.901639344262296
2021-08-09,22.08121827411168,20.57692307692308,0.0,17.59259259259259,17.307692307692307,19.727047146401983,15.965346534653465
2021-08-10,26.71957671957672,14.25438596491228,0.0,0.0,15.74074074074074,19.59134615384616,19.28746928746929
2021-08-11,17.063492063492063,17.248062015503876,0.0,19.81132075471698,11.904761904761903,20.857988165680474,15.27777777777778
2021-08-12,23.591549295774648,21.15384615384616,0.0,10.576923076923077,10.43956043956044,19.15322580645161,17.05539358600583
2021-08-13,19.71153846153846,20.50691244239632,0.0,0.0,14.835164835164836,15.591397849462366,18.137254901960784
2021-08-14,27.66990291262136,21.69811320754717,0.0,0.0,17.59259259259259,24.45255474452555,24.65277777777778
2021-08-15,36.627906976744185,18.846153846153847,0.0,0.0,14.17910447761194,30.17241379310345,22.17391304347826
2021-08-16,22.897196261682243,17.658730158730158,0.0,8.666666666666668,19.23076923076924,20.746268656716417,17.888888888888886
2021-08-17,23.93617021276596,12.285714285714286,0.0,9.649122807017545,9.649122807017545,16.615853658536587,13.270777479892764
2021-08-18,21.26865671641791,24.47368421052632,0.0,6.0344827586206895,10.317460317460316,13.561643835616438,9.517766497461928
2021-08-19,30.859375,17.38095238095238,0.0,10.396039603960396,0.0,18.571428571428573,13.038548752834467
2021-08-20,24.015748031496063,15.70048309178744,0.0,0.0,0.0,13.47222222222222,14.501160092807424
2021-08-21,0.0,19.91869918699187,0.0,0.0,0.0,18.21705426356589,16.666666666666664
2021-08-22,0.0,16.666666666666664,0.0,0.0,0.0,0.0,19.791666666666664
2021-08-23,26.47058823529412,20.34220532319392,19.166666666666668,11.071428571428571,9.482758620689657,14.98800959232614,16.44486692015209
2021-08-24,21.2,16.435185185185187,20.192307692307693,22.28260869565217,0.0,14.959568733153638,16.24203821656051
2021-08-25,25.416666666666664,13.94736842105263,0.0,8.522727272727272,9.649122807017545,16.805555555555557,15.579119086460032
2021-08-26,18.359375,17.929292929292927,0.0,5.46875,9.051724137931034,13.904494382022472,15.129449838187703
2021-08-27,14.028776978417264,15.159574468085108,0.0,0.0,22.566371681415927,15.79925650557621,13.852459016393444
2021-08-28,23.684210526315788,19.72477064220184,0.0,0.0,21.341463414634145,18.13186813186813,13.033536585365852
2021-08-29,18.33333333333333,29.081632653061224,0.0,0.0,19.23076923076924,0.0,21.748878923766814
2021-08-30,24.53703703703704,20.97457627118644,0.0,17.083333333333332,14.335664335664337,20.973154362416107,16.251728907330566
2021-08-31,17.62295081967213,23.387096774193548,0.0,11.875,25.0,17.657342657342657,16.277372262773724
2021-09-01,21.074380165289256,18.65671641791045,0.0,7.627118644067797,19.36936936936937,12.09016393442623,13.309352517985612
2021-09-02,18.53448275862069,15.289256198347106,0.0,17.058823529411764,12.23404255319149,11.25,17.37918215613383
2021-09-03,20.526315789473685,21.575342465753423,0.0,0.0,22.30769230769231,14.449541284403669,15.641952983725137
2021-09-04,22.727272727272727,25.0,0.0,0.0,18.65671641791045,33.064516129032256,19.88416988416988
2021-09-05,24.166666666666668,27.20588235294117,0.0,0.0,19.166666666666668,0.0,23.643410852713178
2021-09-06,25.961538461538463,21.929824561403507,0.0,0.0,21.64179104477612,3.6764705882352944,19.05829596412556
2021-09-07,12.135922330097088,17.696629213483146,0.0,22.983870967741936,25.462962962962965,13.903061224489797,16.570188133140377
2021-09-08,13.291139240506327,17.27941176470588,0.0,9.49367088607595,15.32258064516129,13.125,17.87037037037037
2021-09-09,14.912280701754383,21.575342465753423,0.0,13.372093023255813,14.383561643835616,11.778846153846152,13.970588235294118
2021-09-10,15.74074074074074,15.878378378378375,0.0,0.0,19.07894736842105,9.935897435897436,10.294117647058822
2021-09-11,21.1864406779661,12.295081967213116,0.0,0.0,0.0,0.0,11.21794871794872
2021-09-12,0.0,31.451612903225808,0.0,0.0,0.0,0.0,25.0
2021-09-13,14.204545454545457,12.946428571428571,0.0,18.5,16.176470588235293,12.660944206008583,14.90299823633157
2021-09-14,14.19753086419753,21.195652173913043,0.0,19.021739130434785,19.270833333333336,6.067961165048544,10.64102564102564
2021-09-15,24.11764705882353,9.405940594059404,0.0,11.194029850746269,14.912280701754383,10.689655172413794,12.006079027355623
2021-09-16,17.763157894736842,11.057692307692308,0.0,0.0,16.233766233766232,11.935483870967742,10.806916426512968
2021-09-17,17.36842105263158,14.356435643564357,0.0,26.1904761904762,23.684210526315788,4.870129870129871,8.333333333333332
2021-09-18,0.0,0.0,0.0,0.0,15.178571428571429,0.0,14.23076923076923
2021-09-19,0.0,16.037735849056602,0.0,0.0,9.285714285714286,0.0,13.028169014084506
2021-09-20,9.285714285714286,15.725806451612904,0.0,15.178571428571429,12.28813559322034,5.555555555555555,14.912280701754383
2021-09-21,0.0,10.416666666666668,0.0,22.5,9.042553191489365,8.064516129032258,15.077319587628866
2021-09-22,14.423076923076922,11.052631578947368,0.0,20.454545454545457,14.04494382022472,18.220338983050848,13.5752688172043
2021-09-23,13.392857142857142,7.55813953488372,0.0,15.934065934065933,16.666666666666664,11.27450980392157,13.741721854304636
2021-09-24,15.74074074074074,9.49367088607595,0.0,12.5,14.02439024390244,17.415730337078653,9.4
2021-09-25,0.0,0.0,0.0,0.0,0.0,0.0,9.126984126984128
2021-09-26,0.0,0.0,0.0,0.0,0.0,0.0,15.925925925925927
2021-09-27,0.0,11.170212765957446,0.0,19.680851063829788,18.421052631578945,6.147540983606557,13.32378223495702
2021-09-28,4.62962962962963,16.153846153846153,0.0,9.13978494623656,10.416666666666668,7.627118644067797,12.432795698924732
2021-09-29,0.0,10.135135135135137,0.0,6.60377358490566,8.904109589041095,8.415841584158416,7.587064676616915
2021-09-30,6.481481481481481,9.615384615384617,0.0,15.517241379310343,11.486486486486488,6.914893617021277,9.283387622149837
2021-10-01,0.0,0.0,0.0,25.0,7.857142857142857,12.686567164179104,9.007352941176473
2021-10-02,0.0,0.0,0.0,0.0,13.636363636363637,0.0,5.7926829268292686
2021-10-03,0.0,0.0,0.0,0.0,8.653846153846153,0.0,7.861635220125786
2021-10-04,0.0,9.01639344262295,0.0,20.114942528735632,11.875,8.522727272727272,9.163987138263666
2021-10-05,11.607142857142858,0.0,0.0,17.613636363636363,10.240963855421686,9.883720930232558,3.697749196141479
2021-10-06,0.0,13.392857142857142,0.0,16.11111111111111,13.461538461538462,8.5,7.894736842105263
2021-10-07,0.0,6.140350877192982,0.0,13.291139240506327,22.5609756097561,9.285714285714286,11.133603238866396
2021-10-08,0.0,7.142857142857142,0.0,11.403508771929824,5.147058823529411,9.239130434782608,8.686440677966102
2021-10-09,0.0,0.0,0.0,0.0,0.0,0.0,11.0062893081761
2021-10-10,0.0,0.0,0.0,0.0,0.0,0.0,10.436893203883496
2021-10-11,0.0,15.178571428571429,0.0,12.5,14.04494382022472,7.894736842105263,10.311284046692606
2021-10-12,0.0,6.363636363636363,0.0,15.822784810126585,11.607142857142858,3.6764705882352944,7.065217391304348
2021-10-13,0.0,0.0,0.0,13.392857142857142,8.461538461538462,4.736842105263158,10.223048327137546
2021-10-14,0.0,0.0,0.0,13.125,7.758620689655173,0.0,7.677165354330709
2021-10-15,0.0,0.0,0.0,14.912280701754383,11.971830985915492,12.295081967213116,5.072463768115942
2021-10-16,0.0,0.0,0.0,0.0,14.150943396226417,0.0,9.126984126984128
2021-10-17,0.0,0.0,0.0,0.0,15.57377049180328,0.0,3.4615384615384617
2021-10-18,0.0,11.818181818181818,0.0,17.532467532467532,11.538461538461538,2.727272727272727,4.151624548736463
2021-10-19,0.0,0.0,0.0,9.482758620689657,8.783783783783784,1.875,2.976190476190476
2021-10-20,0.0,4.62962962962963,0.0,0.0,7.627118644067797,4.430379746835443,4.227941176470589
2021-10-21,0.0,10.655737704918032,0.0,10.784313725490197,5.921052631578947,4.545454545454546,5.689655172413794
2021-10-22,0.0,0.0,0.0,0.0,5.932203389830509,0.0,5.387931034482758
2021-10-23,0.0,0.0,0.0,0.0,0.0,0.0,9.0625
2021-10-24,0.0,0.0,0.0,0.0,0.0,0.0,3.439153439153439
2021-10-25,0.0,0.0,0.0,15.54054054054054,12.87878787878788,5.625,0.5568658280922432
2021-10-26,0.0,0.0,0.0,11.194029850746269,0.0,3.968253968253968,4.107142857142857
2021-10-27,0.0,7.377049180327869,0.0,0.0,14.423076923076922,3.3783783783783785,5.893536121673003
2021-10-28,0.0,20.08797653958944,0.0,7.758620689655173,8.181818181818182,0.0,19.46454413892909
2021-10-29,0.0,0.0,0.0,0.0,5.555555555555555,0.0,5.502392344497608
2021-10-30,0.0,0.0,0.0,0.0,0.0,0.0,8.914728682170542
2021-10-31,0.0,0.0,0.0,0.0,0.0,0.0,12.3015873015873
2021-11-01,0.0,9.01639344262295,0.0,0.0,6.338028169014084,7.926829268292683,4.496402877697841
2021-11-02,0.0,12.837837837837837,0.0,0.0,3.8461538461538463,5.555555555555555,5.648535564853557
2021-11-03,0.0,12.264150943396226,0.0,0.0,4.23728813559322,8.189655172413794,4.152823920265781
2021-11-04,0.0,6.140350877192982,0.0,0.0,11.20689655172414,3.787878787878788,6.379310344827586
2021-11-05,0.0,4.62962962962963,0.0,0.0,0.0,3.571428571428571,5.642023346303502
2021-11-06,0.0,0.0,0.0,0.0,0.0,0.0,4.482758620689655
2021-11-07,0.0,0.0,0.0,0.0,0.0,0.0,9.939759036144578
2021-11-08,0.0,3.90625,0.0,17.123287671232877,3.333333333333333,9.036144578313252,4.517133956386292
2021-11-09,0.0,0.0,0.0,18.65671641791045,7.758620689655173,5.384615384615385,4.406130268199234
2021-11-10,0.0,4.901960784313726,0.0,0.0,0.0,5.072463768115942,5.719557195571956
2021-11-11,0.0,0.0,0.0,21.09375,0.0,0.0,7.768924302788845
2021-11-12,7.84431137724551,0.0,0.0,0.0,0.0,0.0,7.400722021660649
2021-11-13,0.0,0.0,0.0,0.0,0.0,0.0,6.746031746031746
2021-11-14,0.0,0.0,0.0,0.0,0.0,0.0,13.758389261744966
2021-11-15,0.0,3.787878787878788,0.0,19.01408450704225,6.081081081081082,6.547619047619048,7.919254658385093
2021-11-16,0.0,0.0,0.0,20.114942528735632,9.482758620689657,5.625,9.375
2021-11-17,0.0,7.377049180327869,0.0,7.432432432432432,7.627118644067797,0.0,6.9602272727272725
2021-11-18,0.0,0.0,0.0,18.493150684931507,4.545454545454546,0.0,4.810495626822157
2021-11-19,0.0,0.0,0.0,0.0,2.830188679245284,3.888888888888889,7.333333333333333
2021-11-20,0.0,0.0,0.0,0.0,0.0,0.0,7.621951219512195
2021-11-21,0.0,0.0,0.0,0.0,9.821428571428571,0.0,10.431654676258994
2021-11-22,0.0,9.322033898305085,0.0,24.34210526315789,8.823529411764707,10.185185185185183,5.708661417322835
2021-11-23,0.0,0.0,0.0,16.40625,0.0,5.223880597014925,8.333333333333332
2021-11-24,0.0,7.857142857142857,0.0,0.0,8.783783783783784,0.0,9.221311475409836
2021-11-25,0.0,0.0,0.0,0.0,0.0,0.0,0.0
2021-11-26,0.0,0.0,0.0,0.0,0.0,0.0,12.601626016260164
2021-11-27,0.0,0.0,0.0,0.0,0.0,0.0,12.254901960784313
2021-11-28,0.0,0.0,0.0,0.0,4.807692307692308,0.0,10.8
2021-11-29,0.0,6.0,0.0,23.972602739726025,11.194029850746269,12.886597938144329,13.345195729537366
2021-11-30,0.0,12.666666666666668,0.0,4.861111111111112,7.738095238095238,7.638888888888889,5.989583333333334
2021-12-01,0.0,6.730769230769231,0.0,12.686567164179104,11.029411764705882,6.470588235294119,9.948979591836734
2021-12-02,0.0,14.02439024390244,0.0,12.376237623762377,10.365853658536585,6.25,9.305993690851736
2021-12-03,0.0,8.49056603773585,0.0,0.0,9.420289855072465,13.690476190476192,13.031914893617024
2021-12-04,0.0,0.0,0.0,0.0,0.0,0.0,8.4
2021-12-05,0.0,0.0,0.0,0.0,17.272727272727273,0.0,13.503649635036496
2021-12-06,0.0,9.49367088607595,0.0,0.0,1.89873417721519,10.795454545454543,5.924170616113744
2021-12-07,0.0,3.731343283582089,0.0,14.835164835164836,0.0,8.227848101265822,7.575757575757576
2021-12-08,0.0,14.17910447761194,0.0,17.21311475409836,4.807692307692308,3.3980582524271843,11.581920903954805
2021-12-09,0.0,0.0,0.0,8.947368421052632,0.0,3.731343283582089,7.894736842105263
2021-12-10,0.0,6.730769230769231,0.0,0.0,0.0,8.088235294117647,4.807692307692308
2021-12-11,0.0,2.8846153846153846,0.0,0.0,0.0,4.807692307692308,15.086206896551724
2021-12-12,0.0,0.0,0.0,0.0,0.0,0.0,8.846153846153847
2021-12-13,10.576923076923077,9.15492957746479,0.0,7.386363636363637,0.0,5.978260869565218,13.128491620111731
2021-12-14,0.0,6.962025316455696,0.0,0.0,0.0,8.441558441558442,8.950617283950617
2021-12-15,0.0,14.705882352941178,0.0,0.0,8.461538461538462,9.913793103448276,10.335195530726256
2021-12-16,0.0,11.20689655172414,0.0,12.5,6.0344827586206895,5.0,13.39622641509434
2021-12-17,0.0,3.6231884057971016,0.0,0.0,0.0,9.701492537313433,11.71875
2021-12-18,0.0,0.0,0.0,0.0,0.0,0.0,12.111801242236025
2021-12-19,0.0,0.0,0.0,0.0,0.0,0.0,16.08695652173913
2021-12-20,0.0,7.456140350877193,0.0,14.204545454545457,0.0,7.391304347826087,13.293650793650794
2021-12-21,0.0,14.499999999999998,0.0,11.016949152542372,0.0,13.805970149253731,14.565217391304348
2021-12-22,12.037037037037036,13.671875,0.0,0.0,6.140350877192982,14.429530201342285,16.86046511627907
2021-12-23,22.54901960784314,18.21705426356589,0.0,0.0,0.0,21.165644171779142,22.23587223587224
2021-12-24,0.0,12.93103448275862,0.0,0.0,0.0,0.0,20.52023121387284
2021-12-25,0.0,0.0,0.0,0.0,0.0,0.0,0.0
2021-12-26,0.0,26.623376623376625,0.0,0.0,0.0,24.509803921568626,28.98936170212766
2021-12-27,23.484848484848484,33.547008547008545,0.0,0.0,0.0,32.35294117647059,29.342105263157897
2021-12-28,39.55223880597015,28.68421052631579,0.0,0.0,0.0,24.74048442906574,25.67567567567568
2021-12-29,10.606060606060606,33.08457711442786,0.0,0.0,0.0,32.26164079822617,25.601374570446733
2021-12-30,17.21311475409836,27.250000000000004,0.0,5.989583333333334,0.0,26.309226932668327,25.310559006211182
2021-12-31,0.0,25.74626865671642,0.0,0.0,0.0,38.9240506329114,25.94696969696969
2022-01-01,0.0,30.0,0.0,0.0,0.0,0.0,36.46616541353384
2022-01-02,30.327868852459016,34.84848484848485,0.0,0.0,11.247216035634745,21.929824561403507,31.060606060606062
2022-01-03,25.32467532467532,35.76271186440678,0.0,0.0,0.0,30.79470198675497,36.64658634538153
2022-01-04,29.310344827586203,41.55172413793103,0.0,18.548387096774192,0.0,28.38983050847457,29.796264855687603
2022-01-05,36.597938144329895,35.46511627906977,0.0,27.06422018348624,10.37735849056604,27.591036414565828,33.18181818181819
2022-01-06,34.5360824742268,23.026315789473685,0.0,0.0,21.875,23.06201550387597,23.40823970037453
2022-01-07,36.915887850467286,48.21428571428572,0.0,0.0,33.47826086956522,25.201612903225808,29.59558823529412
2022-01-08,32.065217391304344,42.01030927835052,0.0,0.0,36.39455782312925,28.94736842105264,42.64705882352941
2022-01-09,29.365079365079367,44.71830985915493,0.0,0.0,39.09090909090909,0.0,39.048991354466864
2022-01-10,33.095238095238095,45.16616314199396,0.0,18.617021276595743,45.43269230769231,28.711790393013096,38.1329114
2022-01-11,40.647482014388494,37.88343558282208,0.0,26.01351351351352,32.17213114754098,30.2511416,36.63540445486518
2022-01-12,31.49350649350649,36.97604790419162,0.0,25.18248175182482,36.48648648648648,32.2546973,35.625
2022-01-13,32.55208333333333,39.6590909,0.0,22.81553398058253,35.0828729281768,29.1860465,34.404924760601915
2022-01-14,32.25,42.4675325,32.19178082191781,23.823529411764703,36.00682593856656,33.5336538,38.1425234
2022-01-15,42.5925925925926,47.7739726,49.03846153846153,34.31372549019608,40.8045977,40.3846154,41.2593985
2022-01-16,43.54838709677419,50.92592592592593,0.0,0.0,50.6289308,45.10869565217392,51.8587361
2022-01-17,40.35532994923858,50.7677543,0.0,45.93023255813954,46.2264151,40.0195695,48.9289192
2022-01-18,45.04716981132076,42.504931,42.74193548387097,34.6625767,47.9,30.0693241,45.0043821
2022-01-19,43.49112426035503,44.7712418,0.0,28.7401575,41.3684211,28.8968825,41.9670443
2022-01-20,37.42138364779874,39.6596859,50.0,24.6478873,34.12698412698413,32.7181208,29.5735129
2022-01-21,36.915887850467286,41.4040115,0.0,31.4516129,38.6010363,33.8526912,30.4307116
2022-01-22,24.509803921568626,40.688259109311744,0.0,0.0,39.94252873563218,37.719298245614034,37.0192308
2022-01-23,30.82191780821918,40.7534247,0.0,0.0,37.0614035,41.36363636363637,38.8081395
2022-01-24,39.6860987,36.3157895,27.20588235294117,26.433121,38.9648438,27.3123909,37.1219512
2022-01-25,32.2265625,36.0759494,27.966101694915253,31.6,31.0377358,31.1414392,32.1004566
2022-01-26,36.4321608,32.7247191,26.51515151515152,27.9411765,34.787472,26.5517241,31.7579505
2022-01-27,31.1904762,37.3156342,29.807692307692307,27.8846154,25.7692308,26.8392371,31.6536204
2022-01-28,34.7222222,34.6899225,0.0,26.9021739,30.5900621,25.5043228,32.9462103
2022-01-29,35.4961832,36.8263473,0.0,0.0,35.0,29.3604651,33.7982833
2022-01-30,30.2884615,39.6907216,0.0,0.0,38.0555556,0.0,36.0810811
2022-01-31,28.25,28.6833856,34.74576271186441,31.75,28.0821918,26.125,33.477842
2022-02-01,32.3129252,29.3307087,31.7307692,28.9634146,29.3201133,20.5621302,26.0895884
2022-02-02,27.7070064,29.3010753,0.0,34.6428571,30.5555556,14.6186441,27.5787966
2022-02-03,27.3109244,35.2564103,0.0,27.7777778,27.076412,22.1153846,23.960217
2022-02-04,20.3846154,29.7979798,0.0,20.1923077,20.112782,17.3684211,27.1516393
2022-02-05,19.5652174,23.4513274,0.0,0.0,28.6057692,22.9591837,26.9817073
2022-02-06,28.4722222,35.3448276,0.0,0.0,36.2857143,27.2058824,31.3356164
2022-02-07,21.9135802,22.1311475,0.0,34.516129,16.568915,15.4761905,22.1311475
2022-02-08,11.637931,13.0597015,0.0,25.9036145,18.3257919,14.7058824,17.7530017
2022-02-09,18.0412371,17.7419355,0.0,24.4791667,18.2773109,11.2716763,20.3435805
2022-02-10,11.971831,13.3663366,0.0,18.2432432,15.8986175,8.7878788,15.0229358
2022-02-11,15.1785714,22.3684211,0.0,21.9298246,16.0714286,12.6623377,15.821256
2022-02-12,0.0,22.7941176,0.0,0.0,18.9285714,18.115942,21.0204082
2022-02-13,0.0,0.0,0.0,0.0,26.2096774,0.0,19.8170732
2022-02-14,15.9090909,14.0776699,0.0,23.1481481,18.0555556,6.5909091,15.9528908
2022-02-15,8.7301587,11.1538462,0.0,21.2643678,16.6666667,6.1170213,9.6816976
2022-02-16,11.1842105,9.7457627,0.0,17.7966102,13.8888889,8.2733813,9.125
2022-02-17,11.4035088,17.0886076,0.0,25.4464286,14.0883978,11.3138686,6.2691131
2022-02-18,9.4827586,13.0681818,0.0,0.0,16.5625,3.0973451,12.1908127
2022-02-19,0.0,0.0,0.0,0.0,16.3865546,9.1666667,7.3369565
2022-02-20,0.0,0.0,0.0,0.0,12.6373626,0.0,9.3495935
2022-02-21,0.0,11.2612613,0.0,18.5897436,9.7122302,6.1688312,8.1196581
2022-02-22,0.0,6.0810811,0.0,13.8888889,7.3426573,4.3650794,4.3283582
2022-02-23,4.0983607,5.4216867,0.0,0.0,12.2641509,7.3913043,5.7692308
2022-02-24,0.0,12.6865672,0.0,0.0,6.7251462,2.7173913,7.3770492
2022-02-25,0.0,2.1126761,0.0,0.0,6.5217391,6.0810811,6.9892473
2022-02-26,0.0,0.0,0.0,0.0,6.9444444,5.3846154,5.3191489
2022-02-27,0.0,0.0,0.0,0.0,8.4269663,0.0,2.3809524
2022-02-28,0.0,8.125,0.0,0.0,5.7575758,2.734375,3.343949
2022-03-01,0.0,2.1126761,0.0,0.0,4.6428571,3.8888889,3.6842105
2022-03-02,0.0,2.9069767,0.0,0.0,5.0925926,2.6595745,5.3505535
2022-03-03,0.0,3.4246575,0.0,0.0,5.078125,0.5882353,4.4964029
2022-03-04,0.0,0.0,0.0,0.0,4.7008547,0.5747126,3.1120332
2022-03-05,0.0,0.0,0.0,0.0,3.4722222,0.0,2.3809524
2022-03-06,0.0,0.0,0.0,0.0,2.5423729,2.5423729,1.5306122
2022-03-07,0.0,2.3809524,0.0,0.0,5.2380952,3.3950617,4.0069686
2022-03-08,0.0,3.3333333,0.0,0.0,4.2168675,0.5747126,5.1229508
2022-03-09,0.0,3.5211268,0.0,0.0,6.7073171,3.6458333,2.5490196
2022-03-10,0.0,0.8928571,0.0,0.0,5.2238806,1.5,4.0669856
2022-03-11,0.0,2.7777778,0.0,0.0,5.3571429,1.9480519,1.3227513
2022-03-12,0.0,0.0,0.0,0.0,2.8301887,0.0,1.7241379
2022-03-13,0.0,0.0,0.0,0.0,0.0,0.0,2.8409091
2022-03-14,0.0,2.34375,0.0,0.0,4.4871795,2.0547945,3.0805687
2022-03-15,0.0,0.9259259,0.0,0.0,2.5862069,0.7352941,2.4456522
2022-03-16,0.0,2.3809524,0.0,0.0,3.4722222,0.862069,1.7326733
2022-03-17,0.0,0.8333333,0.0,0.0,0.6756757,0.7352941,1.9230769
2022-03-18,0.0,0.0,0.0,0.0,0.6666667,0.7936508,4.0372671
2022-03-19,0.0,0.0,0.0,0.0,0.0,0.0,1.2931034
2022-03-20,0.0,0.0,0.0,0.0,0.0,0.0,2.6315789
2022-03-21,0.0,1.7647059,0.0,0.0,1.9230769,1.2396694,3.3950617
2022-03-22,0.0,2.7272727,0.0,0.0,2.173913,0.8196721,1.5151515
2022-03-23,0.0,0.0,0.0,0.0,3.2894737,2.4193548,0.9375
2022-03-24,0.0,0.0,0.0,0.0,0.7142857,2.3809524,3.3950617
2022-03-25,0.0,0.0,0.0,0.0,0.7246377,0.9615385,1.6233766
2022-03-26,0.0,0.0,0.0,0.0,0.0,0.0,0.4545455
2022-03-27,0.0,0.0,0.0,0.0,0.0,0.0,5.7377049
2022-03-28,0.0,0.9433962,0.0,0.0,2.6595745,0.6024096,2.866242
2022-03-29,0.0,0.0,0.0,0.0,0.9090909,2.3809524,5.801105
2022-03-30,0.0,0.0,0.0,0.0,0.0,0.0,0.8823529
2022-03-31,0.0,0.0,0.0,0.0,4.1666667,2.4193548,1.9083969
2022-04-01,0.0,0.0,0.0,0.0,0.8333333,0.0,0.4950495
2022-04-02,0.0,0.0,0.0,0.0,0.0,0.0,1.744186
2022-04-03,0.0,0.0,0.0,0.0,0.0,0.0,0.7042254
2022-04-04,0.0,0.0,0.0,0.0,2.1126761,1.744186,2.2727273
2022-04-05,0.0,0.0,0.0,0.0,3.8461538,3.6231884,3.5031847
2022-04-06,0.0,0.0,0.0,0.0,0.9803922,3.8461538,3.0172414
2022-04-07,0.0,0.0,0.0,0.0,6.25,19.5652174,4.1353383
2022-04-08,0.0,0.0,0.0,0.0,0.9433962,4.3859649,4.6583851
2022-04-09,0.0,0.0,0.0,0.0,0.0,0.0,4.0909091
2022-04-10,0.0,0.0,0.0,0.0,0.0,0.0,7.7380952
2022-04-11,0.0,4.0322581,0.0,0.0,4.1666667,1.8292683,4.9418605
2022-04-12,0.0,0.0,0.0,0.0,3.968254,0.8928571,6.0509554
2022-04-13,0.0,0.0,0.0,0.0,3.6231884,2.7272727,6.462585
2022-04-14,0.0,4.9019608,0.0,0.0,7.03125,0.0,2.7559055
2022-04-15,0.0,0.0,0.0,0.0,2.8301887,0.0,7.1428571
2022-04-16,0.0,0.0,0.0,0.0,0.0,0.0,6.302521
2022-04-17,0.0,0.0,0.0,0.0,0.0,0.0,0.0
2022-04-18,0.0,4.5454545,0.0,0.0,2.9761905,0.5376344,2.9891304
2022-04-19,0.0,0.0,0.0,0.0,3.4246575,4.2372881,7.0987654
2022-04-20,0.0,0.0,0.0,0.0,3.164557,14.3939394,4.5138889
2022-04-21,0.0,10.3773585,0.0,0.0,4.0322581,2.4590164,4.7738693
2022-04-22,0.0,0.0,0.0,0.0,11.4457831,0.0,7.0
2022-04-23,0.0,0.0,0.0,0.0,3.90625,0.0,4.7368421
2022-04-24,0.0,0.0,0.0,0.0,0.0,0.0,8.2278481
2022-04-25,0.0,5.9322034,0.0,0.0,6.4705882,10.1851852,11.8604651
2022-04-26,0.0,6.0344828,0.0,0.0,3.7878788,0.0,8.6111111
2022-04-27,0.0,4.8076923,0.0,0.0,2.3809524,0.0,6.1290323
2022-04-28,0.0,10.7843137,0.0,0.0,6.4705882,0.0,9.0643275
2022-04-29,0.0,0.0,0.0,0.0,4.3103448,0.0,5.8139535
2022-04-30,0.0,0.0,0.0,0.0,11.9047619,0.0,4.2056075
2022-05-01,0.0,0.0,0.0,0.0,0.0,0.0,9.2592593
2022-05-02,0.0,27.4373259,0.0,0.0,3.3333333,8.59375,13.7096774
2022-05-03,0.0,10.7843137,0.0,0.0,11.038961,5.8333333,8.9403974
2022-05-04,0.0,0.0,0.0,0.0,5.1470588,14.9122807,15.2298851
2022-05-05,0.0,0.0,0.0,0.0,4.5454545,8.8235294,7.9411765
2022-05-06,0.0,0.0,0.0,0.0,4.0983607,0.0,12.7027027
2022-05-07,0.0,0.0,0.0,0.0,5.5555556,0.0,9.5
2022-05-08,0.0,0.0,0.0,0.0,6.0344828,0.0,12.5
2022-05-09,0.0,8.9041096,0.0,0.0,10.0961538,12.804878,9.4660194
2022-05-10,0.0,21.4285714,0.0,0.0,5.9139785,8.4615385,12.4434389
2022-05-11,0.0,18.2539683,0.0,0.0,8.5227273,13.9705882,12.9385965
2022-05-12,0.0,16.4893617,0.0,0.0,8.4158416,18.0921053,11.8534483
2022-05-13,38.7052342,0.0,0.0,0.0,6.4285714,5.46875,12.7118644
2022-05-14,0.0,11.8181818,0.0,0.0,10.0,0.0,13.2
2022-05-15,0.0,0.0,0.0,0.0,0.0,0.0,10.2272727
2022-05-16,0.0,14.516129,0.0,0.0,5.9782609,15.8119658,12.8691983
2022-05-17,0.0,25.9036145,0.0,0.0,10.7594937,12.2727273,13.5321101
2022-05-18,0.0,14.1975309,0.0,0.0,4.5454545,9.5505618,13.8297872
2022-05-19,0.0,14.8809524,0.0,0.0,19.7247706,11.038961,15.3703704
2022-05-20,0.0,20.8860759,0.0,0.0,17.3076923,10.3174603,13.3187773
2022-05-21,0.0,15.8333333,0.0,0.0,6.0,0.0,15.8783784
2022-05-22,0.0,0.0,0.0,0.0,13.0769231,0.0,15.625
2022-05-23,0.0,11.5384615,0.0,0.0,14.2045455,15.625,16.7896679
2022-05-24,0.0,21.3414634,0.0,0.0,16.6666667,12.8571429,19.1176471
2022-05-25,19.8275862,19.6202532,0.0,0.0,7.9268293,16.8604651,19.8943662
2022-05-26,0.0,25.862069,0.0,0.0,11.7391304,10.4938272,20.9543568
2022-05-27,0.0,21.3636364,0.0,0.0,13.0208333,21.1340206,12.394958
2022-05-28,0.0,18.627451,0.0,0.0,11.6438356,16.1971831,20.0534759
2022-05-29,0.0,0.0,0.0,0.0,10.6557377,0.0,18.5606061
2022-05-30,0.0,0.0,0.0,0.0,13.9830508,0.0,21.641791
2022-05-31,0.0,23.2673267,0.0,0.0,13.4816754,14.556962,19.5384615
2022-06-01,18.2692308,28.8043478,0.0,0.0,14.1025641,24.5,18.1967213
2022-06-02,0.0,23.6842105,0.0,0.0,17.8571429,21.7171717,17.8062678
2022-06-03,0.0,19.6202532,0.0,16.666666666666664,18.75,23.2673267,23.3221477
2022-06-04,0.0,23.015873,0.0,0.0,16.025641,16.1538462,20.6976744
2022-06-05,0.0,0.0,0.0,0.0,20.1492537,0.0,25.1592357
2022-06-06,0.0,30.0925926,0.0,0.0,15.9482759,27.016129,25.4985755
2022-06-07,0.0,30.0,0.0,0.0,13.4615385,27.3255814,21.8553459
2022-06-08,0.0,24.4791667,0.0,0.0,15.7608696,22.2772277,19.8245614
2022-06-09,0.0,32.0224719,0.0,0.0,20.7070707,27.3195876,21.875
2022-06-10,16.9642857,26.9607843,0.0,0.0,8.6666667,14.673913,18.9597315
2022-06-11,0.0,25.0,0.0,0.0,20.8333333,26.9736842,24.6
2022-06-12,0.0,0.0,0.0,0.0,26.7241379,0.0,25.4966887
2022-06-13,19.4444444,26.0683761,0.0,0.0,18.5,27.016129,26.552795
2022-06-14,0.0,17.9012346,0.0,0.0,29.8913043,19.4117647,26.4184397
2022-06-15,0.0,26.5765766,0.0,0.0,19.4444444,23.4375,22.5423729
2022-06-16,0.0,30.4166667,0.0,0.0,25.5681818,21.6346154,26.7287234
2022-06-17,0.0,25.0,0.0,0.0,20.3296703,27.6315789,22.7272727
2022-06-18,0.0,30.1724138,0.0,0.0,22.1649485,19.1860465,19.5103858
2022-06-19,0.0,0.0,0.0,0.0,23.1958763,0.0,35.2216749
2022-06-20,21.8309859,36.328125,0.0,0.0,18.1415929,27.173913,29.9242424
2022-06-21,0.0,37.1287129,0.0,0.0,24.7368421,35.0,27.9104478
2022-06-22,0.0,33.4710744,0.0,0.0,26.1363636,29.0441176,28.8251366
2022-06-23,0.0,23.553719,0.0,0.0,18.4210526,33.8095238,27.125
2022-06-24,22.5,29.1304348,0.0,0.0,27.5,31.6513761,28.5502959
2022-06-25,26.9230769,44.8529412,0.0,0.0,30.2197802,35.326087,33.4
2022-06-26,0.0,0.0,0.0,0.0,36.3095238,0.0,38.7804878
2022-06-27,32.03125,39.8305085,0.0,0.0,26.7361111,25.4285714,24.2729306
2022-06-28,34.2105263,30.952381,0.0,0.0,22.6708075,28.2945736,25.0
2022-06-29,27.34375,32.8828829,0.0,0.0,28.3783784,31.9230769,25.3180662
2022-06-30,18.75,28.515625,0.0,0.0,28.7735849,17.9166667,23.3153639
2022-07-01,38.6792453,40.234375,0.0,0.0,23.3606557,30.0925926,31.6155989
2022-07-02,32.3529412,29.5698925,0.0,0.0,31.0185185,28.4946237,31.25
2022-07-03,0.0,50.0,0.0,0.0,35.7142857,0.0,31.6326531
2022-07-04,0.0,0.0,0.0,0.0,0.0,0.0,30.4166667
2022-07-05,36.440678,43.4131737,0.0,0.0,24.6794872,21.0,36.0576923
2022-07-06,0.0,36.6242038,0.0,0.0,29.7945205,30.0,26.1548065
2022-07-07,0.0,33.4532374,0.0,0.0,21.9135802,19.1275168,30.0982801
2022-07-08,27.2058824,34.1911765,0.0,0.0,29.8449612,25.3787879,34.5477387
2022-07-09,33.0188679,27.5,0.0,0.0,31.0483871,32.7160494,30.9885932
2022-07-10,0.0,34.7058824,0.0,0.0,33.1521739,25.4098361,33.4033613
2022-07-11,35.3932584,29.5454545,0.0,0.0,37.1345029,32.5,34.8060345
2022-07-12,33.5714286,31.5602837,0.0,0.0,31.5217391,16.6666667,29.1666667
2022-07-13,29.8076923,26.9230769,0.0,0.0,32.0359281,27.2321429,33.7443946
2022-07-14,26.8115942,22.8873239,0.0,0.0,26.6447368,27.0408163,21.9928187
2022-07-15,30.8333333,30.0,0.0,0.0,24.4827586,28.0172414,28.9203085
2022-07-16,0.0,36.9565217,0.0,0.0,26.3779528,32.4074074,34.2920354
2022-07-17,0.0,0.0,0.0,0.0,42.7419355,0.0,41.7948718
2022-07-18,39.375,39.4472362,0.0,0.0,34.9315068,28.5310734,32.4688797
2022-07-19,37.8571429,42.3076923,0.0,0.0,28.2122905,30.8695652,32.1933962
2022-07-20,26.875,40.0641026,0.0,0.0,30.7065217,29.9295775,26.2208068
2022-07-21,40.1785714,29.9295775,0.0,0.0,25.297619,26.171875,29.6338673
2022-07-22,35.0,24.2537313,0.0,0.0,33.6111111,27.016129,30.91133
2022-07-23,41.6666667,39.2857143,0.0,0.0,37.3188406,26.3888889,30.2795031
2022-07-24,0.0,28.1818182,0.0,0.0,29.4392523,0.0,41.6666667
2022-07-25,37.8205128,37.345679,0.0,0.0,31.75,20.9497207,23.4681373
2022-07-26,0.0,25.6329114,0.0,23.381295,30.46875,28.1456954,25.3462604
2022-07-27,34.0909091,34.3537415,0.0,0.0,34.3085106,33.9160839,27.2151899
2022-07-28,32.6086957,31.557377,0.0,0.0,33.2352941,22.173913,35.4278075
2022-07-29,0.0,32.2222222,0.0,0.0,32.1875,26.6990291,29.9107143
2022-07-30,0.0,33.1460674,0.0,0.0,40.797546,31.4655172,27.8333333
2022-07-31,0.0,34.1269841,0.0,0.0,36.7857143,27.8846154,31.7777778
2022-08-01,34.8214286,27.9605263,0.0,0.0,30.239521,25.5102041,30.7312253
