time_value,101,102,103,104,105,106,107
2020-08-01,5.477853,4.959906,5.217711,3.933088,3.676298,3.224947,3.55044
2020-08-02,5.717132,5.054678,5.224931,3.944444,3.430919,3.141335,3.264309
2020-08-03,6.043569,4.875676,5.99742,3.889826,3.255197,3.053919,2.938889
2020-08-04,6.876758,5.484167,5.827989,3.913221,3.604733,3.08237,3.268631
2020-08-05,7.141006,5.431097,5.679347,3.757998,3.428028,2.970618,3.049927
2020-08-06,7.112733,5.009119,5.283634,3.522963,2.991893,2.809312,2.952988
2020-08-07,6.300064,4.701203,4.937288,3.75897,2.83638,3.19036,2.817381
2020-08-08,5.681209,4.382668,4.611642,3.673628,2.847032,3.078815,2.713811
2020-08-09,5.235454,4.272323,5.284635,3.643595,3.008312,3.000398,2.728223
2020-08-10,4.873489,4.321214,5.373071,3.636736,3.128825,2.927411,2.734023
2020-08-11,4.760257,4.442666,5.061345,3.327322,3.150779,2.596527,2.462196
2020-08-12,4.340672,3.811415,4.791937,2.927273,3.124217,3.180153,2.080233
2020-08-13,4.23089,3.287306,4.577795,2.663431,3.163137,3.069697,1.810998
2020-08-14,3.807395,2.96166,4.497742,2.687719,3.166849,3.102753,1.446791
2020-08-15,3.737835,2.723363,4.401029,2.636133,3.271532,3.026064,1.139329
2020-08-16,3.677716,2.555854,4.707887,2.565365,3.315775,2.866726,0.873192
2020-08-17,3.680074,2.555613,5.147775,2.52771,3.317692,2.797487,0.656347
2020-08-18,4.141677,2.582341,4.87321,2.697614,3.143628,3.086002,0.498216
2020-08-19,4.06857,2.24116,4.687482,2.646085,3.002653,2.941811,0.383285
2020-08-20,4.028104,2.61926,4.428672,2.650926,2.67898,2.734677,0.633385
2020-08-21,3.874861,2.339777,4.147851,2.421449,2.217677,2.356816,1.019902
2020-08-22,3.838211,2.222965,3.959874,2.332327,1.715496,2.272835,0.997852
2020-08-23,3.792933,2.164508,4.0419,2.309944,1.33,2.266925,1.088294
2020-08-24,3.713738,2.193802,4.298591,2.43417,1.019704,2.357294,1.174107
2020-08-25,3.783995,2.004219,4.269446,2.544143,1.029183,2.520248,1.002026
2020-08-26,3.722924,1.857758,4.176803,2.577407,1.092836,2.633816,1.392958
2020-08-27,3.819685,1.884013,4.122978,2.686646,1.043326,2.658253,1.382897
2020-08-28,3.849998,2.088238,4.000402,2.52627,1.2367,2.436541,1.513186
2020-08-29,3.714722,2.048325,3.918035,2.48365,1.156853,2.582776,1.643692
2020-08-30,3.747263,1.981143,4.158484,2.462289,1.104901,2.774255,1.836385
2020-08-31,3.795588,1.720834,3.728368,2.4539,1.066929,2.907738,1.982228
2020-09-01,3.693423,1.925644,3.558655,2.302856,1.085668,3.03944,1.77951
2020-09-02,3.730762,2.17689,3.898877,2.220343,1.400934,3.128568,1.397771
2020-09-03,4.019451,2.172038,4.254974,2.272911,1.951204,3.102286,1.158098
2020-09-04,3.783791,2.094644,4.213688,2.254388,2.087453,2.997819,0.847438
2020-09-05,3.538537,2.03418,4.440445,2.368027,1.949823,3.403186,0.739816
2020-09-06,3.50859,1.998579,5.341515,2.442442,1.801725,3.642123,0.998118
2020-09-07,4.086783,1.858989,5.097046,2.524011,1.693109,3.85025,1.323188
2020-09-08,5.571926,2.062206,6.90097,2.606567,1.527436,4.02921,1.659862
2020-09-09,5.755186,2.170062,6.429748,2.692428,1.543791,3.994237,1.527004
2020-09-10,6.297305,2.603873,6.035131,2.70604,1.907003,3.833241,1.568866
2020-09-11,6.102065,2.527318,5.745772,2.762585,2.312151,4.175528,1.671696
2020-09-12,5.705063,2.421892,5.373577,2.971441,2.300781,4.01746,1.565779
2020-09-13,5.331452,2.315473,5.234068,3.043719,2.317072,3.84363,1.694835
2020-09-14,5.115942,2.095665,5.017781,3.096145,2.301629,3.715298,1.828877
2020-09-15,5.123792,2.095341,4.676478,3.056331,2.456234,3.676803,2.042208
2020-09-16,5.390472,2.004754,4.566048,3.228639,2.539168,3.862637,1.840415
2020-09-17,5.067867,2.055255,4.503086,3.121616,2.482172,3.688772,2.12271
2020-09-18,4.831393,1.990376,4.191678,3.49283,2.404367,3.944332,2.311148
2020-09-19,4.441985,2.081366,4.320715,3.650473,2.296293,3.72088,1.888979
2020-09-20,4.172689,2.195327,4.409724,3.669749,2.2185,3.485208,1.663315
2020-09-21,4.039922,2.225671,4.827207,3.660762,2.119954,3.304336,1.517012
2020-09-22,3.669675,2.201313,5.124617,3.388702,2.246207,3.053964,1.673866
2020-09-23,3.625118,2.425021,5.361868,3.517438,2.376007,3.298542,1.31598
2020-09-24,3.824729,2.564974,5.625947,3.367215,2.511348,3.11981,0.959707
2020-09-25,4.213862,2.551963,5.681568,3.434708,2.842411,3.004542,1.013424
2020-09-26,4.118108,2.351404,5.76354,3.65346,3.464104,3.360817,0.976287
2020-09-27,4.022236,2.308945,5.696806,3.729964,3.960408,3.564449,0.983837
2020-09-28,4.103385,2.257056,5.631068,3.80042,4.351104,3.712964,1.062378
2020-09-29,4.236021,2.348494,5.566065,3.693331,4.813621,3.606521,1.219795
2020-09-30,4.552896,2.415705,5.725726,3.702533,5.287518,3.613444,1.119819
2020-10-01,4.526369,2.575948,5.784901,3.673438,5.40518,3.558798,1.185778
2020-10-02,4.634695,2.869921,5.689119,3.331819,5.185914,3.312616,2.058075
2020-10-03,4.906472,3.039752,5.724724,3.150817,4.905812,3.279349,2.000445
2020-10-04,4.757792,2.960097,5.691476,3.043646,4.622493,3.272403,1.995771
2020-10-05,4.776951,2.911943,5.980937,3.031277,4.322082,3.282668,2.057834
2020-10-06,4.600549,3.136527,6.132521,3.423276,4.351435,3.652342,2.442486
2020-10-07,4.896871,3.127128,6.738539,3.339765,4.513846,3.797421,2.639139
2020-10-08,5.199577,3.311322,7.069079,3.843404,4.777609,4.156131,2.987652
2020-10-09,5.346937,3.589819,7.327847,3.814995,4.838028,3.807973,2.385904
2020-10-10,5.319773,3.630154,7.616547,4.175432,5.391268,4.464884,2.86337
2020-10-11,5.287718,3.648914,7.497443,4.437885,5.905379,4.823662,3.129661
2020-10-12,5.318749,3.503016,7.450059,4.663051,6.262627,5.086341,3.34656
2020-10-13,5.558458,3.800543,7.343185,4.855153,7.185651,4.693055,3.46444
2020-10-14,6.139236,3.885166,7.417725,4.727058,7.95704,4.965804,3.462951
2020-10-15,6.202871,3.947472,7.685072,4.254424,7.918761,4.805487,4.093403
2020-10-16,6.326079,4.347374,7.817052,4.099179,7.754442,4.288172,3.991184
2020-10-17,6.389524,4.006542,7.851547,4.283778,7.373144,4.448018,4.403924
2020-10-18,6.489152,4.044376,7.90877,4.326725,6.986015,4.628148,4.768414
2020-10-19,6.64871,3.846329,8.120945,4.444169,6.563873,4.751093,4.998752
2020-10-20,6.41719,4.28064,7.971874,4.852788,6.195103,4.750143,5.314507
2020-10-21,6.88331,4.321233,8.068998,4.972043,6.153338,4.899744,5.113633
2020-10-22,6.675556,4.722314,8.306988,5.080051,6.472936,4.651781,4.131221
2020-10-23,6.851491,4.593871,8.533687,5.26829,6.818242,5.41132,4.030528
2020-10-24,6.817003,4.696283,8.540331,5.605979,7.215138,5.661517,4.066267
2020-10-25,6.734195,4.644646,8.383062,5.84097,7.53176,5.787832,4.067995
2020-10-26,6.552633,4.444637,8.578547,6.04552,7.732048,5.885599,4.022109
2020-10-27,6.256144,5.082675,8.746067,5.798352,8.685866,5.559862,3.627988
2020-10-28,6.312951,5.784024,8.904951,6.434914,9.404766,6.270828,3.472738
2020-10-29,6.829202,5.909894,9.175691,7.026221,9.665541,6.732754,3.654663
2020-10-30,7.155753,5.858417,9.644711,6.638002,9.396897,7.217093,3.098881
2020-10-31,8.013087,5.869291,10.015788,6.970041,8.923197,7.912554,2.978581
2020-11-01,8.590826,5.835811,10.553102,7.178224,8.425126,8.295403,3.051888
2020-11-02,8.16797,5.464742,10.446907,7.365753,7.97267,8.4995,3.2
2020-11-03,8.441123,5.714692,10.328572,7.751033,8.116848,9.140747,2.840397
2020-11-04,8.598831,5.667464,10.453551,7.837996,8.512119,9.662448,3.489206
2020-11-05,8.417421,5.972898,10.960341,8.136034,8.761984,9.919822,4.248405
2020-11-06,8.475565,6.37927,11.448402,8.279999,9.323471,10.681514,4.610673
2020-11-07,9.165151,6.628096,11.848744,8.830788,10.695814,10.634415,5.013737
2020-11-08,9.759115,6.902282,12.410841,9.36185,11.72817,10.439118,5.325227
2020-11-09,10.091792,7.494321,12.701635,9.746472,12.706489,10.164167,5.500627
2020-11-10,10.12895,8.235204,12.786943,10.006931,13.421661,10.258296,5.763035
2020-11-11,10.148945,8.437386,13.083224,10.079518,14.469375,10.921137,7.153777
2020-11-12,10.500929,9.123949,13.162021,10.363842,15.630524,10.655737,8.098157
2020-11-13,10.905208,9.153494,13.286521,10.65792,15.824445,11.795458,9.038267
2020-11-14,10.180245,9.052973,12.94413,11.312888,16.015984,12.029731,9.375297
2020-11-15,9.4905,8.638079,13.076784,11.843897,15.990399,12.135388,10.24004
2020-11-16,9.334989,7.90301,13.499598,12.257021,15.80932,12.101694,10.533696
2020-11-17,8.643184,8.262978,13.429494,11.60404,15.439509,11.598187,11.83847
2020-11-18,7.819972,8.235381,13.203353,11.31316,14.844022,11.495492,12.320068
2020-11-19,7.3473,8.367199,12.982231,11.304215,14.147955,11.399505,11.24678
2020-11-20,7.484707,8.323078,13.011502,11.40845,13.765157,11.577063,11.361949
2020-11-21,7.565163,8.642212,12.909736,11.852134,13.278191,11.210185,10.850572
2020-11-22,7.626241,8.785267,13.3642,12.194869,13.050081,11.034781,10.809448
2020-11-23,7.594872,8.157378,13.883061,12.460984,12.781904,10.843597,10.87894
2020-11-24,7.85195,9.158772,13.727511,11.618725,13.588578,10.33873,11.488792
2020-11-25,7.580984,8.943005,13.26452,11.47277,14.360465,10.214068,11.024476
2020-11-26,7.681215,8.77669,13.135637,11.420689,14.68879,10.017137,11.100706
2020-11-27,7.820205,8.885475,17.391879,11.944006,15.072617,10.27319,11.99698
2020-11-28,10.410749,11.805138,18.862957,12.669984,16.1328,11.169266,13.088325
2020-11-29,13.052223,13.203055,18.206751,14.019567,17.739642,13.220676,13.852813
2020-11-30,12.929424,12.39086,16.954685,14.812366,19.294588,14.454495,14.303976
2020-12-01,11.864234,11.760029,15.671624,13.687929,19.839186,14.068523,13.020439
2020-12-02,10.86048,10.770674,14.269535,12.338247,18.603668,13.22041,10.86228
2020-12-03,9.771052,10.231589,12.583178,11.287979,16.782654,11.851076,10.175669
2020-12-04,9.27194,9.651133,11.529087,10.289573,14.674918,10.993052,9.52298
2020-12-05,8.271467,8.885666,10.366236,9.540459,12.304188,10.035711,8.305452
2020-12-06,7.467126,8.009408,10.220659,9.141923,10.208184,9.313809,7.35682
2020-12-07,7.214835,7.251788,10.166958,8.808056,8.517515,8.68342,6.787011
2020-12-08,7.073721,7.346231,9.507981,9.265999,6.748994,8.787675,6.522595
2020-12-09,6.804318,6.828425,8.858237,8.606847,5.70124,8.719312,5.828119
2020-12-10,6.428154,6.917163,8.4904,8.028372,5.11317,8.242214,5.82844
2020-12-11,6.206358,7.25113,8.14095,7.793821,4.625021,7.988652,6.178026
2020-12-12,6.003998,7.629152,8.254552,7.819162,4.087421,7.915322,5.978033
2020-12-13,5.881309,8.056164,8.892757,7.976552,3.861653,7.903782,5.827631
2020-12-14,5.881722,8.495324,9.716052,8.238377,3.755322,8.005593,5.711951
2020-12-15,6.06564,8.262007,9.624706,8.361254,3.861937,8.223921,5.824838
2020-12-16,6.668538,7.635633,9.525165,8.35842,5.113662,8.228093,5.748964
2020-12-17,7.113892,7.294477,9.268409,7.784023,5.974852,7.600944,5.94053
2020-12-18,7.707091,6.916638,9.150351,8.018412,5.928094,7.657126,5.926074
2020-12-19,8.209936,6.903,9.167026,7.818909,6.339215,7.276772,5.643145
2020-12-20,8.672856,6.897668,10.112246,7.777859,6.604483,6.997684,5.768816
2020-12-21,9.739298,6.460549,10.856501,7.81331,6.847164,6.931687,5.924843
2020-12-22,9.738798,6.492145,10.778348,8.085404,7.530531,7.215308,5.244821
2020-12-23,9.333305,6.266346,10.342243,8.353375,8.244255,7.258673,5.132869
2020-12-24,8.881845,6.62873,10.474904,8.235112,8.734015,7.421553,5.775543
2020-12-25,11.896222,8.448083,12.260002,8.58657,9.296597,7.986053,6.332848
2020-12-26,14.461935,9.927426,13.231058,8.921264,10.219351,8.471675,6.770487
2020-12-27,15.836423,10.380283,13.556666,10.191379,11.088649,9.520077,7.035606
2020-12-28,14.829575,10.156611,13.425852,11.14368,11.735671,10.383222,7.172917
2020-12-29,12.961208,9.580655,12.540032,10.51995,11.674854,9.85169,6.839288
2020-12-30,11.548304,8.506754,11.519092,9.863259,10.367687,9.823945,6.215506
2020-12-31,10.018932,7.750021,10.714317,8.62114,9.028734,8.661812,6.527218
2021-01-01,9.266986,7.187966,10.509573,8.631814,8.057875,8.564769,6.7306
2021-01-02,8.725582,6.861896,10.02266,8.637971,7.157076,8.48924,6.992215
2021-01-03,8.121319,6.670574,8.70557,8.438166,6.437958,8.258919,7.291419
2021-01-04,7.18458,5.784932,7.656095,8.173335,5.830552,7.947753,7.449415
2021-01-05,6.13772,4.883902,6.53818,7.0508,5.567234,6.970162,6.461846
2021-01-06,5.328915,3.775681,5.507676,5.785955,5.95315,5.728297,5.103604
2021-01-07,4.24791,3.316636,4.592773,4.833169,6.206663,5.329688,4.699324
2021-01-08,3.589006,2.676323,3.840631,3.880572,5.866412,4.362634,3.634221
2021-01-09,3.266446,2.049926,3.07564,2.685133,5.643202,3.55337,2.613072
2021-01-10,3.061292,1.671734,2.90766,1.758336,5.431995,2.959738,1.953131
2021-01-11,3.164492,1.748744,2.957714,1.34733,5.197064,2.641693,1.523678
2021-01-12,2.888928,1.545927,2.8453,1.285372,4.677566,2.413828,1.110833
2021-01-13,3.071193,1.354304,2.810449,1.299394,4.167199,2.353761,0.742034
2021-01-14,2.828654,1.43108,2.677353,1.217879,3.807285,2.321988,1.233332
2021-01-15,2.909355,1.206424,2.727217,1.127165,3.476491,2.251874,1.594077
2021-01-16,2.925433,1.215077,2.563111,1.066877,3.415166,2.097586,1.36205
2021-01-17,3.026574,1.260417,2.675501,1.050826,3.409904,2.057094,1.456644
2021-01-18,3.332879,1.443645,2.760561,1.080399,3.402992,2.054601,1.54755
2021-01-19,3.835242,1.523105,3.124753,1.744599,4.216273,2.480944,1.912403
2021-01-20,3.766647,1.374038,3.154912,1.624972,4.810207,2.634409,1.946465
2021-01-21,3.525871,1.368884,3.180462,1.963646,3.907649,2.579208,3.065759
2021-01-22,3.481616,1.328206,3.191366,1.870573,3.219049,2.463802,3.26732
2021-01-23,3.391538,1.564144,3.031078,2.036717,3.325697,2.401019,3.247806
2021-01-24,3.280212,1.706975,3.08773,2.18385,3.44582,2.359366,3.208187
2021-01-25,3.285149,1.600779,3.429459,2.321431,3.500962,2.33653,3.066794
2021-01-26,3.273093,1.582221,3.437931,2.602646,3.718802,2.563753,2.66118
2021-01-27,2.86816,1.894703,3.431394,2.376017,4.05203,2.37701,2.979649
2021-01-28,2.912103,1.984804,3.344697,2.467546,4.408644,2.266667,3.316541
2021-01-29,3.056097,2.156013,3.289158,2.528633,4.521633,2.436282,2.92477
2021-01-30,2.803421,2.754726,3.1221,2.515038,4.296692,2.882025,2.412189
2021-01-31,2.575544,3.131183,3.213065,2.51011,4.05942,3.302644,2.257228
2021-02-01,2.48853,2.757406,3.477738,2.534495,3.835426,3.604784,2.064589
2021-02-02,2.546118,2.835406,3.517611,2.794461,3.287956,3.644193,1.793981
2021-02-03,2.562236,2.30564,3.539524,2.712317,3.398546,3.499149,2.340628
2021-02-04,2.326128,1.951686,3.333787,2.961017,3.572351,3.520695,2.098278
2021-02-05,2.323035,1.759488,3.395275,2.570206,3.084991,3.242747,2.102171
2021-02-06,2.213603,1.504943,3.276737,2.121967,2.756148,2.883237,1.734121
2021-02-07,2.170436,1.333756,3.48081,1.695423,2.387086,2.530241,1.679082
2021-02-08,2.502345,1.268575,3.737771,1.370007,2.047652,2.194808,1.662183
2021-02-09,2.541612,1.241775,3.809158,1.81124,2.381734,2.319436,1.739288
2021-02-10,2.546634,1.160398,3.624522,1.592357,2.968959,2.054797,2.058497
2021-02-11,2.509869,1.176199,3.480644,1.496809,3.000899,1.783365,1.634545
2021-02-12,2.353424,1.04217,3.458716,1.624643,2.965302,2.070373,1.615405
2021-02-13,2.165021,1.392345,3.272527,1.43134,2.727892,1.834186,1.404185
2021-02-14,2.034004,1.707196,3.347236,1.266991,2.61247,1.616292,1.537711
2021-02-15,2.479389,1.833747,3.753714,1.021634,2.48781,1.458488,1.678089
2021-02-16,2.665728,1.806642,3.611493,1.84216,2.287978,2.04221,2.054727
2021-02-17,2.791239,1.861602,3.478938,2.039331,2.064987,2.060372,3.203735
2021-02-18,2.814184,1.797193,3.315004,1.708955,1.836481,1.788656,2.958071
2021-02-19,2.740728,1.885084,3.127909,1.377795,1.875342,1.671644,2.401928
2021-02-20,2.630927,1.804605,2.857215,1.466849,2.018327,1.606935,2.217188
2021-02-21,2.53533,1.651343,2.826173,1.510596,2.121661,1.532289,2.349692
2021-02-22,2.521864,1.564901,3.205935,1.524687,2.216127,1.459059,2.445717
2021-02-23,2.51971,1.499526,3.109779,1.731246,2.106283,1.634019,2.341731
2021-02-24,2.422661,1.416089,3.012193,1.515152,2.3085,1.358377,2.835751
2021-02-25,2.184324,1.449447,2.758783,1.654196,2.465693,1.449227,2.550918
2021-02-26,2.429152,1.411231,2.561272,1.600888,2.381046,1.479817,2.236112
2021-02-27,2.274097,1.390834,2.433636,1.437954,2.365899,1.511663,2.473381
2021-02-28,2.224921,1.527858,2.450903,1.314469,2.373881,1.497347,2.850182
2021-03-01,2.471756,1.511195,2.537669,1.230538,2.407134,1.474462,3.002145
2021-03-02,2.286285,1.419053,2.405586,1.712977,2.477389,1.622464,3.662395
2021-03-03,2.122409,1.346664,2.278065,1.655927,2.471344,1.679657,3.578883
2021-03-04,2.188569,1.342598,2.162786,1.640552,2.344226,1.584322,3.242002
2021-03-05,1.912666,1.268841,2.080484,1.540708,2.119009,1.506187,2.786707
2021-03-06,1.784647,1.328308,1.910715,1.460531,2.216218,1.42855,2.219182
2021-03-07,1.727779,1.588393,1.917249,1.427423,2.296387,1.348497,1.766751
2021-03-08,1.802244,1.703633,2.198556,1.40696,2.379129,1.274069,1.352673
2021-03-09,1.625247,1.547962,2.259979,1.546657,2.520959,1.317775,2.023766
2021-03-10,1.556109,1.601939,2.396059,1.39172,2.822058,1.265072,2.403247
2021-03-11,1.640001,1.54,2.456968,1.708484,2.963541,1.388156,2.121257
2021-03-12,1.378513,1.607257,2.481426,1.524467,2.522001,1.462141,1.837819
2021-03-13,1.478711,1.518708,2.403146,1.394524,2.211324,1.281566,1.520508
2021-03-14,1.641561,1.48821,2.741682,1.264638,2.076199,1.093888,1.268155
2021-03-15,1.918453,1.929193,2.790633,1.166185,1.831257,0.98141,1.058298
2021-03-16,2.320827,1.85034,3.211427,1.158393,1.674457,0.940648,1.781627
2021-03-17,2.711931,1.966499,3.386813,1.184151,1.518795,0.996789,1.789111
2021-03-18,2.724615,2.216819,3.403074,2.043887,1.467316,1.373514,1.593062
2021-03-19,2.713371,1.996844,3.340029,1.859551,1.569675,1.404964,1.542081
2021-03-20,2.609391,1.869025,3.063012,1.87909,1.713849,1.519265,1.365033
2021-03-21,2.498052,2.009126,3.002104,1.908434,1.855835,1.642064,1.275114
2021-03-22,2.400504,2.021199,3.209633,1.952046,2.030938,1.746499,1.183862
2021-03-23,2.343004,2.106337,3.119328,1.918476,2.03052,1.871963,2.267951
2021-03-24,2.078122,2.202888,3.047939,1.79455,1.928087,1.793944,2.155005
2021-03-25,2.030677,2.049361,3.201567,1.878504,1.730306,1.867439,2.227014
2021-03-26,2.009425,1.969395,3.134251,1.89526,1.691352,1.910717,2.194151
2021-03-27,1.943502,1.951081,2.998987,1.804789,1.707578,1.756098,2.367753
2021-03-28,1.945248,2.237788,2.91088,1.781247,1.707353,1.655121,2.649484
2021-03-29,2.056342,2.235755,3.051609,1.741168,1.718485,1.566532,2.873834
2021-03-30,1.914664,2.171228,2.89634,1.7509,1.824882,1.510135,3.50707
2021-03-31,1.778658,2.243755,2.847714,1.887842,2.020224,1.52014,4.262164
2021-04-01,1.782259,2.174267,2.749238,2.029791,1.747722,1.542201,3.66475
2021-04-02,1.851174,2.088069,2.750182,1.94701,1.917739,1.502593,3.714354
2021-04-03,1.645484,2.059725,2.745505,1.809702,2.382479,1.358546,4.306749
2021-04-04,1.499817,2.034837,2.629297,1.655832,2.667918,1.19497,4.762704
2021-04-05,1.765371,2.053475,2.922786,1.542291,2.918521,1.079444,5.055228
2021-04-06,1.744672,1.895357,2.847265,1.779502,3.113057,1.276142,5.107726
2021-04-07,1.975213,1.976534,2.895056,1.710304,3.17576,1.352535,5.610691
2021-04-08,1.990969,1.819924,3.155597,2.016093,3.196101,1.646655,4.36165
2021-04-09,1.827339,1.710398,3.242616,1.851326,2.927969,1.567649,4.190491
2021-04-10,1.947153,1.624977,3.203312,1.7525,2.473812,1.517797,3.211585
2021-04-11,2.033071,1.898268,3.218238,1.726622,2.080081,1.491635,2.424964
2021-04-12,2.386225,2.144311,3.310179,1.711542,1.745849,1.496329,1.829108
2021-04-13,2.420787,2.255663,3.144075,1.794847,1.549466,1.45241,2.011295
2021-04-14,2.367598,2.543088,3.249487,1.698804,1.78867,1.590172,2.4591
2021-04-15,2.361403,2.608074,3.212577,1.860688,2.221426,1.825846,2.454418
2021-04-16,2.318638,2.737674,3.157188,1.738394,2.712471,2.036161,2.216468
2021-04-17,2.052104,2.568805,3.075108,1.657587,3.001871,1.962686,1.906187
2021-04-18,1.91064,2.520963,2.983016,1.607843,3.246177,1.906675,1.659436
2021-04-19,1.849572,2.409372,2.864026,1.632416,3.437911,1.871855,1.433305
2021-04-20,1.84066,2.419112,2.832693,1.709674,3.385191,2.110449,2.488017
2021-04-21,1.781235,2.318834,2.799766,1.687176,3.424706,2.119389,2.70705
2021-04-22,1.708041,2.384593,2.831049,1.789655,3.157773,2.254943,2.552585
2021-04-23,1.627334,2.443178,2.864806,2.07499,2.724955,2.361034,3.851105
2021-04-24,1.922896,2.141659,2.725937,1.930059,2.585909,2.207689,3.538057
2021-04-25,1.636164,2.251619,2.505983,1.73504,2.580855,2.021869,3.223437
2021-04-26,1.542075,2.350318,2.741198,1.578423,2.527032,1.859225,2.936166
2021-04-27,1.421452,2.239058,2.7243,1.619849,2.429953,2.084193,3.643768
2021-04-28,1.490666,2.206964,2.729123,1.862488,2.221246,2.38501,4.411912
2021-04-29,1.780022,2.150403,2.701486,2.039166,2.668151,2.709626,4.222422
2021-04-30,1.520688,2.129942,2.705932,2.017754,3.052902,2.607347,3.577835
2021-05-01,1.485503,2.090712,2.576579,1.739598,2.938214,2.2653,3.120108
2021-05-02,1.435931,2.181729,2.500818,1.486381,2.804439,1.930002,2.943882
2021-05-03,1.325922,2.18338,2.328659,1.296033,2.655915,1.642227,2.767645
2021-05-04,1.109444,2.118574,2.165876,1.04589,2.406195,1.548798,3.305496
2021-05-05,1.098745,2.16154,2.036646,1.233082,2.554655,1.529913,4.234797
2021-05-06,1.200496,2.026834,2.163848,1.263066,3.032152,1.567622,3.520602
2021-05-07,1.122254,1.877345,2.199978,1.160885,3.372129,1.464054,2.997943
2021-05-08,1.213951,1.767461,2.135713,0.980626,3.379407,1.227903,2.464966
2021-05-09,1.289778,2.004783,2.178791,0.858386,3.337784,1.083883,2.062441
2021-05-10,1.477791,2.192781,2.199518,0.765788,3.257178,1.007783,1.742975
2021-05-11,1.35183,1.970904,2.153668,0.855664,2.760302,0.948677,2.286665
2021-05-12,1.440555,1.818767,2.337866,1.104774,2.532353,1.245126,4.438886
2021-05-13,1.647777,1.872395,2.277667,1.012557,2.490423,1.228981,4.020666
2021-05-14,1.447746,1.778779,2.344199,0.850263,2.468314,1.149256,3.861861
2021-05-15,1.373338,1.938777,2.159101,0.752011,2.393778,1.13823,3.25072
2021-05-16,1.33305,2.11767,2.083216,0.69197,2.376831,1.131774,2.709906
2021-05-17,1.398554,2.388412,2.144193,0.675653,2.580227,1.115437,2.33791
2021-05-18,1.274893,2.313496,2.124647,0.685658,2.852598,1.03662,2.299995
2021-05-19,1.299121,2.23978,2.154326,0.885889,3.148016,1.032278,3.573052
2021-05-20,1.330799,2.210023,2.119177,0.897927,3.616079,1.13779,3.300778
2021-05-21,1.37345,2.009464,2.012819,0.811539,3.541472,1.080693,3.75592
2021-05-22,1.174852,1.69481,1.805181,0.750286,3.193513,1.000742,4.678774
2021-05-23,1.013026,1.912619,1.826509,0.701515,2.923698,0.990971,5.187963
2021-05-24,1.032724,2.014553,1.785446,0.671291,2.680822,0.977602,5.414318
2021-05-25,0.952575,1.81992,1.687795,0.664642,2.50894,0.940685,5.592498
2021-05-26,1.090095,1.70242,1.756857,0.845166,2.267384,0.824326,5.564222
2021-05-27,1.181972,1.639591,1.720107,0.876365,2.093101,0.799468,4.592474
2021-05-28,1.170891,1.704761,1.735597,0.803758,1.805706,0.750348,3.566008
2021-05-29,0.972512,1.724086,1.663265,0.859099,1.621498,0.76493,2.874606
2021-05-30,0.816658,1.74501,1.630663,0.874696,1.461446,0.767355,2.249617
2021-05-31,0.670729,1.743248,1.684226,0.869183,1.348605,0.7698,1.706486
2021-06-01,0.8922,1.886259,2.532211,0.884478,1.390534,0.816732,1.848218
2021-06-02,1.015637,1.845048,2.404763,0.714406,1.570181,0.70065,2.864395
2021-06-03,1.000397,1.768123,2.19912,0.785775,1.708929,0.711087,2.508513
2021-06-04,0.989214,1.667416,2.018298,0.812819,1.63641,0.781023,2.305447
2021-06-05,1.138786,1.618523,1.790542,0.78705,1.342435,0.765302,1.879357
2021-06-06,1.23195,1.574996,1.541878,0.7859,1.134125,0.744583,1.497959
2021-06-07,1.114827,1.613003,1.537169,0.772013,1.00634,0.727878,1.187963
2021-06-08,0.998257,1.373035,1.362067,0.825881,1.099566,0.759794,1.415043
2021-06-09,1.070503,1.271746,1.232564,0.793242,1.295906,0.745987,2.715939
2021-06-10,1.012643,1.250293,1.048327,0.824566,1.40067,0.860129,2.102016
2021-06-11,1.033728,1.086446,1.044033,0.987478,1.45718,1.047219,2.910599
2021-06-12,1.02759,0.946795,0.956452,1.008003,1.598771,0.958357,2.669081
2021-06-13,1.072909,0.838191,1.035164,0.994253,1.72137,0.862203,2.395573
2021-06-14,1.125972,0.930089,1.211925,1.011964,1.818312,0.789037,2.104059
2021-06-15,0.961879,0.97624,1.202651,1.083004,1.775586,0.930989,2.39455
2021-06-16,0.884163,0.929317,1.103871,1.037175,1.50532,0.851059,3.491665
2021-06-17,0.919907,0.845033,1.027913,1.07216,1.254203,0.839089,2.918593
2021-06-18,0.815978,0.850108,1.012225,1.144678,1.298826,0.860122,3.834106
2021-06-19,0.831739,0.870491,0.986382,1.221576,1.446279,0.884391,4.088296
2021-06-20,0.853002,0.895318,1.185764,1.291587,1.569137,0.870556,3.567477
2021-06-21,0.893895,0.971342,1.230031,1.319679,1.658715,0.872389,3.089524
2021-06-22,0.847484,0.975944,1.191219,1.1448,1.574624,0.731814,3.135626
2021-06-23,0.992525,0.928048,1.076425,0.978117,1.591294,0.663596,2.485237
2021-06-24,1.005048,0.929474,1.049821,0.944739,1.476074,0.742117,1.850678
2021-06-25,1.410703,0.873964,1.071176,0.982226,1.67292,0.812222,1.541905
2021-06-26,1.34911,0.989463,1.182476,1.035156,1.762316,0.709046,1.461235
2021-06-27,1.37551,1.074296,1.373661,1.071193,1.807531,0.63105,1.400574
2021-06-28,1.386243,1.108654,1.568008,1.096917,1.830507,0.564739,1.358306
2021-06-29,1.339364,1.313578,1.513057,1.077108,1.836589,0.501654,1.691165
2021-06-30,1.416497,1.318792,1.438764,0.905698,1.886608,0.479943,1.689187
2021-07-01,1.401615,1.276384,1.428411,0.87496,1.856366,0.703843,1.443903
2021-07-02,1.43649,1.168617,1.331961,0.838991,1.656609,0.741808,1.347023
2021-07-03,1.503096,1.36743,1.241985,0.777964,1.626158,0.813036,1.114518
2021-07-04,1.541761,1.485199,1.154607,0.737552,1.640654,0.870917,0.928251
2021-07-05,1.569966,1.593776,1.252625,0.746596,1.667845,0.916872,0.786325
2021-07-06,1.809058,1.606051,1.713177,0.781023,1.780277,0.930796,0.53739
2021-07-07,1.651271,1.291047,1.474018,0.770245,1.792494,0.878243,0.570328
2021-07-08,1.36382,1.151384,1.250523,0.82148,1.757545,0.794759,0.51366
2021-07-09,1.259413,1.331289,1.193126,0.794887,1.419974,0.701549,0.451757
2021-07-10,1.130015,1.187124,1.12143,0.842678,1.232044,0.603481,0.577065
2021-07-11,1.053831,1.048001,1.097222,0.943253,1.068142,0.537308,0.682175
2021-07-12,1.107072,0.950636,0.959269,0.964959,0.907607,0.517734,0.769928
2021-07-13,1.090562,1.006912,0.849514,1.048577,0.869977,0.52332,0.76903
2021-07-14,0.984909,0.958806,0.760318,0.922098,0.943955,0.449414,1.110346
2021-07-15,1.034326,0.962346,0.730161,0.994427,1.088797,0.443381,1.438137
2021-07-16,1.157904,0.911005,0.893861,1.058836,1.075483,0.493971,2.304355
2021-07-17,1.187273,1.127864,0.873201,0.976788,0.957145,0.466053,3.036446
2021-07-18,1.23487,1.362751,1.168822,0.886332,0.868741,0.414036,3.553619
2021-07-19,1.297106,1.655549,1.26738,0.907684,0.809099,0.375067,3.896287
2021-07-20,1.215084,1.537661,1.363923,1.114403,0.845109,0.485403,3.119386
2021-07-21,1.21581,1.502422,1.306963,1.158643,0.954801,0.642467,2.636117
2021-07-22,1.082678,1.339748,1.331102,1.194325,1.205069,0.728114,1.92827
2021-07-23,1.106698,1.298329,1.389796,1.171211,1.320359,0.86973,1.513236
2021-07-24,1.137507,1.318429,1.395273,1.007494,1.24547,0.78156,1.01733
2021-07-25,1.185918,1.343956,1.403296,0.849822,1.156526,0.68407,0.60462
2021-07-26,1.321382,1.350945,1.552158,0.75174,1.075791,0.612299,0.297303
2021-07-27,1.233599,1.37882,1.519684,0.948807,1.088982,0.733192,0.251783
2021-07-28,1.230791,1.329661,1.492942,1.04374,1.091348,0.655041,0.46897
2021-07-29,1.202594,1.240181,1.477944,1.127349,0.952068,0.68064,0.395582
2021-07-30,1.024942,1.275907,1.500064,1.172476,0.932612,0.913983,0.284102
2021-07-31,1.082796,1.280015,1.546903,1.18004,1.037374,1.109497,0.245411
2021-08-01,1.219524,1.301634,1.913651,1.217286,1.212576,1.325065,0.23104
2021-08-02,1.750476,1.317998,2.028043,1.252848,1.415899,1.463062,0.227816
2021-08-03,1.847367,1.47005,2.019021,1.446011,1.666518,1.362629,0.300904
2021-08-04,1.937593,1.406998,2.022248,1.440469,1.832743,1.313398,0.775883
2021-08-05,1.713472,1.462956,2.025063,1.58561,1.943024,1.307252,0.781789
2021-08-06,1.822576,1.649436,2.031945,1.689688,2.043112,1.163733,0.707413
2021-08-07,2.092177,1.740376,2.085767,1.972324,2.056065,1.311099,0.747671
2021-08-08,2.418408,1.799142,2.484497,2.197752,2.126257,1.420133,0.797256
2021-08-09,2.659611,1.92575,2.604617,2.370977,2.183085,1.504935,0.845923
2021-08-10,2.687875,1.868532,2.549811,2.542825,2.406631,1.631121,1.07487
2021-08-11,2.320929,2.095415,2.431076,2.457502,2.661082,1.522203,1.619377
2021-08-12,2.040844,2.214307,2.392344,2.438656,2.667808,1.697507,1.512417
2021-08-13,1.814373,2.445237,2.299757,2.252163,2.765208,1.69587,1.588088
2021-08-14,1.792453,2.436609,2.251815,2.308902,3.010656,1.675568,1.473134
2021-08-15,1.795789,2.398557,2.361703,2.385419,3.190694,1.718341,1.344901
2021-08-16,1.86765,2.264135,2.731238,2.464905,3.362293,1.798056,1.196822
2021-08-17,1.763914,2.103936,2.659941,2.292496,3.239477,1.886018,1.167015
2021-08-18,1.712833,1.988605,2.558753,2.066899,3.229352,1.789674,1.253675
2021-08-19,1.712648,1.782771,2.507881,2.07239,3.357762,1.946808,0.861781
2021-08-20,1.608729,2.062859,2.595346,1.842127,3.30689,1.936595,1.113
2021-08-21,1.674733,2.342427,2.577301,2.071017,3.292498,1.734393,1.3088
2021-08-22,1.805358,2.575565,2.822673,2.221312,3.300415,1.647926,1.554701
2021-08-23,2.035216,2.783722,3.139288,2.349054,3.282731,1.623471,1.802896
2021-08-24,1.965241,2.949244,2.981655,2.252311,3.270773,1.627097,1.621259
2021-08-25,1.706117,2.954862,2.776028,2.156778,3.091251,1.677756,1.903418
2021-08-26,1.714374,2.875969,2.65407,2.09094,2.909378,1.945053,1.589249
2021-08-27,1.711197,2.92289,2.597037,2.076137,2.681425,2.020574,1.64234
2021-08-28,1.733005,3.224923,2.566755,2.159013,2.391725,2.107104,1.73784
2021-08-29,1.819303,3.43665,2.876081,2.28145,2.170646,2.193899,1.884738
2021-08-30,2.317778,3.511023,3.39973,2.389285,2.075851,2.261736,2.011573
2021-08-31,2.081272,3.264149,3.308594,2.428432,1.985529,2.318733,1.871295
2021-09-01,1.974108,3.241028,3.165791,2.379893,1.764704,2.646002,2.488532
2021-09-02,1.782021,3.109546,3.011401,2.239106,2.613542,2.510332,2.386072
2021-09-03,1.803956,2.85574,2.928243,1.972535,3.785632,2.350079,2.22546
2021-09-04,1.755271,3.02283,2.805633,1.887291,3.970209,2.124277,2.115445
2021-09-05,1.790275,3.188586,2.98676,1.826078,4.117185,1.948615,2.171804
2021-09-06,1.850415,3.327076,2.942907,1.837453,4.18957,1.932492,2.234492
2021-09-07,2.631648,3.759522,4.556553,2.035716,4.218996,2.133953,2.446747
2021-09-08,2.46898,3.51586,4.114839,2.047168,3.973349,1.93461,2.732355
2021-09-09,2.25878,3.190459,3.750738,2.032827,3.613463,1.743034,2.552625
2021-09-10,1.976682,2.897726,3.279637,2.244447,3.235749,1.84504,2.199243
2021-09-11,2.220712,2.750008,2.84101,2.069917,2.783232,1.841368,1.851086
2021-09-12,2.902228,2.672568,2.680688,1.857787,2.433834,1.771337,1.485692
2021-09-13,3.036473,2.640857,2.73219,1.696654,2.190181,1.753715,1.216926
2021-09-14,2.943335,2.657138,2.39603,1.72598,2.557206,1.601115,0.947044
2021-09-15,2.551731,2.451894,2.126943,1.414962,3.120407,1.331926,1.149972
2021-09-16,2.456081,2.697399,2.085125,1.773347,2.842058,1.350616,1.335214
2021-09-17,2.39231,2.826045,2.041623,2.067865,2.532307,1.648049,1.670212
2021-09-18,2.177035,2.935493,2.113237,2.096313,2.373913,2.220992,1.965222
2021-09-19,2.052859,3.066294,2.231143,2.156224,2.30411,2.679602,2.198782
2021-09-20,2.5981,3.255392,2.426271,2.471805,2.220233,3.179161,2.385622
2021-09-21,1.87016,3.712391,2.418135,2.682374,2.600626,3.865447,2.513016
2021-09-22,2.469293,4.425304,2.761549,3.016104,2.717065,3.763075,3.10746
2021-09-23,2.994203,4.979684,2.958442,3.236528,2.809123,3.797717,3.644419
2021-09-24,3.205034,5.331394,2.846988,3.511035,2.791104,3.873073,3.952701
2021-09-25,3.270807,5.600299,2.84819,3.638581,2.728136,3.797056,4.129754
2021-09-26,3.483106,5.743752,3.185501,3.734353,2.650323,3.734812,4.197613
2021-09-27,3.416411,5.622958,3.165844,3.454364,2.813934,3.430282,4.722315
2021-09-28,3.213971,5.54526,3.159366,3.147262,2.661547,3.06871,4.604956
2021-09-29,3.020177,5.110795,3.004837,3.184139,2.126917,2.949154,4.110101
2021-09-30,2.97729,4.664311,2.87983,3.031918,1.817717,2.669627,3.578531
2021-10-01,2.860249,4.416102,2.725378,2.701615,1.79815,2.355006,3.204127
2021-10-02,2.761761,4.178578,2.551123,2.492751,1.834257,2.179892,2.916508
2021-10-03,2.825156,4.130393,2.763508,2.31582,1.872036,2.042601,2.672102
2021-10-04,2.780737,3.966181,2.842076,2.373733,2.086263,2.068587,2.586646
2021-10-05,2.46369,3.600668,2.691392,2.097759,2.208687,1.891656,2.551456
2021-10-06,2.430507,3.294224,2.639388,1.855322,2.21063,1.679681,2.124231
2021-10-07,2.24002,2.805387,2.47052,1.56021,2.389767,1.711306,1.735282
2021-10-08,2.152374,2.415734,2.23041,1.59942,2.732549,1.671151,1.314837
2021-10-09,2.109643,2.202371,2.120616,1.614483,2.942027,1.661861,0.975898
2021-10-10,2.163495,2.379978,2.096144,1.644725,3.094522,1.686706,0.728568
2021-10-11,2.1458,2.127281,2.048527,1.455781,3.004782,1.615792,0.710797
2021-10-12,1.945374,2.252797,1.942102,1.370218,3.079599,1.747015,0.581286
2021-10-13,1.568416,2.125579,1.924605,1.257719,3.089552,1.788569,0.627692
2021-10-14,1.483803,1.845668,1.797555,1.235332,2.87302,1.586433,0.92532
2021-10-15,1.526471,1.700699,1.762393,1.237828,2.351616,1.633622,1.227714
2021-10-16,1.533678,1.640507,1.62234,1.258488,1.910048,1.736322,1.599841
2021-10-17,1.529342,1.617526,1.77639,1.327204,1.532838,1.829756,1.915837
2021-10-18,1.500786,1.98841,1.701789,1.346689,1.233464,1.989103,2.374258
2021-10-19,1.280397,2.188888,1.671413,1.435955,1.101619,2.125684,2.937813
2021-10-20,1.118141,2.811788,1.737949,1.788747,1.139024,2.495815,3.267068
2021-10-21,1.129542,2.964443,1.689499,2.198543,1.36577,3.082854,3.409369
2021-10-22,1.493816,3.615128,1.906102,2.40917,1.680509,3.715706,3.520108
2021-10-23,2.364915,3.928986,2.115861,2.520845,2.011104,4.19252,3.796092
2021-10-24,2.588687,4.122126,2.329867,2.66635,2.361169,4.378096,3.818158
2021-10-25,2.723324,3.95,2.411967,2.903849,2.865335,4.260218,3.655471
2021-10-26,2.836819,3.831127,2.484583,3.081917,3.367772,4.21344,3.768253
2021-10-27,3.047308,3.846647,2.592436,2.809759,3.380762,4.221887,3.447798
2021-10-28,2.815548,3.707695,2.623853,2.53367,3.117154,4.19145,3.192714
2021-10-29,2.468173,3.50385,2.484917,2.738135,2.758856,3.86211,3.060946
2021-10-30,2.286898,3.288266,2.542105,2.87206,2.460673,3.552078,3.021414
2021-10-31,2.441454,3.140533,2.8189,3.012752,2.239661,3.364544,3.007268
2021-11-01,2.370944,2.917928,2.711031,2.937371,2.423606,3.243344,2.634259
2021-11-02,2.280311,3.105411,2.60053,2.636227,2.493545,3.021767,2.304998
2021-11-03,2.06548,2.983185,2.470942,2.587282,2.59026,2.93016,2.156421
2021-11-04,2.03628,2.956945,2.446996,2.446542,2.631958,2.789414,2.359251
2021-11-05,2.048324,3.404558,2.443559,2.462614,2.630556,2.831801,2.756524
2021-11-06,2.448422,3.557923,2.522041,2.463928,2.642709,2.877118,3.081451
2021-11-07,2.705231,3.621606,2.628114,2.508903,2.674075,2.913208,3.482996
2021-11-08,2.828192,3.347364,2.622506,2.349351,2.200945,2.837041,3.219509
2021-11-09,2.858613,2.902312,2.497274,2.026917,2.966311,2.586395,3.190424
2021-11-10,2.630483,2.627264,2.493424,1.915754,3.403711,2.422139,3.250242
2021-11-11,2.539217,2.265954,2.441063,1.884771,3.401736,2.23145,3.347832
2021-11-12,2.38326,2.249877,2.425218,1.82574,3.503445,2.430676,3.313608
2021-11-13,3.050302,2.291502,2.315765,1.735323,3.713678,2.575042,3.383998
2021-11-14,3.23577,2.473789,2.49028,1.670604,3.89677,2.666621,3.423042
2021-11-15,2.966614,2.479084,2.584279,1.769071,3.968686,2.69831,3.394234
2021-11-16,2.626563,2.603354,2.613883,1.534757,3.641718,2.431126,3.265108
2021-11-17,2.23667,2.583808,2.490517,1.632556,3.267348,2.597008,3.115199
2021-11-18,2.227482,2.426673,2.428201,1.74854,2.7002,2.86011,3.029432
2021-11-19,2.297837,2.519378,2.444335,1.808421,2.23967,2.771056,2.782689
2021-11-20,2.410537,2.841628,2.563169,1.906732,1.835373,2.764906,2.633117
2021-11-21,2.63836,2.955476,2.890596,1.975094,1.639352,2.767808,2.574744
2021-11-22,2.679463,3.062928,2.73962,1.84057,1.85945,2.812583,2.319472
2021-11-23,2.542504,3.014214,2.721241,1.930671,1.869697,2.821759,2.125923
2021-11-24,2.72133,2.862687,2.676456,1.835909,2.280256,2.785683,2.112283
2021-11-25,3.016579,2.881204,3.889442,1.915085,2.61218,2.924754,2.221919
2021-11-26,2.580156,3.309856,4.422509,2.12208,2.886698,3.090694,2.844594
2021-11-27,2.288023,3.671435,4.556189,2.78567,3.071579,3.221177,3.431871
2021-11-28,2.293665,3.687309,4.510392,3.261133,3.218595,3.486643,3.843495
2021-11-29,2.114476,3.40589,4.080278,3.146203,3.300288,3.219438,3.598626
2021-11-30,1.757848,3.010959,3.571345,2.996262,3.28527,2.911115,3.654629
2021-12-01,1.489889,2.762036,3.17695,2.639846,3.050491,2.540748,3.338622
2021-12-02,1.434124,2.386298,2.736324,2.309806,2.903087,2.293125,2.75848
2021-12-03,1.328576,2.062785,2.455873,2.028714,2.909146,2.130799,2.271603
2021-12-04,1.313541,1.991467,2.164603,1.783232,2.895234,2.051349,1.899878
2021-12-05,1.362363,2.099779,1.992292,1.6321,3.011772,1.998839,1.645066
2021-12-06,1.316608,1.899646,1.846189,1.833033,2.785856,2.117437,1.355005
2021-12-07,1.417622,1.547799,1.686896,1.832848,2.446032,1.888936,1.16702
2021-12-08,1.397288,1.348988,1.537562,1.787792,2.249217,1.926276,1.233754
2021-12-09,1.375319,1.191303,1.456673,1.880913,2.364746,1.889672,1.427287
2021-12-10,1.519023,1.140521,1.430624,1.729326,2.588702,1.492786,1.596428
2021-12-11,1.61181,1.169359,1.334946,1.629288,2.728813,1.28749,1.834017
2021-12-12,1.671,1.220549,1.684545,1.513439,2.80287,1.189571,1.981572
2021-12-13,1.421462,1.130182,1.62432,1.476664,2.397445,1.150877,1.81021
2021-12-14,1.281676,1.19185,1.579961,1.248489,1.924631,1.031525,1.576783
2021-12-15,1.250368,1.266068,1.586292,1.104521,1.639696,0.886552,1.330665
2021-12-16,1.406449,1.455843,1.713593,1.153461,1.4726,1.130462,1.040732
2021-12-17,1.253921,1.418419,1.799739,1.101786,1.430892,1.070416,0.839712
2021-12-18,1.052958,1.618086,2.126733,1.052006,1.444227,1.02362,0.72957
2021-12-19,0.97925,1.685611,2.285532,1.055103,1.447682,1.028008,0.797401
2021-12-20,1.08719,1.71509,2.493648,1.186937,1.547885,1.153801,1.18634
2021-12-21,1.274297,1.842438,2.658519,1.630047,1.551848,1.688438,1.578754
2021-12-22,1.567499,1.78349,3.159054,1.900408,1.687865,1.961242,1.632486
2021-12-23,2.256116,1.810959,3.713956,2.384468,2.006116,2.417758,1.721363
2021-12-24,3.014438,2.187477,6.200055,2.854566,2.478392,3.106623,1.644638
2021-12-25,3.613065,3.38662,6.810365,3.179156,2.876491,3.617911,1.699216
2021-12-26,4.561123,4.261503,7.187096,3.455133,3.195975,3.987813,1.69779
2021-12-27,4.843823,4.427039,7.493856,3.593486,3.813248,3.820782,1.895194
2021-12-28,4.929012,4.144794,7.703865,3.567385,4.387867,3.713026,2.158175
2021-12-29,4.913067,4.142132,7.53517,3.533777,4.513209,3.60203,2.252771
2021-12-30,5.216255,4.103396,7.614922,3.972679,4.791951,3.614779,2.120507
2021-12-31,5.531171,5.979209,9.142708,4.398793,4.965977,3.863327,1.817369
2022-01-01,5.997646,6.912702,8.618927,4.683374,5.144981,4.06655,1.681813
2022-01-02,5.741536,6.949093,8.373941,5.293643,5.18529,4.833361,1.677428
2022-01-03,5.407199,6.623705,7.841093,5.515349,4.884524,4.471484,1.796005
2022-01-04,4.999565,6.394638,7.45801,5.383705,4.585732,4.277074,2.009831
2022-01-05,4.35148,5.923612,7.087164,5.041755,4.940522,4.120613,2.349099
2022-01-06,4.138597,5.312903,6.695738,4.695394,5.448594,3.706755,2.48004
2022-01-07,4.09673,4.847549,6.310459,4.072947,5.453158,3.640778,2.395519
2022-01-08,4.044202,4.344505,5.935623,3.621472,5.413145,3.527326,2.422222
2022-01-09,3.699685,4.06826,5.589105,3.317609,5.326399,3.478992,2.529645
2022-01-10,3.931964,3.651293,5.392723,3.04255,3.981857,3.377452,2.438592
2022-01-11,4.127511,3.51649,5.106771,2.873686,3.497113,3.457345,2.442304
2022-01-12,3.713205,3.286948,4.819002,2.831864,3.643562,3.490982,2.607654
2022-01-13,3.665381,3.294727,4.57809,3.129272,4.137517,3.717418,3.034743
2022-01-14,3.713434,3.557678,4.653298,3.179055,3.934958,3.688277,2.357483
2022-01-15,3.824193,3.644002,4.79141,3.343496,3.870504,3.818218,2.288798
2022-01-16,4.1469,3.399758,5.087673,3.907197,3.848321,3.95451,2.321927
2022-01-17,4.325472,3.421334,5.174247,4.118956,4.066394,4.076073,2.950572
2022-01-18,4.075976,3.405691,5.055977,4.299079,4.23861,4.12621,3.218273
2022-01-19,3.659943,3.317674,4.788826,4.182708,3.87567,4.11205,3.182212
2022-01-20,3.692761,3.12502,4.635743,4.10706,3.382943,4.289802,3.597112
2022-01-21,3.580679,3.192388,4.547844,3.849628,3.211199,3.86193,3.359462
2022-01-22,3.483768,3.156639,4.553976,3.692235,2.943127,3.532433,3.191302
2022-01-23,3.364414,3.224953,4.598338,3.649459,2.779379,3.39484,3.047542
2022-01-24,2.983737,3.050856,4.307065,3.568823,2.986651,3.209215,2.790523
2022-01-25,2.599043,2.898674,3.973977,3.527854,3.041858,3.132559,2.798166
2022-01-26,2.366525,2.921279,3.607481,3.296901,2.922519,3.304539,2.68582
2022-01-27,2.332683,2.832272,3.208732,3.192268,2.477257,3.3838,2.744905
2022-01-28,2.002503,2.987957,2.993589,3.104676,2.517355,3.512727,2.645859
2022-01-29,1.829076,3.155292,2.98358,3.049133,2.599495,3.700601,2.645626
2022-01-30,2.069699,3.135597,3.139743,3.058863,2.607386,3.948502,2.641285
2022-01-31,1.871211,2.948481,2.754175,2.968102,2.605852,3.656756,2.419214
2022-02-01,1.652193,2.74313,2.459077,3.06533,2.559119,3.225254,2.403632
2022-02-02,1.571436,2.664933,2.303401,3.024699,2.400396,3.10517,1.901421
2022-02-03,1.925252,2.366813,2.010659,2.879154,2.228435,2.854385,1.633635
2022-02-04,1.642639,2.005325,1.744528,2.711833,2.005599,2.510339,1.577586
2022-02-05,1.434124,1.725783,1.502929,2.593111,1.79466,2.254108,1.611084
2022-02-06,1.400388,1.569945,1.588105,2.49086,1.609523,2.049115,1.685691
2022-02-07,1.329765,1.296586,1.313608,2.231457,1.449,1.736729,1.605539
2022-02-08,1.331448,1.167482,1.182944,1.930641,1.401208,1.549306,1.568715
2022-02-09,1.255604,1.134923,1.035814,1.612952,0.978919,1.392852,1.400952
2022-02-10,1.158714,1.086639,0.93785,1.541906,0.999018,1.376269,1.193831
2022-02-11,0.989102,1.021736,0.876063,1.302314,0.968412,1.311634,1.152336
2022-02-12,0.852402,0.979454,0.840297,1.192511,0.960527,1.271725,1.127859
2022-02-13,0.873243,1.009838,0.854332,1.112214,0.956652,1.239482,1.105516
2022-02-14,1.036599,1.051904,0.923118,1.113166,1.124237,1.240166,1.197817
2022-02-15,0.96821,1.19824,0.887523,1.180033,1.35493,1.219204,1.875328
2022-02-16,1.032745,1.124446,0.801325,1.179443,1.46661,1.098703,2.0604
2022-02-17,1.099725,0.963597,0.751324,1.16998,1.537749,0.942648,1.967011
2022-02-18,1.094577,0.952151,0.719151,1.186336,1.268973,1.097855,1.618577
2022-02-19,1.072656,1.00993,0.677996,1.213046,1.197102,1.227057,1.316679
2022-02-20,0.942465,1.179145,0.75074,1.225196,1.158786,1.311647,1.128223
2022-02-21,0.970137,1.020417,0.712774,1.180649,1.223981,1.228055,1.148126
2022-02-22,0.963395,1.127775,0.738041,1.139956,1.066568,1.11342,1.469169
2022-02-23,0.803888,1.006024,0.669267,0.965789,0.754688,0.964586,1.26202
2022-02-24,0.746681,0.854107,0.596169,0.947083,0.900556,0.962099,1.119751
2022-02-25,0.802775,0.760554,0.59415,0.810816,0.669674,1.066328,0.929335
2022-02-26,0.832009,0.669756,0.647379,0.728464,0.538929,1.170649,0.736334
2022-02-27,0.658775,0.594365,0.794093,0.665658,0.493315,1.269844,0.622981
2022-02-28,0.755288,0.568133,0.898615,0.743567,0.392102,1.047293,0.634087
2022-03-01,0.666499,0.615317,0.88553,0.725395,0.507071,0.890944,0.638067
2022-03-02,0.563598,0.517539,0.849731,0.736625,0.386487,0.842772,0.68123
2022-03-03,0.494668,0.471774,0.762777,0.858146,0.46095,0.809951,0.612558
2022-03-04,0.449387,0.493809,0.717147,0.746554,0.418748,0.731036,0.574759
2022-03-05,0.408205,0.496927,0.73934,0.707403,0.393654,0.684541,0.596728
2022-03-06,0.349245,0.433247,0.710169,0.678534,0.400375,0.651021,0.61173
2022-03-07,0.362169,0.425985,0.643586,0.702321,0.31539,0.64746,0.656203
2022-03-08,0.307956,0.393015,0.612325,0.738995,0.2107,0.609016,0.559676
2022-03-09,0.26922,0.314651,0.564153,0.614441,0.20984,0.488124,0.55476
2022-03-10,0.256887,0.253806,0.551467,0.557614,0.295805,0.430805,0.550674
2022-03-11,0.235428,0.348668,0.55753,0.614721,0.431954,0.451538,0.623623
2022-03-12,0.214306,0.420472,0.59624,0.663563,0.545301,0.492719,0.646486
2022-03-13,0.296708,0.402343,0.521414,0.687646,0.597546,0.528083,0.674208
2022-03-14,0.365167,0.327923,0.467083,0.708332,0.504083,0.480225,0.643791
2022-03-15,0.397691,0.385552,0.52149,0.789076,0.542131,0.522039,0.963847
2022-03-16,0.454557,0.453508,0.469383,0.700555,0.508251,0.509662,0.873303
2022-03-17,0.374745,0.424043,0.460765,0.640886,0.503788,0.484462,0.66464
2022-03-18,0.423358,0.429771,0.487541,0.520939,0.423538,0.403252,0.475552
2022-03-19,0.459775,0.458454,0.495568,0.431677,0.34572,0.337552,0.32876
2022-03-20,0.631228,0.614827,0.622626,0.368595,0.285372,0.285588,0.256354
2022-03-21,0.551725,0.589579,0.611459,0.281138,0.232514,0.254148,0.22621
2022-03-22,0.562684,0.605967,0.617784,0.373504,0.273968,0.27015,0.255131
2022-03-23,0.517335,0.582596,0.595895,0.34082,0.258917,0.224467,0.2013
2022-03-24,0.497698,0.464043,0.582368,0.283637,0.215614,0.195182,0.116261
2022-03-25,0.415432,0.398416,0.539379,0.281753,0.163597,0.269927,0.152138
2022-03-26,0.362775,0.332068,0.400929,0.298147,0.099205,0.390642,0.194727
2022-03-27,0.468201,0.286494,0.378126,0.305406,0.047058,0.512564,0.24223
2022-03-28,0.458234,0.281994,0.422671,0.309482,0.013768,0.511847,0.40845
2022-03-29,0.415527,0.269111,0.418161,0.328668,0.0,0.483319,0.322319
2022-03-30,0.330874,0.252722,0.378341,0.332458,0.0,0.408148,0.282798
2022-03-31,0.346516,0.274065,0.456457,0.344829,0.090009,0.496611,0.280676
2022-04-01,0.337263,0.365703,0.438063,0.496421,0.124585,0.593901,0.41642
2022-04-02,0.325419,0.442425,0.485585,0.617739,0.147038,0.678697,0.524122
2022-04-03,0.321943,0.449905,0.481294,0.712251,0.161057,0.778564,0.602626
2022-04-04,0.290876,0.43482,0.36615,0.751556,0.125907,0.636985,0.475098
2022-04-05,0.266251,0.374351,0.403698,0.807738,0.296279,0.609631,0.394559
2022-04-06,0.326053,0.346993,0.390279,0.713119,0.292547,0.461515,0.324365
2022-04-07,0.353836,0.349023,0.389662,0.686178,0.265193,0.425467,0.336295
2022-04-08,0.314185,0.334022,0.384739,0.607441,0.302863,0.343212,0.234344
2022-04-09,0.27879,0.321732,0.412284,0.538575,0.319782,0.293958,0.147142
2022-04-10,0.316477,0.295387,0.47505,0.496115,0.325351,0.264531,0.103681
2022-04-11,0.260774,0.300414,0.461004,0.404863,0.429603,0.241251,0.046499
2022-04-12,0.396125,0.238858,0.477158,0.34709,0.337499,0.204527,0.00193
2022-04-13,0.355144,0.258674,0.463498,0.430436,0.343055,0.249856,0.059054
2022-04-14,0.389041,0.273756,0.420263,0.435682,0.407613,0.229158,0.02768
2022-04-15,0.386623,0.353342,0.423946,0.45213,0.454047,0.273823,0.004344
2022-04-16,0.415596,0.421952,0.575604,0.466249,0.487702,0.319947,0.011557
2022-04-17,0.416586,0.515816,0.632817,0.472491,0.484722,0.363309,0.019127
2022-04-18,0.395938,0.549358,0.567359,0.425138,0.481044,0.409949,0.054493
2022-04-19,0.481152,0.5033,0.594303,0.407669,0.363484,0.396799,0.038696
2022-04-20,0.47962,0.565316,0.670797,0.402075,0.415773,0.388506,0.218206
2022-04-21,0.506667,0.486688,0.69163,0.478047,0.422548,0.505299,0.251717
2022-04-22,0.515994,0.532011,0.660199,0.685001,0.188855,0.598601,0.250887
2022-04-23,0.515682,0.555795,0.728863,0.881202,0.1918,0.692652,0.252911
2022-04-24,0.504508,0.528232,0.809174,1.007644,0.197695,0.764421,0.245577
2022-04-25,0.442594,0.439686,0.756668,0.967153,0.274052,0.763839,0.250652
2022-04-26,0.39298,0.350679,0.76422,0.948363,0.240225,0.782805,0.311175
2022-04-27,0.369914,0.351312,0.82518,0.868819,0.173215,0.744894,0.349505
2022-04-28,0.360212,0.311217,0.77498,0.942398,0.1157,0.852314,0.491827
2022-04-29,0.536086,0.346043,0.728297,0.928644,0.178876,0.740566,0.595319
2022-04-30,0.679854,0.360544,0.743809,0.904372,0.229776,0.640515,0.652962
2022-05-01,0.794902,0.446909,0.957503,0.870094,0.302556,0.558436,0.676554
2022-05-02,0.765102,0.492278,0.955504,0.860643,0.234894,0.558961,0.635452
2022-05-03,0.894636,0.588314,0.930237,0.794717,0.39385,0.565108,0.535909
2022-05-04,1.060979,0.619634,0.875427,0.739068,0.378449,0.492785,0.443906
2022-05-05,1.206528,0.598226,0.860378,0.925136,0.470619,0.666393,0.354283
2022-05-06,1.030955,0.642168,0.835265,0.944313,0.919968,0.677333,0.282529
2022-05-07,1.098054,0.754717,0.980262,1.004721,1.206413,0.729607,0.312577
2022-05-08,1.297406,0.995678,1.176662,1.057878,1.342011,0.774341,0.343546
2022-05-09,1.2892,0.885819,1.230895,1.060294,0.424545,0.80943,0.288264
2022-05-10,1.327127,0.77368,1.188606,1.047346,0.407468,0.766675,0.390851
2022-05-11,1.271415,0.818992,1.270074,1.231973,0.355864,0.931651,0.396037
2022-05-12,1.174659,0.746018,1.236419,1.149992,0.418668,1.028495,0.296624
2022-05-13,1.136739,0.667172,1.173436,1.132548,0.678273,1.028834,0.242899
2022-05-14,1.095336,0.626717,1.133443,1.13331,0.890932,1.02215,0.209995
2022-05-15,1.096953,0.649492,1.610942,1.132453,1.068915,1.02816,0.232833
2022-05-16,0.976845,0.616547,1.646872,1.174023,1.096874,1.035212,0.361139
2022-05-17,1.110559,0.612816,1.595725,1.400341,1.145357,1.110396,0.51338
2022-05-18,1.145036,0.652213,1.409262,1.347805,1.21737,1.292638,0.629864
2022-05-19,1.094841,0.695934,1.299273,1.319148,1.249371,1.439234,0.627996
2022-05-20,0.965497,0.958845,1.339131,1.050353,1.382324,1.368458,0.811764
2022-05-21,0.876329,1.197686,1.482021,0.914685,1.321006,1.358686,0.959727
2022-05-22,0.907305,1.449581,1.580056,0.831387,1.172955,1.354394,1.150634
2022-05-23,0.913728,1.504208,1.503488,0.859217,0.993788,1.309171,1.094684
2022-05-24,0.848153,1.375167,1.443296,1.056797,1.138576,1.326896,1.036434
2022-05-25,1.240862,1.417177,1.440389,1.134065,1.116166,1.36479,0.924593
2022-05-26,1.506996,1.450776,1.505988,1.319689,0.974543,1.512083,0.906503
2022-05-27,1.427538,1.573475,1.512768,1.626586,0.950935,1.567924,1.012788
2022-05-28,1.459535,1.697183,1.607872,1.93478,1.001234,1.649299,1.101517
2022-05-29,1.678682,2.0323,1.858508,2.188891,1.110814,1.736644,1.214602
2022-05-30,2.071877,2.693255,2.790949,3.015511,0.988629,2.303509,1.382607
2022-05-31,1.907196,2.523725,2.777729,2.791862,1.067642,2.212397,1.439132
2022-06-01,1.702768,2.34165,2.572519,2.503314,1.134433,2.033943,1.256199
2022-06-02,1.673656,2.231619,2.35502,2.495694,1.200745,1.946098,1.0098
2022-06-03,1.556267,2.04232,2.260764,2.627451,1.209815,1.944194,0.962615
2022-06-04,1.491946,1.758019,2.33812,2.749056,1.215174,1.944156,0.946324
2022-06-05,1.620235,1.559448,2.326379,2.829003,1.244769,1.934394,0.93279
2022-06-06,1.555033,1.418204,2.225296,2.646735,1.382601,1.746999,1.068901
2022-06-07,1.509689,1.525727,2.036956,2.767719,1.218671,1.719733,1.18485
2022-06-08,1.486915,1.415668,1.944111,2.475772,1.350031,1.958779,1.040519
2022-06-09,1.47407,1.281517,1.872241,2.226952,1.36116,1.909513,1.036258
2022-06-10,1.42286,1.364867,1.759745,2.030893,1.316135,1.786608,1.214573
2022-06-11,1.426193,1.49581,1.881728,1.937532,1.360405,1.739844,1.317199
2022-06-12,1.633719,1.548483,2.288163,1.857896,1.493655,1.694527,1.38873
2022-06-13,1.573803,1.542351,2.28358,1.921273,1.538665,1.943058,1.674534
2022-06-14,1.735506,1.3904,2.142856,1.878014,1.80301,1.91228,1.78396
2022-06-15,1.74258,1.44155,2.071676,1.75155,1.878141,1.761715,1.747179
2022-06-16,1.769009,1.434925,1.926424,1.981712,1.974036,1.871186,1.73186
2022-06-17,1.769957,1.481232,1.81026,1.949561,2.110792,1.778772,1.714456
2022-06-18,1.829445,1.492785,1.951396,1.965822,2.049451,1.764882,1.654014
2022-06-19,2.203838,1.549211,1.882727,2.022639,1.964639,1.760536,1.601336
2022-06-20,1.992083,1.446369,1.785248,1.791366,1.779542,1.633,1.642575
2022-06-21,2.06138,1.471507,1.665899,1.56703,1.69003,1.46439,1.479832
2022-06-22,1.869304,1.605331,1.621318,1.547954,1.53843,1.468804,1.346214
2022-06-23,1.862246,1.460237,1.529879,1.542314,1.513775,1.562449,1.257971
2022-06-24,1.699529,1.561128,1.469919,1.582885,1.416243,1.711261,1.037607
2022-06-25,1.630249,1.697015,1.580698,1.670374,1.358642,1.833751,0.924328
2022-06-26,1.980699,1.926636,2.004475,1.799551,1.341109,1.950952,0.854307
2022-06-27,1.894122,1.760172,1.888841,1.80085,1.31863,1.963188,1.162628
2022-06-28,1.838576,1.616356,1.856999,1.923316,1.466877,2.066464,1.029696
2022-06-29,1.701598,1.38938,1.76465,1.965486,1.397978,1.940013,1.025482
2022-06-30,1.665316,1.428581,1.783636,2.170137,1.36682,2.077701,1.018065
2022-07-01,1.582565,1.534165,1.781183,2.477472,1.308518,2.155252,0.977934
2022-07-02,1.51996,1.706815,2.213609,2.743156,1.417504,2.27753,1.04176
2022-07-03,1.877347,2.17156,2.438892,2.997615,1.505,2.397004,1.116488
2022-07-04,2.192466,3.57375,4.012315,3.577281,1.78499,2.852477,1.310981
2022-07-05,2.249241,3.225261,3.764691,3.504122,1.556265,2.929274,1.295914
2022-07-06,2.231735,3.017304,3.401813,3.199936,1.764373,2.463443,1.216392
2022-07-07,2.107044,2.680702,3.039603,2.868986,1.662711,2.25903,1.121855
2022-07-08,1.800639,2.499392,2.708567,2.40715,1.423948,2.028537,1.123328
2022-07-09,1.578412,2.365208,2.73031,2.055508,1.450683,1.825504,1.12832
2022-07-10,1.563626,2.412672,2.708966,1.772827,1.497186,1.654844,1.149257
2022-07-11,1.466906,2.097637,2.331794,1.664294,1.656846,1.589102,1.208675
2022-07-12,1.388922,1.944932,2.042347,1.836199,1.856193,1.53432,1.181875
2022-07-13,1.320449,1.66246,1.811292,2.052138,1.752943,1.520881,1.160113
2022-07-14,1.30649,1.729472,1.701055,1.941323,1.836797,1.571108,1.162478
2022-07-15,1.295941,1.702878,1.53666,2.113309,1.780269,1.592679,1.227326
2022-07-16,1.356252,1.702167,1.632502,2.27,1.734619,1.698767,1.243411
2022-07-17,1.639046,1.706498,1.648381,2.401419,1.716575,1.809418,1.256076
2022-07-18,1.654972,1.815773,1.518554,2.500352,1.62301,1.720872,1.251141
2022-07-19,1.573041,1.559664,1.384709,2.373052,1.346244,1.594766,1.274836
2022-07-20,1.510364,1.565718,1.30321,2.195312,1.09089,1.650563,1.388187
2022-07-21,1.450757,1.675058,1.278928,2.08312,1.192003,1.682735,1.331605
2022-07-22,1.496417,1.589187,1.261003,1.84334,1.540332,1.622292,1.312904
2022-07-23,1.532418,1.546708,1.407416,1.663632,1.870995,1.626423,1.274092
2022-07-24,1.590098,1.668528,1.402002,1.563855,2.103522,1.637282,1.300383
2022-07-25,1.46965,1.565346,1.345479,1.377839,1.929492,1.483518,1.163644
2022-07-26,1.339706,1.575474,1.330485,1.341617,1.644711,1.303015,1.192763
2022-07-27,1.331417,1.72675,1.311041,1.308768,1.476346,1.345984,1.1904
2022-07-28,1.220477,1.842392,1.262165,1.373703,1.41207,1.275434,1.068283
2022-07-29,1.269357,1.826497,1.287513,1.520286,1.017406,1.242135,1.078183
2022-07-30,1.309873,1.894096,1.505316,1.64698,0.770949,1.267471,1.072806
2022-07-31,1.347649,2.170975,1.532464,1.75564,0.69517,1.319621,1.12468
2022-08-01,1.215154,1.897964,1.483101,1.72344,0.9108,1.408571,0.892489
