time_value,154,155,156,158,161,163,164,166,170,171,172,173,175
2020-08-01,7.891743,9.410836,9.690616,6.986499,8.930985,6.748674,7.025373,7.892489,2.742656,2.982831,2.57297,1.622041,2.770151
2020-08-02,7.427229,8.929365,8.773922,6.697539,8.467011,6.458549,6.618715,7.35545,2.976127,2.859386,2.588828,1.478842,2.282396
2020-08-03,7.13098,8.480089,8.31822,6.515253,8.108673,6.304049,6.395603,7.181195,3.230507,2.748181,2.601892,1.366592,1.830956
2020-08-04,6.767723,8.494662,8.363395,6.572051,8.184674,6.215623,6.097318,7.213381,3.244397,3.056421,2.579106,1.777778,1.73396
2020-08-05,6.247437,8.846287,8.728306,6.584724,8.549616,6.326559,6.186559,7.442108,3.320412,3.162571,2.412278,2.374951,2.161369
2020-08-06,6.958603,9.145161,9.012918,6.546765,8.831902,7.463371,7.091561,7.955199,3.391977,4.175564,2.496059,2.20068,3.146529
2020-08-07,6.710013,9.167668,9.048759,6.265759,8.86409,7.358187,6.775724,7.877211,3.21501,3.694107,4.220175,2.006235,3.427693
2020-08-08,6.699383,9.196158,9.087095,6.610235,8.881275,7.517959,7.52548,8.036653,3.213924,3.485416,4.070375,1.903695,2.913412
2020-08-09,6.600634,9.106003,8.657988,6.802557,8.788634,7.546914,7.982186,7.680229,3.101773,3.294384,3.884767,1.820211,2.487206
2020-08-10,6.837216,9.062744,9.528206,7.139593,8.724801,8.330068,8.583105,8.016117,2.964313,3.181779,3.714357,1.735891,2.044384
2020-08-11,7.190519,9.00178,9.426939,7.267324,8.592735,8.557569,8.732591,8.188083,3.086771,3.04643,3.643923,1.663566,1.720931
2020-08-12,6.584879,9.696615,10.102974,7.376276,9.298273,8.150299,7.886809,8.453586,3.419944,3.174645,3.359815,1.600871,3.524855
2020-08-13,7.107225,10.126001,10.444027,7.913091,9.707042,8.795456,7.788798,9.134689,3.569436,3.917567,3.20309,1.494636,5.320858
2020-08-14,7.697008,10.018477,10.252542,7.64408,9.562739,8.834011,8.102656,9.10963,4.173672,4.024659,3.253613,1.425596,4.85999
2020-08-15,7.931174,9.959612,10.108897,7.769594,9.397479,9.426148,9.156604,9.369136,4.102839,3.833827,3.634652,1.370302,4.595662
2020-08-16,7.876663,9.787231,9.493345,7.784987,9.180226,9.69715,9.894987,8.927268,3.983436,3.683679,3.958076,1.316218,4.359478
2020-08-17,7.824288,9.510414,9.864369,7.769814,8.98445,9.995845,10.552924,8.771716,3.859528,3.536665,4.2173,1.272385,4.125465
2020-08-18,8.280543,9.580585,9.867245,7.535684,9.158262,9.894247,10.445915,8.860704,3.56066,3.613837,3.975978,1.256296,4.227246
2020-08-19,7.925995,10.211981,10.449024,7.385198,9.630835,9.383346,9.693174,9.050927,3.657536,3.341008,3.849557,1.634243,4.79598
2020-08-20,8.496352,10.369006,10.552661,7.290461,9.746137,10.023781,9.285399,9.566403,3.641503,3.553103,3.807543,1.786041,5.140081
2020-08-21,8.194049,10.023871,10.146264,6.835115,9.39707,9.780703,8.754538,9.325732,3.718041,3.467006,3.522536,1.537494,4.308402
2020-08-22,8.345274,9.912157,10.003256,6.717239,9.261914,9.483379,8.539698,9.212301,3.261433,3.496895,3.654975,1.471111,3.604512
2020-08-23,8.249666,9.710447,9.55351,6.531529,8.800913,9.12761,8.319158,8.829259,2.938848,3.529377,3.72173,1.435378,3.02499
2020-08-24,8.111595,9.61529,10.146919,6.320046,8.729691,8.851182,8.22128,8.693201,2.703403,3.551675,3.812716,1.411244,2.543848
2020-08-25,8.116439,9.655998,10.108358,6.300203,8.871259,8.358556,8.137012,8.519542,2.678716,3.502142,3.707699,1.283949,2.333544
2020-08-26,7.634749,10.533143,10.913513,6.580284,9.70664,8.210235,8.12516,8.90447,2.511301,3.624465,3.354149,1.317512,2.454476
2020-08-27,7.164239,10.482079,10.779565,6.73401,9.680111,8.337652,8.227243,8.953444,2.648901,3.707805,3.289503,1.392186,2.600815
2020-08-28,6.430049,10.410032,10.619985,6.94755,9.758665,7.747191,7.825578,8.612695,2.890302,4.290383,3.413918,1.48351,2.566919
2020-08-29,6.721541,10.157363,10.322035,6.932772,9.529322,7.414355,7.468021,8.405669,3.061385,4.32223,3.204989,1.5797,2.682733
2020-08-30,6.691078,9.863856,9.580355,6.849084,9.24638,7.037137,7.12459,7.749614,3.15866,4.260897,3.149271,1.715397,2.769132
2020-08-31,6.669413,9.575868,10.267446,6.708866,8.973136,6.736149,6.782266,7.459239,3.24236,4.143559,3.1068,1.819643,2.825596
2020-09-01,6.699372,9.453122,10.042758,6.594607,8.915319,6.716486,6.92175,7.454359,3.536129,3.922298,3.511761,1.739696,2.60109
2020-09-02,6.6981,10.578138,11.089623,7.272954,9.955268,7.20948,7.301207,8.340014,3.682914,3.868425,3.824527,1.674022,2.324889
2020-09-03,7.379466,10.608305,11.02142,7.597088,10.021372,8.227994,7.5017,8.958958,3.785995,3.9739,4.32206,1.53607,2.346875
2020-09-04,7.648076,10.474445,10.768992,7.541452,9.919828,8.407013,7.982875,8.983405,4.009136,4.097545,5.147303,1.420462,2.718256
2020-09-05,8.192155,10.493871,10.704881,7.629791,9.928773,8.400068,8.569814,9.064024,4.266201,4.190452,5.553679,1.15707,3.090961
2020-09-06,8.372787,10.374522,10.172157,7.615519,9.81425,8.328019,8.803185,8.860397,4.50437,4.321689,5.585317,0.989829,3.109749
2020-09-07,8.372933,10.089088,10.428393,7.564327,9.541682,8.256533,8.931857,8.803174,4.643971,4.401048,5.438897,0.875549,3.148513
2020-09-08,8.55452,10.75761,13.4894,8.105423,10.251838,8.417527,9.432016,10.451707,5.063975,4.603571,5.458229,0.815587,3.209269
2020-09-09,8.522057,11.101632,13.501973,8.181423,10.582755,8.296726,8.922448,10.546142,5.115892,5.091538,5.614844,0.912318,4.006474
2020-09-10,8.599634,10.771651,12.803652,8.268975,10.411789,8.999767,8.662679,10.68439,4.904494,5.236018,5.864273,1.012369,5.252828
2020-09-11,9.10216,10.993955,12.686498,8.29295,10.514245,9.122255,8.40757,10.768381,4.816132,5.141367,6.21048,1.143908,5.411609
2020-09-12,8.570754,10.454087,11.744005,7.719539,9.991665,8.120404,7.80453,9.849021,4.489431,4.712339,5.954607,1.201778,5.608289
2020-09-13,7.876787,9.299447,10.2366,7.151033,8.918671,7.122245,7.267688,8.462385,4.222364,4.345565,5.630941,1.280594,5.653506
2020-09-14,7.350558,8.390626,9.246163,6.650899,8.061382,6.345824,6.928309,7.434273,3.990786,4.0631,5.295597,1.334965,5.612735
2020-09-15,6.966849,7.989393,8.548322,6.485821,7.743354,6.264246,6.717988,7.121721,3.554105,4.269609,5.446197,1.294591,5.389626
2020-09-16,7.305826,9.331706,9.69856,7.070451,8.919588,6.607185,6.993298,7.953307,3.400271,4.865845,4.884466,1.359461,5.491743
2020-09-17,7.182113,9.54723,9.742624,7.169356,9.048626,6.963169,6.429299,8.218467,3.297343,5.180436,4.908634,1.275058,5.820706
2020-09-18,6.889712,9.727716,9.78341,7.057717,9.255761,7.070296,6.515549,8.249935,3.395668,5.351879,5.310089,1.461057,5.197042
2020-09-19,6.499935,9.570225,9.537482,6.700269,9.035856,6.641106,6.177991,7.937064,2.829113,4.785711,4.557554,1.584649,4.764963
2020-09-20,6.149936,9.244595,8.634101,6.357828,8.206238,6.222068,5.832386,7.171411,2.405416,4.343453,3.934201,1.580172,4.379953
2020-09-21,5.924804,8.764344,8.824939,6.071276,7.79756,5.941508,5.603725,6.835467,2.08491,3.90066,3.376527,1.537285,4.026359
2020-09-22,5.889445,8.491222,8.947764,6.455254,8.032236,6.459136,5.683083,7.26478,2.606744,4.864792,3.662916,1.694699,3.74138
2020-09-23,6.345845,9.566768,9.937597,7.138316,8.997837,7.585353,7.566117,8.330663,3.133329,5.452494,3.222934,1.874142,4.105196
2020-09-24,6.696304,10.346915,10.644423,7.717718,9.723291,8.828227,7.834993,9.40972,3.690164,5.775577,3.596584,1.900744,5.109304
2020-09-25,7.164569,10.626136,10.849561,7.822527,9.943598,9.507005,8.403268,9.876525,3.981396,5.909907,4.329749,2.1739,5.233126
2020-09-26,6.640821,10.566368,10.723484,7.733597,9.946862,9.498816,8.376618,9.845937,4.284457,5.549517,4.06611,2.413859,4.824251
2020-09-27,6.184396,9.810781,9.910485,7.49298,9.345632,9.192191,8.21277,8.998812,4.526578,5.242396,3.941848,2.464309,4.382559
2020-09-28,5.786859,9.339149,9.9387,7.118218,8.984027,8.525467,8.034107,8.428869,4.390231,4.942926,3.774906,2.173484,4.901703
2020-09-29,5.838317,9.508557,9.982775,7.287092,9.20616,8.19029,8.018415,8.486573,4.703788,5.680142,3.897483,2.298349,3.801309
2020-09-30,6.449689,10.03606,10.428848,8.046314,9.712172,8.684298,8.540176,9.100516,4.875881,6.162355,3.913859,2.454379,3.650029
2020-10-01,7.510466,10.620104,10.922448,8.432328,10.161577,8.959266,9.204715,9.603392,4.922979,6.697398,4.959457,2.281577,4.101638
2020-10-02,7.371556,10.717037,10.967559,8.298306,10.254829,8.800591,8.417985,9.647955,5.179049,6.616235,6.193483,2.093003,3.987965
2020-10-03,7.353654,10.834008,11.035042,8.381951,10.390905,8.818685,8.150039,9.792425,4.822167,6.542226,5.812117,2.37911,3.423021
2020-10-04,7.15523,10.101873,10.273507,7.93394,9.667121,8.562408,7.753412,8.943439,4.457445,6.445834,5.455698,2.651322,2.976483
2020-10-05,7.149888,9.743422,10.636361,7.800082,9.34701,7.922306,7.501913,8.489329,4.121823,6.361203,5.123145,2.901213,2.545231
2020-10-06,7.496169,10.122245,10.886532,8.504174,9.769618,8.199702,7.731311,8.995247,4.422209,6.908996,5.13564,2.607551,2.342511
2020-10-07,8.584561,11.376994,12.036185,9.184539,10.91922,8.626203,8.407917,9.914702,4.874914,7.442478,4.963,2.915841,3.136042
2020-10-08,9.450093,12.221764,12.752314,9.833354,11.810537,9.812674,8.692679,10.903054,5.328591,7.424079,5.256802,2.840263,3.928302
2020-10-09,9.939061,12.567365,12.967188,9.936736,12.077987,10.272981,9.248618,11.31064,5.462533,7.191702,5.653601,2.727826,3.902831
2020-10-10,9.922842,12.694024,12.984402,9.795235,12.164642,9.931444,9.849432,11.206158,5.294548,6.664103,5.627773,2.768831,4.153656
2020-10-11,9.662729,11.854362,12.042487,9.570258,11.354588,9.416949,10.200582,10.247084,5.090512,6.252698,5.706831,2.959228,4.336297
2020-10-12,9.421247,11.568674,12.456684,9.386683,11.115398,8.69816,10.58258,9.763553,4.805511,5.967256,6.199405,3.109024,4.558114
2020-10-13,9.850489,11.829925,12.546374,10.127401,11.426067,9.099196,10.734681,10.254489,5.278509,6.825854,6.731056,2.960609,5.180165
2020-10-14,10.356516,12.346944,12.901276,10.695551,11.963915,9.826704,11.672026,10.876018,6.075923,7.277991,6.2648,3.167877,5.449932
2020-10-15,10.230072,12.817001,13.249216,10.748951,12.43056,10.01898,11.41585,11.218333,6.001846,7.544788,6.079308,3.232248,5.417838
2020-10-16,9.779158,13.208274,13.506027,10.61975,12.670078,10.579401,11.988837,11.610524,6.352659,7.395722,6.49196,3.106906,4.983906
2020-10-17,9.449895,13.482308,13.67409,10.467514,12.833078,10.413739,12.143185,11.67141,6.564973,7.462773,6.379906,2.6411,4.273231
2020-10-18,9.038454,12.52215,12.613227,9.759087,11.95179,10.09089,12.101992,10.751178,6.776929,7.500821,6.387297,2.342821,3.555334
2020-10-19,8.68667,12.049728,12.959866,9.482842,11.572385,9.669859,12.032341,10.272313,7.521098,7.544119,7.208421,2.079869,2.924605
2020-10-20,9.723326,12.943191,13.648463,10.395426,12.365467,10.331764,12.214793,11.186927,8.849104,8.686358,7.783484,2.056792,3.147644
2020-10-21,10.601929,13.710791,14.282171,11.220513,13.136562,11.635776,12.347872,12.398293,9.113712,8.949357,7.181808,2.386961,3.767963
2020-10-22,10.712489,14.054756,14.510404,11.58295,13.447302,11.581332,12.179472,12.590382,9.674391,9.305187,7.741848,2.688836,4.202265
2020-10-23,11.995671,14.829223,15.164041,12.124363,14.19495,12.262549,12.628042,13.383452,10.558752,9.752061,7.758844,2.731247,3.84918
2020-10-24,12.487368,15.454064,15.708457,13.078201,14.696092,12.553306,12.400036,13.961962,10.465252,10.86682,7.296164,3.314447,3.248964
2020-10-25,12.541208,14.822023,15.004765,12.727235,14.136603,12.395917,12.044736,13.218592,10.396165,11.542441,6.993519,3.872989,2.679171
2020-10-26,12.541947,14.672253,15.688292,12.722779,14.05501,11.703324,11.830433,13.954839,10.392476,12.054773,7.327931,4.285946,2.311802
2020-10-27,13.154719,15.492619,16.351635,13.766886,14.840965,12.155874,11.569267,14.697811,11.650009,12.71569,7.85885,4.348716,2.694614
2020-10-28,13.940272,16.423193,17.131305,14.386782,15.709519,13.337466,12.846071,15.614438,12.158837,13.250106,7.745408,4.488298,3.660917
2020-10-29,14.707285,17.174054,17.742738,15.314404,16.613503,14.111082,13.499555,16.270288,12.515547,13.217114,9.128549,4.724971,5.242293
2020-10-30,15.568177,18.183602,18.610851,16.077765,17.464427,14.906872,15.284813,17.073419,12.294156,12.524429,9.384961,4.579497,6.585067
2020-10-31,15.803898,18.859712,19.156428,16.006202,18.033896,15.108753,16.569916,17.261667,12.421524,12.118746,9.617843,4.450352,7.17286
2020-11-01,15.643068,17.978198,18.182755,15.71216,17.124228,15.011748,17.000086,16.387297,12.581367,11.877586,9.760875,4.317035,7.567673
2020-11-02,15.414656,17.415678,17.996519,15.274379,16.580211,14.389368,17.343703,16.010721,13.267331,11.87847,10.415487,3.857169,7.712087
2020-11-03,16.12425,17.886682,18.353073,15.77048,17.091693,14.563599,17.707375,16.322829,14.627042,12.884482,9.839721,4.146644,7.283462
2020-11-04,17.23344,18.697491,19.058932,16.198136,17.837957,15.218421,18.297344,16.914932,15.710132,12.864755,9.383048,4.236125,7.431529
2020-11-05,17.483064,19.343736,19.599019,16.817808,18.571075,16.619254,18.661762,17.792641,16.140886,12.788489,9.394619,4.578189,8.014218
2020-11-06,17.957816,20.421663,20.595404,17.488954,19.500576,17.545504,19.187223,18.735171,16.93875,12.887297,10.290773,5.124619,8.449207
2020-11-07,18.049825,20.868831,20.957226,17.843093,19.939257,17.868363,18.805434,19.056091,17.12388,13.137297,11.318924,4.998734,9.04762
2020-11-08,17.729661,19.895466,19.944159,16.865898,19.082356,17.68697,18.575264,17.956363,17.3253,13.327042,12.201992,5.042531,9.443605
2020-11-09,17.499468,19.203926,19.827397,16.341587,18.548374,16.858335,18.460815,17.995029,18.178673,13.660219,12.479142,5.037574,9.681878
2020-11-10,18.408353,19.961333,20.475441,17.542376,19.347175,17.029072,18.920387,18.512444,18.334387,14.745673,13.087186,5.867415,9.153444
2020-11-11,18.594886,20.786802,21.211245,17.73931,20.167531,18.459769,19.774787,19.607184,18.693072,14.528438,12.308682,6.172546,9.069245
2020-11-12,18.541279,21.52256,21.870906,17.909249,20.903477,19.079034,20.412205,20.178441,18.283625,13.152732,11.97991,6.530377,9.735451
2020-11-13,18.573162,22.296916,22.532534,18.436753,21.555683,19.890422,21.552442,20.814261,17.25399,13.135393,13.000767,6.254832,10.852147
2020-11-14,18.781764,23.040879,23.218541,18.621726,22.087164,19.989161,22.084754,21.143961,16.743324,11.642679,13.609871,6.114907,11.261081
2020-11-15,18.39832,21.235858,21.358082,17.129087,20.404499,19.558817,21.886583,19.356573,16.702612,10.596489,14.045423,5.883899,11.650823
2020-11-16,17.986017,20.13961,21.428083,16.42845,19.417821,18.080203,21.679581,19.238419,17.690159,9.941481,14.030584,5.668514,12.319843
2020-11-17,18.551409,20.978705,22.116196,17.037203,20.19553,18.598038,21.287284,19.970429,19.068741,10.923056,13.932796,5.757639,13.281978
2020-11-18,18.473603,22.115422,23.050488,17.673215,21.092631,19.638303,21.962204,20.8933,19.774753,10.977537,13.593972,5.374186,13.513211
2020-11-19,17.708094,22.695141,23.462944,17.742728,21.589276,19.657696,20.34751,21.112081,20.728713,11.231009,12.560202,5.444887,13.361187
2020-11-20,18.323104,24.162235,24.780662,18.725137,22.898035,19.909128,22.003617,22.036299,19.705501,11.611996,13.620191,6.873476,14.050305
2020-11-21,18.739375,24.704956,25.168616,18.96649,23.322429,20.2852,21.754926,22.368349,18.615737,11.406609,13.597683,6.589912,14.518737
2020-11-22,18.827387,23.348872,23.691393,17.664815,22.084233,19.955756,21.082444,20.654367,17.980926,11.130701,13.658095,6.509051,15.011992
2020-11-23,18.838381,22.57237,23.734406,17.04954,21.461857,18.217352,20.405232,20.533704,18.646455,10.997501,14.179378,6.528135,15.366637
2020-11-24,19.487451,23.437394,24.362101,17.936607,22.311803,18.980223,20.325659,21.332228,19.599409,11.936658,13.402673,6.716029,15.633518
2020-11-25,19.095581,23.74963,24.494402,18.090316,22.598022,19.977408,21.41197,21.879333,19.309257,12.652842,12.680604,6.771171,15.835021
2020-11-26,19.172228,24.319274,24.911628,18.409795,23.127149,20.050938,21.03998,22.130668,19.057735,12.516325,13.322029,6.835979,16.303828
2020-11-27,19.729441,25.323406,30.611969,19.244554,24.072596,20.670449,21.269692,22.92578,19.11935,12.608045,13.97839,7.11619,16.705072
2020-11-28,22.539794,28.01242,32.565809,21.792781,26.624439,24.218837,24.385338,25.939496,22.739948,14.635897,17.956487,8.572805,17.175978
2020-11-29,23.390333,28.86995,30.014462,22.795473,25.040708,25.452663,25.144993,23.766744,24.822103,15.814682,20.66907,9.374499,17.646332
2020-11-30,23.640407,27.060029,28.182772,21.402185,23.694132,26.088543,25.541121,22.208943,23.467828,16.583796,19.661903,9.881332,17.847011
2020-12-01,22.473793,26.45536,27.163593,20.628885,23.420923,25.527477,24.006891,22.136722,21.929242,16.902174,18.441489,9.344477,16.244346
2020-12-02,21.15434,25.281405,25.681448,19.406423,22.58274,23.354314,22.695528,21.11781,20.157478,16.500563,17.24844,8.890303,15.179567
2020-12-03,19.323155,22.327783,23.661615,17.925313,21.284197,21.483311,20.850684,19.862663,18.262488,15.573516,15.441715,7.730195,13.980091
2020-12-04,18.296593,21.380023,22.099176,17.073374,20.261277,20.823388,20.267792,19.33505,16.689683,14.343613,13.748324,6.798224,13.1024
2020-12-05,18.022057,20.842806,21.129087,16.806382,19.815728,20.08663,18.751254,19.169303,14.28485,13.551971,12.875631,6.524065,12.198378
2020-12-06,17.783832,19.385321,19.367384,16.736155,18.372304,19.793647,17.864371,17.739334,12.50126,12.868159,13.001199,6.270277,11.462675
2020-12-07,17.013133,18.012618,19.109521,15.250219,17.134003,17.435951,16.806766,16.256829,12.579155,12.223616,12.805282,6.1475,10.984912
2020-12-08,17.096429,19.070322,19.854677,15.473243,18.000792,17.659947,17.323938,17.218055,12.594266,12.720278,12.797946,6.98724,10.906812
2020-12-09,16.660398,19.508183,20.066243,15.725938,18.531006,17.58566,18.271458,17.789493,12.852694,12.405622,12.264947,7.35785,11.122372
2020-12-10,16.221359,19.351822,19.729007,15.672137,18.449171,16.773339,17.333806,17.606754,12.283409,11.377343,10.588459,6.695935,10.464282
2020-12-11,16.486063,20.593764,20.787066,16.090486,19.46854,17.457778,18.232426,18.620111,11.280219,11.486429,10.391914,7.140707,10.102006
2020-12-12,15.942349,20.860158,20.946562,16.052489,19.697081,16.997701,18.197977,18.784279,10.798481,9.940227,9.966286,7.052354,10.699274
2020-12-13,15.080586,19.005366,18.98553,15.683088,18.015832,16.202869,17.830982,16.964697,10.365572,8.843704,9.589575,6.964574,11.060786
2020-12-14,14.403005,18.200343,19.877547,14.836298,17.324273,15.628479,17.532197,16.014526,10.150148,8.053808,8.822781,6.889857,11.319864
2020-12-15,14.581828,19.385022,20.798103,15.45489,18.429402,16.186461,17.409207,17.030423,10.707676,9.221941,9.5768,7.324858,11.222743
2020-12-16,14.751235,20.754325,21.920339,15.988418,19.772045,16.925383,17.788465,18.167394,10.908456,9.464829,9.170154,7.365022,11.580143
2020-12-17,14.06253,21.099721,22.02732,15.790053,19.989193,16.197426,16.416828,18.141948,10.824988,10.076863,8.652974,7.034274,11.231277
2020-12-18,14.64739,22.945238,23.624444,16.324193,21.516921,17.295944,17.193076,19.656777,10.319072,10.242225,8.782571,7.198368,10.557252
2020-12-19,15.068948,24.006146,24.55854,16.827026,22.47468,17.155598,16.519021,20.347354,9.973435,10.155457,8.513442,7.677122,10.5316
2020-12-20,14.978295,22.626887,23.019399,16.881406,21.225623,16.658628,15.668775,19.012165,9.810083,10.080178,8.393069,8.138762,10.481686
2020-12-21,14.933451,22.200961,24.075066,16.483337,20.919959,15.898768,15.10179,20.230683,10.785613,10.131183,8.903968,8.422506,10.602498
2020-12-22,16.049325,24.076088,25.661411,17.64367,22.62228,18.185605,16.915682,22.184983,11.065195,12.113032,9.500575,10.246572,11.557417
2020-12-23,16.101112,25.960915,27.251851,18.362743,24.365923,19.389958,17.306277,23.452189,11.100544,11.941992,9.258516,10.556183,12.817253
2020-12-24,16.355512,26.324575,27.375205,18.292186,24.619297,18.310769,18.25025,22.950335,10.578684,12.037694,9.87504,12.701873,13.003467
2020-12-25,17.707012,30.252524,31.089327,21.475593,28.241547,19.458141,19.933117,27.515621,13.600186,13.143712,11.346804,14.404631,13.144522
2020-12-26,18.702928,33.703816,34.365853,24.196625,31.516853,24.217236,21.339037,31.133524,15.94829,16.135288,15.050914,15.767829,13.226774
2020-12-27,20.214234,32.397895,31.562303,25.248094,30.603739,26.527153,23.3123,28.727882,17.006538,17.843724,16.637813,15.993502,13.462876
2020-12-28,21.225981,30.20983,30.045535,23.867237,28.747999,28.032688,24.423074,26.816206,15.920439,19.108183,15.117033,15.592998,13.745132
2020-12-29,21.212135,30.278219,30.102196,23.737983,28.969154,27.051527,24.828152,26.439023,15.804854,20.084378,14.819086,15.401038,14.638474
2020-12-30,20.702266,28.84761,28.684059,22.655461,27.79642,26.423219,23.574754,25.528647,14.397903,18.567642,13.951679,14.398811,15.381976
2020-12-31,21.296158,27.802362,27.670709,21.896099,26.886227,24.652518,22.760097,24.398892,13.200507,17.832108,13.225422,12.759695,14.99457
2021-01-01,22.60029,30.209394,30.172821,22.657236,29.174685,25.784032,23.477844,26.234856,13.396415,18.07383,14.322021,12.164889,13.259548
2021-01-02,23.536202,31.710177,28.588031,23.078103,30.592323,27.433225,23.658799,27.99937,13.422344,17.997498,14.924828,11.291886,11.705793
2021-01-03,23.435168,27.841457,24.185381,20.762271,26.20728,27.554992,23.098606,24.015996,13.350475,17.509392,14.903831,10.2603,10.373185
2021-01-04,21.516896,23.719823,21.042212,18.036042,22.486918,26.214003,22.343011,20.707193,12.644102,15.615174,13.097308,9.351767,9.585762
2021-01-05,19.976669,21.613697,19.440395,17.025073,20.592288,24.508291,20.385309,19.576091,11.707996,15.414618,12.302263,9.207247,11.627361
2021-01-06,17.823645,19.031765,17.360817,15.607552,18.186789,22.932118,18.604,18.303644,10.889556,14.136814,10.93749,7.755029,12.840479
2021-01-07,15.465404,16.642076,15.458869,14.108018,16.07177,20.265036,15.217477,16.501531,9.538381,12.307134,9.120065,5.925277,12.457321
2021-01-08,14.563642,15.921989,15.109328,13.925252,15.552313,18.847801,14.889017,15.929838,8.812739,11.880216,8.293582,6.024712,10.557159
2021-01-09,13.286454,14.856795,14.362705,13.224746,14.492432,17.748538,13.845042,15.35957,7.797319,10.253582,6.800533,5.052213,9.731796
2021-01-10,11.93001,12.066748,11.856086,12.249564,11.861023,16.178316,12.649623,12.587579,6.990111,8.714512,5.58032,4.098749,9.384136
2021-01-11,10.973088,10.183964,10.924026,10.688092,10.070026,14.948387,11.816171,10.668251,6.612411,7.614492,4.783158,3.467281,9.431485
2021-01-12,11.424085,11.18361,12.004516,11.259338,10.903123,15.625114,12.086959,11.984514,7.29376,9.031265,5.036531,4.626568,11.841038
2021-01-13,10.780479,11.132063,11.915185,11.000406,10.815298,16.068644,12.548562,12.488523,7.147293,8.922595,4.554106,4.409968,13.387199
2021-01-14,9.712027,10.997988,11.75117,10.628501,10.849887,13.885226,10.32501,11.763443,6.405105,8.54028,4.080939,3.687597,12.732465
2021-01-15,11.024293,12.266605,12.928681,12.043796,12.26111,15.174961,11.647526,13.373769,6.58235,9.138978,4.908512,4.903614,10.735748
2021-01-16,10.643432,12.388067,12.952855,11.652596,12.222209,15.088149,11.382454,13.526659,6.605769,9.206561,5.076489,4.509378,9.388305
2021-01-17,10.248929,10.897857,11.342527,11.125443,10.84595,14.62686,10.931171,11.874086,6.796573,8.979018,5.267002,4.045375,8.168496
2021-01-18,9.927296,9.959524,11.029297,10.333821,9.993218,14.203266,10.496004,10.833261,6.988249,8.729856,5.228219,3.704654,7.32741
2021-01-19,10.726869,11.286465,12.151026,11.679499,11.325333,15.137922,10.645395,12.383715,7.093056,9.95737,5.929393,4.84804,7.493596
2021-01-20,10.792541,11.377693,12.062846,11.320523,11.338948,15.699612,10.971984,12.912806,7.556891,9.232365,5.805487,4.617027,7.523873
2021-01-21,10.813092,11.152255,11.660236,10.944172,11.038203,14.751869,10.173681,12.449514,7.554251,9.350977,5.589558,4.338923,7.208118
2021-01-22,11.904766,11.92595,12.284699,12.03167,11.915266,15.560876,10.923144,13.513227,6.936825,10.508544,5.967687,5.491033,6.397735
2021-01-23,11.557906,12.179983,12.412013,11.595505,11.959412,15.600884,10.930474,13.688408,6.046673,9.16757,6.302019,4.800985,5.653856
2021-01-24,10.995401,10.894854,11.040299,11.051976,10.676271,14.978982,10.581259,12.030229,5.337801,8.004508,6.442564,4.206365,5.111174
2021-01-25,10.509392,10.126752,11.080145,10.43271,9.911825,14.369173,10.125139,10.940998,5.119594,7.006355,6.495542,3.838324,4.963073
2021-01-26,11.440361,11.455555,12.260945,11.792508,11.359912,15.795891,10.89192,12.697175,6.080656,8.342386,6.878941,5.04215,5.589393
2021-01-27,11.387618,11.701621,12.336755,11.822649,11.5572,16.247404,10.767998,13.305179,6.093736,7.800991,6.541726,4.652827,6.385044
2021-01-28,10.359179,11.182519,11.685103,11.058609,11.081855,14.403669,9.725957,12.342247,5.955832,8.256828,6.014239,4.390214,6.712399
2021-01-29,11.595933,12.346215,12.694781,12.126436,12.298297,15.539694,10.69243,13.59705,5.933329,8.380314,6.175038,4.311485,6.579042
2021-01-30,11.116996,12.144748,12.38248,11.462857,11.972405,14.564179,10.197165,13.13173,5.479809,7.476358,6.090627,3.785855,6.676842
2021-01-31,10.534826,10.746114,10.902489,10.651379,10.577632,13.293737,9.393111,11.340004,5.214303,6.693486,5.990005,3.197067,6.859738
2021-02-01,9.929825,9.789214,10.327112,9.541203,9.613945,12.218797,8.587993,10.038931,5.053243,6.05623,5.853836,2.753189,6.987676
2021-02-02,9.837825,10.652861,11.097992,10.290795,10.640155,12.695632,8.993228,10.87294,5.276101,7.288079,6.014589,3.271562,7.052295
2021-02-03,9.768317,10.603503,10.946555,10.095895,10.506826,12.899514,8.838078,11.12385,5.43117,7.055044,5.831981,3.185182,7.015877
2021-02-04,9.321566,10.103233,10.366746,9.477022,10.010261,11.218811,7.704433,10.308971,5.375821,6.586514,5.005373,3.020918,6.796952
2021-02-05,9.691225,10.935307,11.09299,10.288887,10.900919,12.35351,8.847848,11.393155,5.347423,7.266066,5.42423,3.292318,6.036099
2021-02-06,9.293932,10.67157,10.769509,9.654164,10.565381,11.428856,8.474293,10.907338,5.240261,6.833501,5.450592,1.782917,5.618235
2021-02-07,8.667684,9.037043,9.081106,8.951087,8.9877,10.352086,7.877153,9.288502,5.151794,6.481691,5.338981,1.421539,5.270582
2021-02-08,8.210936,7.878286,8.488925,8.192791,7.883117,9.629757,7.436989,8.235774,5.161294,6.196007,5.251645,1.404096,4.961385
2021-02-09,8.224897,7.693093,8.17442,8.197366,7.76515,10.162833,7.940727,8.534827,5.525797,6.768598,4.95988,1.390286,5.288726
2021-02-10,8.07953,7.754056,8.168538,8.415316,7.77465,10.464803,8.071422,8.847183,5.98387,6.547621,5.552182,1.277401,5.530636
2021-02-11,7.584486,7.394852,7.727328,7.963038,7.410614,9.593555,7.128885,8.368399,6.537922,6.598411,4.620402,1.141694,6.040646
2021-02-12,7.770871,7.557315,7.819887,8.02725,7.498245,10.078766,7.680617,8.84243,6.43592,6.432121,4.840336,3.094335,6.110806
2021-02-13,7.933929,7.482373,7.673667,7.697843,7.435649,10.011443,7.432472,8.853121,6.31707,5.517104,4.850504,2.909318,5.415952
2021-02-14,7.815038,6.793948,6.924935,7.261407,6.71057,9.515621,7.10694,7.553561,6.074701,4.7114,4.758755,2.688074,4.80111
2021-02-15,7.709578,6.402362,6.910187,6.701248,6.307309,9.04269,6.759595,6.682555,5.880531,4.161834,4.107826,2.435415,4.262853
2021-02-16,7.568466,6.77884,7.18179,7.051615,6.619017,9.957794,7.065535,7.541514,5.961627,5.49173,4.704734,4.623427,4.638548
2021-02-17,7.720752,7.491478,7.79163,7.169448,7.238742,10.788357,8.676046,8.439676,6.078267,5.363057,4.958367,4.213868,5.806467
2021-02-18,7.226759,7.736475,7.976759,6.774814,7.451852,9.982975,8.03286,8.235383,5.876122,4.909344,4.287682,3.956955,7.027923
2021-02-19,7.091726,7.78535,7.954554,6.876461,7.466258,10.148262,8.212089,8.542124,6.102278,4.749603,4.811134,5.041555,7.782694
2021-02-20,6.624079,7.479543,7.572256,6.831685,7.230126,9.571164,8.062418,8.293742,5.687119,4.594158,4.731366,4.240143,7.503471
2021-02-21,6.189184,6.708616,6.76779,6.686486,6.569205,8.894978,7.478083,7.494567,5.335528,4.500244,4.569467,2.963413,6.888959
2021-02-22,5.880703,6.247305,6.75969,6.371184,6.211582,8.308217,6.947323,6.930439,5.110438,4.436065,4.429614,1.902113,6.376883
2021-02-23,5.879669,6.179593,6.587349,6.572857,6.211959,8.854002,7.361925,7.295037,5.250884,5.336784,4.938828,2.900503,6.519526
2021-02-24,6.151178,6.780112,7.100407,6.682752,6.727235,9.437042,7.585713,7.909485,5.089752,5.752052,4.515015,2.748146,6.120826
2021-02-25,5.902493,6.882315,7.122787,6.652505,6.818679,9.020086,6.889297,7.829822,4.82369,5.024706,3.853086,2.626723,5.702728
2021-02-26,5.699123,6.818939,6.96782,6.690012,6.74955,9.053361,7.485335,7.85206,4.357272,4.845694,4.11482,3.878633,5.326006
2021-02-27,6.097498,6.431688,6.537074,6.664551,6.491903,8.217136,6.902884,7.41077,3.768039,4.178917,3.664738,2.977234,4.949488
2021-02-28,6.175337,5.529942,5.595308,6.435302,5.6134,7.268248,6.201268,6.270172,3.339064,3.656205,3.26702,2.231819,4.56835
2021-03-01,6.212725,5.024325,5.602242,5.971498,5.098984,6.484355,5.5266,5.553535,2.960701,3.294482,2.742266,1.324736,4.326048
2021-03-02,6.650837,5.160343,5.611011,6.197381,5.150292,7.791575,6.556195,6.274632,3.633162,4.077188,2.95973,2.409883,4.631706
2021-03-03,6.986356,5.801033,6.145972,6.370422,5.703843,9.113394,7.130467,7.200974,4.081265,4.189006,3.018194,2.294327,4.782515
2021-03-04,6.46349,6.102996,6.373554,6.403164,6.021822,8.391238,6.339571,7.087822,4.159603,3.690115,2.635598,1.846361,5.378707
2021-03-05,6.277291,5.870078,6.054982,6.332241,5.859025,8.727054,6.856232,7.182796,4.385452,3.592082,2.967828,3.1524,6.215167
2021-03-06,6.232126,5.92316,6.055352,6.149566,5.876967,8.772588,6.536296,7.315722,4.150652,3.127588,3.245783,2.203304,6.167144
2021-03-07,6.003097,5.273274,5.353317,5.870003,5.255926,8.438441,6.007068,6.421735,3.919232,2.80117,3.395759,1.185014,6.154528
2021-03-08,5.859392,4.863836,5.249669,5.547507,4.9134,7.369576,5.657481,5.774381,3.677776,2.613867,3.470473,0.693151,6.063112
2021-03-09,6.136131,5.1275,5.405657,5.917741,5.222488,8.719805,7.034142,6.578834,4.25465,3.403692,3.748644,1.219188,6.416426
2021-03-10,6.055071,5.753156,5.969894,5.952969,5.765038,9.392385,7.065931,7.20812,4.005646,3.298065,3.712893,1.308658,6.561593
2021-03-11,5.468343,5.935413,6.094383,5.717272,5.876181,8.620358,6.294021,6.967395,4.009791,3.416789,3.274329,1.152342,7.179764
2021-03-12,5.732183,5.989601,6.105189,5.799004,5.909882,8.898054,6.376699,7.241908,3.702007,3.417008,3.320848,2.374837,7.240621
2021-03-13,5.273206,5.972086,6.039112,5.593208,5.849547,8.131118,6.582039,6.904175,3.220416,3.115603,3.297868,2.049868,6.346179
2021-03-14,4.856449,5.469234,5.498271,5.156108,5.347837,7.335456,6.456561,6.210985,2.902089,2.918184,3.241697,1.641714,5.666067
2021-03-15,4.555526,5.260974,5.929435,5.044828,5.180323,6.710249,6.323097,5.845249,2.706196,2.749006,3.196087,1.300663,4.980533
2021-03-16,5.501632,5.511044,6.066391,5.776183,5.490369,8.456498,7.105827,6.94882,3.355397,3.87834,3.463007,2.39161,4.877851
2021-03-17,5.90432,6.178021,6.635598,6.326406,6.220758,9.115531,7.689664,7.606603,3.278514,3.770339,3.320002,1.909373,4.424315
2021-03-18,5.549126,6.336697,6.701182,6.352946,6.391428,8.616682,6.99672,7.468082,3.485119,3.86436,3.095888,1.690514,4.717221
2021-03-19,5.594167,6.57574,6.8507,6.376086,6.510645,8.792031,6.626447,7.695741,3.890457,4.214132,2.629082,2.891403,5.143327
2021-03-20,5.618889,6.403298,6.590421,6.288176,6.305012,7.913942,6.668582,7.202416,3.754355,3.94431,2.236215,0.544327,4.8387
2021-03-21,5.5679,5.696384,5.820143,6.087362,5.587248,7.072663,6.332221,6.477434,3.634437,3.62797,1.923321,0.137383,4.934626
2021-03-22,5.591101,5.388844,6.246783,5.946392,5.251505,6.391088,6.053335,6.095669,4.066023,3.369939,1.720398,0.120018,4.892759
2021-03-23,6.23493,5.675292,6.361323,6.427471,5.524802,8.025548,6.722035,7.047683,4.689797,4.512341,2.720051,0.183485,6.058233
2021-03-24,6.93467,6.324126,6.863461,7.025013,6.151499,9.014238,7.583592,7.80909,5.499386,4.607066,3.014946,0.484002,7.915734
2021-03-25,6.813774,6.568141,7.008954,6.907525,6.378399,8.987505,6.554336,7.92913,6.106978,4.4573,2.683345,0.291378,9.599981
2021-03-26,6.675456,7.102179,7.408446,7.029026,6.828916,9.279713,6.928128,8.228104,6.445172,5.119563,2.696891,0.944817,10.730827
2021-03-27,6.772393,7.275942,7.480289,6.800651,6.955334,9.084854,7.159063,8.165457,6.591281,4.947935,2.597503,0.793507,10.135174
2021-03-28,6.689417,6.601367,6.723361,6.506176,6.316316,8.662314,7.019136,7.392499,6.671488,4.711574,2.505264,0.738957,9.556534
2021-03-29,6.621534,6.41194,7.490476,6.441947,6.190682,7.999169,6.857726,7.019435,6.619131,4.58891,2.429824,0.604176,8.696902
2021-03-30,7.548253,6.73852,7.613964,7.118947,6.528194,9.666194,7.857186,8.03236,6.894727,5.956842,3.512373,2.302412,10.273333
2021-03-31,7.787099,7.230054,7.937236,7.292707,7.011519,10.786556,8.228041,8.81271,6.802702,5.81077,3.558011,2.19344,10.280798
2021-04-01,7.683347,7.09726,7.659526,6.951755,6.892206,9.802489,7.486909,8.342242,6.516178,5.441573,3.061455,1.967191,10.750173
2021-04-02,6.976173,7.289227,7.688579,6.687624,6.9934,9.574245,7.67461,8.266442,6.431399,6.178195,2.816148,2.604258,11.678789
2021-04-03,6.823946,7.384507,7.647047,6.356803,7.026792,9.401429,7.479399,8.240237,6.605217,5.594708,2.436901,1.620623,11.720726
2021-04-04,6.582244,6.747498,6.889382,5.908409,6.462813,8.990098,6.967655,7.480691,6.702454,5.173082,2.070222,0.621844,11.660652
2021-04-05,6.35995,6.33375,6.889698,5.631851,6.111347,8.659142,6.544581,7.014969,6.925701,4.843187,1.815358,0.563579,11.591589
2021-04-06,6.600084,6.571035,6.980805,6.085455,6.339348,9.900782,6.85978,7.825028,7.022669,6.134892,2.87887,0.595087,12.366662
2021-04-07,6.873708,6.76145,7.041237,6.495052,6.613926,10.070488,7.749067,8.073661,6.899976,5.748899,3.134794,1.95869,11.753888
2021-04-08,6.788467,6.729347,6.916558,6.42684,6.561407,9.570377,6.86962,7.900214,6.732071,5.809752,2.883986,1.744704,11.826461
2021-04-09,6.789061,6.885106,6.992657,6.454499,6.622104,9.769192,6.757787,8.128887,6.76359,6.320269,2.600384,2.561107,11.868865
2021-04-10,7.199287,6.553234,6.573231,6.266561,6.2865,9.81858,6.903809,8.030076,6.81814,5.824838,2.313769,2.422039,9.740445
2021-04-11,7.310757,5.821852,5.779057,5.80057,5.56189,9.473349,6.829138,7.07293,6.861168,5.329346,2.237408,2.062459,8.097739
2021-04-12,7.370752,5.388999,5.947347,5.68643,5.178967,8.547137,6.733788,7.173269,6.936978,4.982276,2.169529,1.724271,7.131865
2021-04-13,7.758762,5.510373,5.967999,6.202214,5.337351,9.743553,7.106779,7.825203,7.180099,6.199542,2.972065,1.885683,7.179506
2021-04-14,7.891502,5.752264,6.116265,6.449312,5.644886,9.608489,7.175379,7.882675,7.062289,6.006093,3.186409,1.961473,6.860612
2021-04-15,7.433096,5.782499,6.086609,6.294103,5.747167,8.860041,6.227884,7.568395,6.440631,5.382489,2.792863,1.853975,8.077461
2021-04-16,7.694261,5.854237,6.054158,6.288368,5.791245,9.954073,6.29753,8.028427,7.133316,6.368926,3.563574,1.52858,9.025839
2021-04-17,7.671463,5.678447,5.789903,6.313606,5.56555,8.9862,6.644119,7.484349,6.88593,5.947137,3.488248,1.2802,8.944145
2021-04-18,7.471329,4.922675,4.963211,5.654452,4.864762,8.049344,6.767102,6.495444,6.680124,5.457883,3.348025,1.133878,8.669821
2021-04-19,7.298201,4.55232,5.406346,5.415733,4.501976,7.296807,6.798399,6.807319,6.898997,4.819807,3.463474,1.043384,8.486844
2021-04-20,7.698463,4.914017,5.612232,6.174316,4.952826,9.011277,6.932432,7.755811,7.079512,5.615277,4.110377,1.459958,8.447732
2021-04-21,7.527824,5.52692,6.08803,6.597517,5.644116,9.356189,7.224036,8.100447,6.968198,5.096193,4.314365,1.633202,7.24918
2021-04-22,6.760563,5.460307,5.875023,6.423417,5.570651,9.084972,6.550679,7.779772,6.598278,5.073999,3.956519,1.590419,6.669954
2021-04-23,7.196627,5.731555,6.020547,6.681747,5.799884,10.101959,6.37321,8.279035,7.092914,5.575231,4.933024,1.600289,6.402841
2021-04-24,7.107877,5.640677,5.831832,6.610555,5.627126,9.87539,5.819434,8.12898,7.431355,4.910294,4.584309,1.518521,6.157817
2021-04-25,6.936034,5.181274,5.298407,6.120926,5.172701,9.289131,5.212213,7.106204,7.627228,4.352362,4.247102,1.171815,6.240272
2021-04-26,6.797342,4.957739,5.521991,5.900668,4.941943,8.164279,4.714596,6.469937,7.307156,3.934051,3.841343,1.027024,6.324409
2021-04-27,7.223753,5.357427,5.792553,6.318243,5.32488,9.470012,5.009216,7.303479,7.64139,4.981264,4.25109,1.189327,6.000233
2021-04-28,7.373898,5.988095,6.318584,6.834997,5.907607,10.143278,5.186991,7.976178,6.58464,4.908528,4.123979,1.029558,5.702119
2021-04-29,7.216666,6.050879,6.268617,6.729819,5.952964,9.849715,5.074865,7.82656,6.178517,4.769866,3.778054,1.012524,5.910684
2021-04-30,7.356283,6.145241,6.269064,6.918535,6.045008,10.251302,5.390985,8.062868,5.902157,5.290526,4.793065,1.083854,5.713766
2021-05-01,6.847649,5.96042,6.031025,6.625965,5.844094,9.805647,4.806116,7.833621,5.123512,4.282504,4.477592,0.847589,5.153379
2021-05-02,6.247403,5.230906,5.249817,5.678193,5.096631,9.114249,4.306807,6.774263,4.530649,3.508198,4.172254,0.913658,4.673913
2021-05-03,5.751483,4.74363,5.231479,5.074927,4.607993,8.108366,3.881866,6.114036,4.325277,2.962648,3.79274,0.995396,4.379233
2021-05-04,5.878352,5.03023,5.414807,5.492964,4.932832,9.207189,4.368913,6.879794,4.632472,4.582975,4.33402,0.982701,5.866851
2021-05-05,5.838737,5.561285,5.856376,5.797766,5.387874,9.479453,4.804452,7.315627,4.360422,4.550001,4.046641,0.858583,6.514168
2021-05-06,5.712296,5.654441,5.885657,5.570819,5.469289,8.755641,4.925249,7.054246,4.070937,4.342035,3.5254,0.768436,7.094832
2021-05-07,5.701278,5.652153,5.791789,5.453237,5.455283,9.283854,5.365554,7.320874,4.475746,4.437812,4.256583,0.663962,6.709647
2021-05-08,5.829464,5.507855,5.601676,5.191881,5.240806,8.641825,5.019768,7.017948,4.2109,4.017304,4.177771,0.57516,6.008121
2021-05-09,5.789534,4.867196,4.904431,4.944939,4.642311,7.98243,4.740239,6.280885,4.052693,3.640502,4.122019,0.553054,5.478687
2021-05-10,5.745408,4.640919,5.768445,4.862458,4.469488,7.411703,4.479793,5.860451,3.911373,3.346239,3.985402,0.543291,4.991758
2021-05-11,5.568027,4.634829,5.612683,4.989572,4.530046,7.714408,3.956818,6.143088,3.95683,3.912534,4.458531,0.542657,4.318399
2021-05-12,5.923826,4.93317,5.721183,5.433068,4.822728,7.733138,4.103045,6.348248,3.754633,4.087603,3.96396,0.520328,3.937772
2021-05-13,5.536279,4.798593,5.427023,5.199348,4.702714,6.861351,4.03369,5.876163,3.792032,4.334431,3.427475,0.505944,4.599836
2021-05-14,5.742558,4.837826,5.284033,4.908663,4.655788,7.224383,4.250171,6.002874,3.751497,4.329258,4.452667,0.653004,4.704151
2021-05-15,5.898727,4.531268,4.836924,4.846162,4.407531,7.080182,4.049609,5.832419,3.704834,3.945938,4.037622,0.418504,4.051389
2021-05-16,5.931595,4.103147,4.284714,4.730485,3.993698,6.854811,3.835114,5.466032,3.672713,3.605379,3.6388,0.443616,3.718044
2021-05-17,5.968559,3.9211,4.457417,4.75002,3.822001,6.688337,3.715673,5.267474,3.694043,3.364143,3.194168,0.483599,3.397588
2021-05-18,5.907332,3.957065,4.368077,5.086977,3.941516,7.312242,3.791488,5.741358,4.056448,3.94004,3.796862,0.530624,2.981904
2021-05-19,6.040097,4.043915,4.319454,5.418678,4.0542,7.741052,3.779343,6.012559,4.03407,3.441398,3.559084,0.55277,2.780496
2021-05-20,5.598212,3.992786,4.157495,5.059599,4.00457,7.204139,4.122821,5.651447,3.514295,3.167786,3.073482,0.797413,2.8659
2021-05-21,5.854291,4.035036,4.106088,5.007068,3.995415,7.478194,4.502556,5.786118,3.986848,3.122977,3.803342,1.075821,2.551649
2021-05-22,5.452823,3.842126,3.844176,4.844727,3.779918,7.217361,4.346263,5.579547,3.697278,2.572409,3.776307,1.192066,3.104259
2021-05-23,4.993497,3.787497,3.762781,4.600258,3.660829,6.755574,4.069896,5.010799,3.528953,2.166459,3.594636,1.293076,3.598635
2021-05-24,4.643517,3.81611,3.919621,4.239565,3.62869,6.35241,3.866697,4.66064,3.717063,1.909519,2.663884,1.37744,4.052433
2021-05-25,4.694,3.824668,3.880702,4.591753,3.712712,6.795578,3.772675,5.037993,3.539519,2.264664,3.417238,1.451173,4.32544
2021-05-26,4.650002,3.663544,3.695264,4.528887,3.664877,6.497192,3.391577,4.869102,3.404684,2.027453,2.858686,1.513875,3.960557
2021-05-27,3.93687,3.632632,3.642317,4.259618,3.62825,5.59041,3.060134,4.47539,2.898922,1.871381,2.470293,1.383781,3.408755
2021-05-28,4.052508,3.424019,3.409777,4.164794,3.42175,6.06886,2.763279,4.737383,2.963727,1.919042,3.527866,1.3427,3.33927
2021-05-29,3.876633,3.210708,3.194424,3.711397,3.156239,5.396858,2.125753,4.372483,2.451441,1.626202,3.543115,1.359757,3.426912
2021-05-30,3.583149,2.984628,2.841494,3.324558,2.895357,4.730381,1.596181,3.732883,1.992656,1.379881,3.410083,1.44583,3.455898
2021-05-31,3.391496,2.853987,3.074388,3.167142,2.713178,4.160567,1.228622,3.323752,1.691935,1.205052,3.237848,1.479021,3.494315
2021-06-01,3.442069,2.911849,3.435123,3.451496,2.834287,4.683834,1.136964,4.419877,2.056787,1.501993,2.509993,1.536917,3.72255
2021-06-02,3.451226,3.009855,3.451046,3.37289,2.914453,4.878863,1.441445,4.506843,2.079646,1.988936,2.898717,1.550092,3.595663
2021-06-03,2.885666,2.762427,3.119951,2.852521,2.632399,4.10285,1.417227,3.925763,1.990921,1.712764,2.68622,1.313463,3.333303
2021-06-04,2.665008,2.400751,2.667679,2.592451,2.328737,3.970488,1.375792,3.604357,1.973977,1.44499,2.926568,0.981879,2.880047
2021-06-05,2.392219,2.097004,2.302242,2.183888,2.026866,3.643092,1.114915,3.242544,1.765187,1.227917,2.922252,0.728655,2.240252
2021-06-06,2.169824,1.838383,1.950276,1.886408,1.733971,3.313965,0.897682,2.832621,1.586905,1.012417,2.870384,0.443595,1.703966
2021-06-07,2.02098,1.627962,1.805647,1.849509,1.553968,3.03583,0.728148,2.516232,1.443062,0.832029,2.742721,0.259129,1.255228
2021-06-08,1.861913,1.610876,1.734653,1.78224,1.553678,3.135566,0.872305,2.511093,1.328633,1.148691,2.459382,0.276126,1.039429
2021-06-09,1.933531,1.715441,1.769852,1.874262,1.648711,3.589678,1.415249,2.682048,1.298085,1.066144,2.016879,0.221326,0.816213
2021-06-10,1.78649,1.698944,1.697323,1.792279,1.606222,3.345542,1.75134,2.470909,1.032312,0.905778,1.670013,0.129765,0.582356
2021-06-11,1.7431,1.594363,1.575972,1.676538,1.488179,3.610715,1.840203,2.587903,0.944575,0.824064,2.078429,0.79455,0.448596
2021-06-12,1.667325,1.534908,1.503248,1.597251,1.430086,3.573991,1.508805,2.55693,0.737454,0.761165,2.470037,0.692506,0.468834
2021-06-13,1.542362,1.450463,1.30184,1.493018,1.262916,3.409497,1.246337,2.183273,0.57931,0.684017,2.691174,0.549195,0.532424
2021-06-14,1.468937,1.354163,1.360296,1.335547,1.188631,3.271742,1.028669,1.970537,0.476339,0.635561,2.875853,0.412013,0.587463
2021-06-15,1.630354,1.444666,1.452525,1.501378,1.328177,3.404605,1.006612,2.185871,0.582014,0.768149,3.329335,0.341994,0.51796
2021-06-16,1.704596,1.406301,1.408472,1.62341,1.319538,3.652398,0.964929,2.380398,0.590045,0.936955,2.86798,0.268799,0.540947
2021-06-17,1.568403,1.469156,1.476141,1.567094,1.384767,3.216766,0.747784,2.250767,0.437373,0.873302,2.384665,0.246418,0.601594
2021-06-18,1.356843,1.422634,1.428285,1.421763,1.360178,2.837115,0.683832,2.059278,0.392712,0.867216,2.854346,0.267808,0.49314
2021-06-19,1.183462,1.408187,1.413957,1.332083,1.354241,2.454273,0.750198,1.903692,0.340986,0.857187,2.925579,0.340303,0.40707
2021-06-20,1.01947,1.381559,1.34486,1.244433,1.317685,2.10115,0.78635,1.650871,0.341765,0.826656,2.900276,0.356337,0.359566
2021-06-21,0.887712,1.351421,1.322544,1.171078,1.289269,1.835426,0.809199,1.512707,0.398217,0.795461,2.838011,0.377119,0.318039
2021-06-22,0.918225,1.349548,1.332227,1.17984,1.335469,1.92824,0.75542,1.606418,0.453074,1.158914,3.747768,0.471942,0.375147
2021-06-23,1.059793,1.43413,1.419268,1.251669,1.398376,2.529561,0.831657,1.971264,0.440213,0.991151,3.491633,0.444358,0.396628
2021-06-24,1.043893,1.445911,1.427254,1.186681,1.411268,2.320191,1.060935,1.886742,0.491166,0.82864,2.781516,0.528574,0.333548
2021-06-25,1.145054,1.590501,1.570624,1.206978,1.551656,2.222677,1.107419,1.873681,0.726352,0.687798,2.55387,0.120314,0.35411
2021-06-26,1.227579,1.611622,1.58508,1.290023,1.59009,2.108555,1.117668,1.856642,0.691316,0.539321,2.478083,0.116609,0.446787
2021-06-27,1.243439,1.631025,1.511404,1.359045,1.607655,1.966646,1.040899,1.743637,0.652562,0.406945,2.280112,0.109945,0.522768
2021-06-28,1.30667,1.690685,1.65691,1.485168,1.668,1.945387,0.990421,1.91376,0.634916,0.300829,2.065142,0.156434,0.600673
2021-06-29,1.360694,1.54106,1.515384,1.4649,1.525419,1.742706,0.932076,1.745776,0.692747,0.576397,1.842321,0.136046,0.54296
2021-06-30,1.399358,1.465686,1.453245,1.644279,1.492752,1.645615,1.123455,1.689919,0.646857,0.572771,1.59673,0.204319,0.467911
2021-07-01,1.580173,1.646229,1.626525,1.749025,1.621706,1.573207,1.153749,1.754415,0.834476,0.526895,1.681638,0.216427,0.515565
2021-07-02,1.728509,1.681311,1.644305,1.826598,1.669605,1.722721,1.295837,1.823467,0.800793,0.529173,1.528762,0.151751,0.50089
2021-07-03,1.758777,1.827318,1.797569,1.776593,1.751052,1.873222,1.344374,1.918762,0.775024,0.616268,1.256599,0.137553,0.434445
2021-07-04,1.673722,1.967296,2.01471,1.798158,1.848664,2.055365,1.350877,2.052206,0.739011,0.66935,1.060959,0.137525,0.304762
2021-07-05,1.591612,2.083738,2.179788,1.8176,1.930284,2.158387,1.335624,2.178256,0.744382,0.74846,0.895066,0.135841,0.194225
2021-07-06,1.559432,2.322407,2.553696,1.90979,2.241147,2.301815,1.323613,2.456836,1.072849,0.810092,1.177336,0.21207,0.103576
2021-07-07,2.031859,2.456347,2.63153,2.200839,2.385877,3.713008,1.812368,3.174051,0.997145,0.818774,1.64209,0.314139,0.13321
2021-07-08,2.195414,2.361967,2.504578,2.182154,2.258382,4.420055,1.81416,3.46122,1.133854,0.831909,1.33871,0.310219,0.387072
2021-07-09,2.183881,2.199581,2.318275,2.051922,2.119592,4.41459,1.993722,3.381663,1.022066,0.730774,1.015065,1.81794,0.575374
2021-07-10,1.997821,2.251791,2.334626,2.15955,2.19446,4.276543,2.19709,3.238388,0.885537,0.712613,1.553053,1.726878,0.762604
2021-07-11,1.827185,2.193253,1.923228,2.146069,2.132416,3.954427,2.373472,2.999876,0.767053,0.662673,1.927464,1.588959,0.909021
2021-07-12,1.645584,2.045361,1.57219,2.010776,1.941646,3.53373,2.348789,2.514752,0.65175,0.658908,2.185936,1.410967,1.324175
2021-07-13,1.651224,1.911019,1.491583,1.999473,1.818745,3.929292,2.009228,2.750071,0.678178,1.202662,3.148848,1.096068,1.332441
2021-07-14,1.728897,1.674347,1.323716,1.966661,1.637584,4.121306,1.640548,2.750518,0.617564,1.173612,2.937909,0.802346,1.268602
2021-07-15,1.856659,1.480209,1.191038,1.875892,1.435091,3.365069,1.307552,2.379418,0.702123,1.21414,2.802603,0.599674,1.207572
2021-07-16,2.036456,1.678112,1.463362,1.93597,1.581196,4.083245,1.488988,2.923184,0.978642,1.059766,2.999159,1.357353,1.149561
2021-07-17,2.317538,1.927168,1.791902,2.023471,1.804827,3.645762,1.759342,2.914468,1.096076,0.923486,2.867479,1.942692,1.139151
2021-07-18,2.459525,2.06287,1.731733,2.038548,1.91664,3.29508,1.507517,2.774873,1.209984,0.813747,2.70231,1.730995,1.134792
2021-07-19,2.529098,2.198752,2.065613,2.059155,1.910354,3.001876,1.282771,2.700388,1.27171,0.810205,2.580597,1.512785,1.226033
2021-07-20,2.552293,2.115166,2.018635,2.115757,1.864993,3.461315,1.575488,2.958852,1.289791,1.167167,2.76172,1.990779,1.055048
2021-07-21,2.611857,2.170627,2.116657,2.228131,1.976323,3.777024,1.46521,3.163748,1.062591,1.145723,2.463215,1.813117,0.992487
2021-07-22,2.646016,2.200726,2.180236,2.307837,2.095176,3.863385,1.728748,3.21622,1.157011,1.214161,2.17352,2.134323,1.018583
2021-07-23,2.676413,2.393411,2.397497,2.34964,2.269669,3.892159,1.963775,3.277502,1.125483,1.239909,2.151864,2.266525,1.04743
2021-07-24,2.481298,2.370664,2.392549,2.403796,2.269346,4.102142,1.749057,3.34752,1.091216,1.155399,1.686247,1.922564,1.080242
2021-07-25,2.32931,2.340994,2.415234,2.436183,2.266912,4.137233,1.594889,3.186613,1.080931,1.058584,1.302492,1.611919,1.132607
2021-07-26,2.235388,2.418685,2.644835,2.514658,2.321632,4.154712,1.461105,3.137284,1.113562,1.01899,1.326677,1.360267,1.224726
2021-07-27,2.306509,2.385716,2.597031,2.434134,2.308858,4.377689,1.463717,3.274883,1.022563,1.175743,1.649942,1.472376,1.614564
2021-07-28,2.548557,2.714905,2.871056,2.609405,2.551668,4.829589,2.233661,3.643309,1.090116,1.176596,1.392388,1.097726,1.912215
2021-07-29,2.802064,2.861567,2.993174,2.70822,2.683004,4.669698,2.610617,3.702765,1.034517,1.120912,1.534698,0.902037,2.119953
2021-07-30,2.897594,2.947766,3.053395,2.775968,2.781876,5.050249,2.990521,3.957807,1.285011,1.306746,1.794904,1.452116,2.093582
2021-07-31,2.876496,3.152773,3.230497,2.870329,2.986399,4.851111,3.122917,3.989036,1.477082,1.226122,1.924599,1.358964,1.825414
2021-08-01,2.840242,3.248718,3.072266,2.912339,2.835335,4.620074,3.026536,3.848205,1.68272,1.117865,2.050537,1.403762,1.557723
2021-08-02,2.815842,3.162489,3.181981,2.897236,2.76346,4.408694,2.999142,3.778209,1.902146,1.074057,2.21026,1.342164,1.352525
2021-08-03,2.980544,3.188251,3.202025,2.979872,2.827913,4.82773,3.277451,4.031195,1.926945,1.358498,2.49263,1.534024,1.201113
2021-08-04,3.190189,3.468294,3.444532,3.170581,3.102796,5.161712,3.939562,4.306794,2.080838,1.562649,2.593845,1.47325,1.040599
2021-08-05,3.669454,3.850696,3.822168,3.49563,3.488112,5.521586,4.10818,4.711852,1.96926,1.734523,2.558559,1.366982,0.984562
2021-08-06,3.558657,4.148815,4.133523,3.480443,3.808002,5.43512,3.999782,4.780847,2.263057,1.989995,2.998392,1.065039,1.173618
2021-08-07,3.765851,4.421012,4.418782,3.794209,4.156266,5.398273,3.728949,4.964033,2.334241,2.027398,2.818039,1.097424,1.463906
2021-08-08,3.875397,4.358867,4.358233,3.968671,4.105912,5.307512,3.48362,4.832615,2.32985,1.987919,2.696828,1.145683,1.798708
2021-08-09,3.96597,4.51449,4.969281,4.021587,4.245766,5.222186,3.320316,4.859304,2.245077,1.944005,2.730902,1.196934,2.07737
2021-08-10,4.075964,4.643995,5.050361,4.072402,4.320838,5.777226,3.483312,5.231378,1.929945,2.344038,3.304232,1.288441,1.765844
2021-08-11,3.929223,4.73574,5.0751,4.04461,4.405605,5.699884,3.948341,5.200935,2.000653,2.207202,3.958725,1.237979,1.518385
2021-08-12,3.908097,5.037226,5.319363,4.030229,4.653847,6.245885,4.04,5.595152,2.367388,2.517641,3.034743,1.195199,1.687552
2021-08-13,3.638271,5.207177,5.436904,4.024245,4.84526,5.955708,4.001138,5.528736,2.284523,2.342029,4.22523,1.154363,2.019494
2021-08-14,4.088781,5.372163,5.545711,4.193244,4.953351,5.856945,4.079491,5.595162,2.301366,2.172135,4.037437,1.234355,2.57201
2021-08-15,4.319801,5.396104,5.227337,4.243239,4.705564,5.591951,4.068034,5.0921,2.313352,2.103355,3.765672,1.308667,3.018437
2021-08-16,4.511459,5.296061,5.524697,4.190369,4.65169,5.386935,4.05037,4.837931,2.346388,2.071432,3.121814,1.40339,3.361756
2021-08-17,4.281165,5.274918,5.472046,4.080044,4.664451,5.923387,4.007864,5.181724,2.49157,2.236493,3.678268,1.384813,3.503307
2021-08-18,4.319821,5.071425,5.185852,3.930301,4.512963,6.305253,4.765265,5.267546,2.406051,2.20663,3.725711,1.305186,3.234517
2021-08-19,4.177902,5.074671,5.150762,4.105126,4.576476,6.186509,4.753684,5.30731,2.168785,2.101206,3.243928,1.398926,3.270771
2021-08-20,4.32649,5.175495,5.222462,4.327794,4.793463,6.486145,4.940004,5.573774,2.41291,2.407059,3.948111,1.146674,3.355579
2021-08-21,4.507981,5.240405,5.25447,4.569133,4.951284,6.86676,5.224743,5.869353,2.153709,2.273591,4.104354,1.575035,3.270769
2021-08-22,4.545842,5.11155,4.555728,4.599052,4.348535,6.939194,5.281983,5.359048,2.044536,2.164364,4.213394,1.938629,3.214076
2021-08-23,4.628632,4.831853,5.108535,4.322411,4.1557,7.014075,5.30046,5.190119,1.936642,2.129918,4.312238,2.246242,3.206041
2021-08-24,4.965311,4.774142,5.04341,4.475495,4.172245,7.542309,5.375267,5.626104,2.108436,2.345183,4.58949,2.339334,3.658484
2021-08-25,5.120865,4.636324,4.84408,4.488238,4.107151,7.813167,5.49899,5.846755,2.270608,2.415699,4.606181,2.110598,4.076656
2021-08-26,4.834972,4.658885,4.830047,4.461707,4.172204,7.647754,5.151553,5.898117,2.310551,2.218162,3.758211,1.882749,4.268203
2021-08-27,5.066852,4.611936,4.752332,4.559604,4.211997,7.365677,5.314511,5.902049,2.892821,2.461178,4.322404,1.739277,4.452183
2021-08-28,5.885827,4.267658,4.313259,4.593982,4.061468,7.346529,5.439213,5.839119,3.084427,2.468352,4.325317,2.511406,5.00885
2021-08-29,6.263343,4.04021,4.07973,4.524167,3.897101,7.087974,5.313733,5.400531,3.244576,2.500257,4.265523,3.151634,5.446712
2021-08-30,6.610354,3.934414,4.381568,4.558647,3.780673,6.866599,5.226506,5.263158,3.440688,2.5363,4.264525,3.652549,5.85747
2021-08-31,6.849547,4.040224,4.41393,4.761328,3.940567,7.548809,5.419489,5.772345,3.547428,2.936131,4.957898,3.828276,6.195253
2021-09-01,6.220606,4.06037,4.356097,4.626474,4.030323,7.427115,5.176558,5.784414,3.415124,2.844976,4.909145,3.442678,5.992155
2021-09-02,6.120183,4.031895,4.261151,4.705283,3.976557,6.826726,5.004392,5.559209,3.152841,2.636829,4.065062,2.995628,6.409131
2021-09-03,5.915262,4.150358,4.309739,4.657563,4.077477,7.461523,5.277418,5.947426,3.935855,3.025025,4.350129,2.76332,6.610029
2021-09-04,5.711566,4.230472,4.297223,4.618169,4.21677,7.783954,5.505436,6.17563,3.596183,2.805717,4.145235,2.795397,5.951925
2021-09-05,5.555819,4.314654,4.381916,4.608487,4.335242,7.838278,5.555669,6.026872,3.388612,2.663951,3.96581,2.801436,5.66277
2021-09-06,5.501358,4.608022,4.96951,4.956653,4.57482,7.900408,5.535432,6.111544,3.131131,2.557847,3.581673,2.801612,5.226471
2021-09-07,5.689311,5.149821,6.298829,5.528111,5.08591,8.652042,5.834421,7.636383,4.000338,3.384378,3.847175,3.251517,5.460107
2021-09-08,5.518549,5.301754,6.263387,5.533692,5.238831,8.820185,6.494729,7.687187,4.321881,3.878004,4.521385,3.461793,5.124777
2021-09-09,5.577116,5.205244,5.983059,5.31731,5.087077,8.186931,5.898373,7.246059,4.274637,3.400637,3.876285,2.99553,4.828731
2021-09-10,5.473502,4.817072,5.356749,4.905336,4.706406,8.175431,6.209669,6.83929,4.26543,3.571525,4.233448,3.463679,4.518559
2021-09-11,4.948696,4.580961,4.968473,4.353391,4.44407,7.285098,6.455242,6.201618,4.337355,3.113041,4.123844,4.008661,3.791961
2021-09-12,4.451265,4.270552,4.177077,3.787835,4.104767,6.383588,6.377889,5.166365,4.254268,2.679527,3.96565,4.4648,3.15689
2021-09-13,4.048556,3.792111,3.957872,3.250085,3.636603,5.635225,6.279191,4.444745,4.262894,2.354273,3.819606,4.721564,2.405644
2021-09-14,3.567377,3.474415,3.551041,3.000002,3.384081,5.240137,5.868441,4.050614,3.959528,2.768562,3.956973,4.321032,2.302179
2021-09-15,3.472204,3.381067,3.417806,3.017551,3.328006,4.874875,5.391704,3.912681,3.658907,2.693037,3.518853,3.57435,2.31033
2021-09-16,3.804345,3.955278,3.936059,3.473322,3.869302,4.713189,5.132797,4.131827,3.640616,2.835836,2.843048,2.928912,2.521153
2021-09-17,4.437996,4.164659,4.0967,3.793818,4.069398,5.684722,5.732352,4.76871,3.843395,2.986106,4.14953,2.750711,3.045367
2021-09-18,4.445191,4.59067,4.498354,4.002037,4.413929,6.222717,6.158363,5.22735,4.438333,2.735802,4.321753,2.084849,3.383254
2021-09-19,4.508773,4.881746,4.519132,4.144942,4.646942,6.593959,6.332806,5.306964,4.889096,2.574168,4.437444,1.562139,3.807607
2021-09-20,4.547879,4.888127,4.559936,4.282783,4.645196,6.900026,6.370036,5.445072,5.211913,2.415485,4.550725,1.226542,4.144411
2021-09-21,5.565983,5.348224,5.141072,5.372632,5.117575,10.264711,6.351469,7.773345,4.934437,3.499334,3.768007,2.832132,4.08833
2021-09-22,6.661781,6.204485,6.043435,6.262227,5.913441,11.262587,6.156202,8.708323,4.944833,3.570986,3.690457,2.699675,3.547258
2021-09-23,8.377213,7.089908,6.855274,7.269135,6.676,13.307328,7.720233,10.475651,4.486674,5.113578,4.09101,2.721713,2.965915
2021-09-24,9.507439,7.419144,7.22286,7.771975,6.903576,15.66574,9.254166,11.490184,4.498609,6.024878,3.694073,4.258828,2.475847
2021-09-25,10.612231,7.564111,6.774583,8.273215,7.010595,17.022176,10.754115,12.395526,4.434245,6.067104,3.253988,5.995158,2.085268
2021-09-26,10.517263,7.475544,6.379647,8.45574,6.906467,16.840878,10.532688,11.248672,4.410457,6.096788,2.852358,7.359587,1.797125
2021-09-27,10.753041,7.227,6.328185,8.752895,6.802139,17.638196,10.962831,11.841588,4.095164,6.491332,3.702071,7.719678,1.799724
2021-09-28,9.884952,7.057927,6.330732,8.47762,6.79634,16.402346,9.834285,11.30405,3.971065,5.681084,3.679599,6.26454,1.956936
2021-09-29,8.894151,6.625174,6.077009,7.642858,6.398695,13.949728,8.903318,9.946757,3.621525,4.607289,3.147587,4.987267,1.972851
2021-09-30,8.085506,6.094136,5.643064,6.905758,5.841144,13.188407,8.812023,9.303025,3.605959,4.372209,3.070892,4.670434,1.769242
2021-10-01,7.115671,5.424241,5.087075,6.181371,5.24205,10.991571,7.663086,7.998383,3.658521,4.013054,3.350619,3.551042,1.443602
2021-10-02,6.253899,4.810016,4.470004,5.47988,4.515401,8.973953,6.596549,6.548853,3.717157,3.644547,3.510049,2.541705,1.15395
2021-10-03,5.61085,4.259145,4.20798,4.971436,4.001708,7.333894,5.656671,5.50402,3.796984,3.353906,3.565431,1.68886,0.86181
2021-10-04,5.568537,4.474171,4.435692,5.235489,4.276013,8.040631,5.779383,6.060404,4.07058,4.469786,4.131727,1.951131,1.242728
2021-10-05,4.708639,3.837498,3.879698,4.316288,3.706067,6.974025,4.992065,5.341241,3.536602,3.464727,3.707841,1.348573,1.682619
2021-10-06,4.068231,3.978021,4.05533,3.965416,3.790971,5.730392,4.517914,4.817707,3.258478,3.20459,3.006047,0.893456,1.704013
2021-10-07,3.891567,3.774703,3.858941,3.852776,3.627431,5.881859,4.190674,4.875875,3.403586,3.566598,3.475345,1.016298,1.785775
2021-10-08,3.626078,3.423343,3.515042,3.33641,3.292324,4.880703,3.876458,4.205197,3.106195,2.994267,3.142641,0.729103,1.945126
2021-10-09,3.397821,3.044202,2.830481,2.865726,2.645888,4.002392,3.528071,3.34068,2.782714,2.452218,2.828351,0.537981,2.13267
2021-10-10,3.215635,2.541858,2.573362,2.34534,2.198306,3.347829,3.277949,2.73358,2.488629,2.011993,2.537631,0.512579,2.263942
2021-10-11,2.777781,2.202044,2.22212,2.211103,1.975862,2.7584,2.931816,2.2901,2.690808,2.35568,2.28573,0.636195,2.693352
2021-10-12,2.504841,2.038648,2.052684,1.938764,1.845826,2.51151,3.004197,2.06555,2.55683,1.913944,2.033714,0.620864,2.663672
2021-10-13,2.427062,2.125104,2.14692,1.729888,1.931942,2.064355,2.819441,1.912134,2.319811,1.535023,1.510282,0.657429,2.408045
2021-10-14,2.334292,1.98094,1.978202,1.655291,1.816122,1.960103,2.948202,1.820721,2.668203,1.810189,1.305449,0.556209,2.331007
2021-10-15,2.003899,2.003049,1.995446,1.641287,1.882333,2.079502,2.817215,1.953109,2.515575,1.61974,1.035435,0.501582,2.143658
2021-10-16,1.70695,2.031013,1.991676,1.631884,1.941042,2.114667,2.61027,1.833293,2.393988,1.444524,0.915541,0.467799,1.951894
2021-10-17,1.480287,2.097466,2.089893,1.6599,2.01227,2.167058,2.478432,1.802599,2.315945,1.324901,0.845657,0.447491,1.774926
2021-10-18,1.494385,2.03659,2.014899,1.778519,2.000752,2.167612,2.927923,1.803272,2.306296,1.395022,1.164676,0.6081,1.610828
2021-10-19,1.702033,2.265823,2.258514,1.824397,2.192943,2.367745,3.447156,2.210238,2.003365,1.327774,2.000752,0.73285,1.310989
2021-10-20,1.999543,2.554176,2.65753,2.048169,2.568523,2.709711,3.794672,2.480788,1.856469,1.308026,2.401219,0.784127,1.117616
2021-10-21,2.36401,2.997213,2.983589,2.501533,2.821774,4.233556,4.953866,3.806878,1.881695,2.010059,2.527265,1.855476,0.930405
2021-10-22,2.992208,3.183932,3.151568,3.141678,3.001159,6.367951,5.996652,4.763335,1.563538,2.368438,2.962518,2.705595,0.755279
2021-10-23,3.403795,3.320922,2.959678,3.908307,3.10489,7.535622,6.489819,5.151323,1.341286,2.368349,3.07263,3.291837,0.693982
2021-10-24,3.716246,3.369422,2.925174,4.365652,3.160882,7.836398,5.839438,4.821495,1.022822,2.350361,3.225166,3.873448,1.002721
2021-10-25,4.031746,3.458605,3.063443,4.871069,3.299869,9.23601,6.302278,5.923051,1.342814,3.323127,3.54507,4.213783,1.027095
2021-10-26,4.458855,3.882466,3.581201,5.348756,3.730832,10.086488,5.450584,6.670766,1.849456,3.179764,3.37256,4.310799,1.000436
2021-10-27,4.606233,4.434935,4.213715,5.629824,4.25391,9.726486,4.959786,6.878381,1.617527,3.308861,2.984655,3.539583,1.112383
2021-10-28,4.892106,4.362914,4.129049,5.269128,3.948634,10.667283,5.93984,7.20779,1.48569,3.744512,3.046974,4.126755,1.229943
2021-10-29,4.903555,3.865968,3.691816,4.945062,3.572825,10.304574,4.988123,7.019386,1.534175,3.504685,2.688389,3.304763,1.126899
2021-10-30,4.713926,3.462442,3.361012,4.53309,3.150958,9.588338,4.18972,5.95371,1.520148,3.273369,2.342527,2.556282,1.015634
2021-10-31,4.457817,3.158806,3.161341,3.997592,2.829216,7.835923,3.545384,5.139143,1.314432,3.085462,1.88299,1.924272,0.908538
2021-11-01,4.309461,2.839265,2.859958,3.708306,2.560884,7.575181,3.565118,4.999596,1.528368,2.847494,2.114596,2.081222,0.938475
2021-11-02,4.238361,2.577125,2.590135,3.323263,2.341268,7.183038,3.172547,4.773679,1.485263,2.617987,1.792568,1.903726,1.134875
2021-11-03,4.259858,2.887047,2.919788,3.218844,2.646674,6.576703,3.048441,4.671734,1.785695,2.408412,1.526007,1.476373,1.265826
2021-11-04,4.157471,2.902092,2.883608,3.044905,2.670978,6.663287,3.670449,4.709528,1.635615,2.304849,1.549245,1.366937,1.341641
2021-11-05,4.08987,2.938969,2.92133,3.080257,2.793561,6.371923,3.483931,4.670386,1.475423,2.411583,1.443886,1.113501,1.475938
2021-11-06,3.898872,2.733869,2.739488,2.77193,2.608042,5.855066,3.181681,4.038074,1.368295,2.449814,1.387819,0.933482,1.517986
2021-11-07,3.512066,2.680442,2.926817,2.621248,2.536551,4.972755,3.046488,3.958633,1.426796,2.356185,1.592571,0.900033,1.540351
2021-11-08,3.554763,2.63551,2.816594,2.785015,2.543499,5.259777,3.509575,4.122772,1.462713,2.68502,2.583074,0.875727,1.538488
2021-11-09,3.601298,2.976552,3.076396,2.988083,2.884495,5.424823,3.346281,4.368328,1.760209,2.346417,2.666411,0.740524,1.425785
2021-11-10,3.344555,3.154333,3.233714,2.940581,3.072997,4.616159,3.407957,3.966173,1.573429,2.162755,2.494032,0.762419,1.395951
2021-11-11,3.399626,3.237362,3.260469,3.028093,3.109249,5.059487,4.07193,4.172201,1.424955,2.293768,3.019809,1.11344,1.670023
2021-11-12,3.409513,3.172211,3.135164,3.106133,3.017354,5.059847,4.351879,4.111476,1.051996,2.344708,3.260733,1.542504,2.070534
2021-11-13,3.379385,2.976936,2.913942,2.999345,2.788401,4.880345,4.541875,3.687446,1.104114,2.39984,3.381697,1.933723,2.379445
2021-11-14,3.291129,2.838255,2.844338,2.935022,2.631803,4.368751,4.631555,3.486036,1.191638,2.689874,3.006006,2.387907,2.637465
2021-11-15,3.292219,2.892922,2.882913,3.16891,2.60371,4.918553,4.817306,3.83573,1.360984,3.164683,3.814829,2.647074,2.716108
2021-11-16,3.27326,2.931462,2.893933,3.155129,2.633892,4.84982,4.372418,3.860884,1.69995,3.177856,3.53914,2.279309,2.725471
2021-11-17,3.071719,3.069578,3.010261,3.062927,2.778675,4.281032,4.049338,3.666388,2.046267,3.139415,3.060865,1.824967,2.741644
2021-11-18,3.002091,3.256844,3.161472,3.138944,2.864222,5.062779,4.45605,4.056983,1.170522,3.405394,3.601285,1.794069,2.746515
2021-11-19,3.169132,3.355931,3.238274,3.299852,3.048932,5.007263,4.558822,4.069408,1.246689,3.443394,3.578979,1.533384,3.046788
2021-11-20,3.342145,3.000655,2.847887,3.024604,2.698531,4.827446,4.571207,3.640944,1.296343,3.404232,3.487642,1.672255,3.242806
2021-11-21,3.620374,2.732164,2.730146,2.924227,2.405427,4.330616,4.602146,3.580483,1.296088,3.0684,3.143483,1.753639,3.372475
2021-11-22,3.822794,2.772167,2.744962,3.40031,2.538369,4.693555,4.784726,3.815564,1.282186,3.394511,3.683683,1.639829,2.989289
2021-11-23,3.856417,3.524803,3.505874,3.451541,3.200283,4.839228,4.768245,4.330532,1.311393,2.851947,3.504042,1.763019,2.688724
2021-11-24,4.408293,4.032349,3.994346,4.115868,3.689962,4.952146,4.820687,4.663466,1.57184,2.828737,4.162992,1.578409,2.675635
2021-11-25,5.085284,4.431859,4.330091,4.974112,4.064313,5.413333,4.918956,5.113898,2.608638,2.997,4.880994,1.493635,2.658814
2021-11-26,5.413439,5.16157,5.074136,6.580598,4.96183,6.513656,5.343514,6.264126,3.160095,4.385621,7.813919,1.835187,2.685701
2021-11-27,5.358707,5.582867,5.148003,7.433023,5.026283,7.024742,5.541107,6.174706,3.017835,5.145079,9.075849,2.982535,3.138531
2021-11-28,5.555793,5.553454,5.14677,7.048832,5.027008,6.545096,5.630125,5.823123,2.057431,5.70126,7.892118,3.955103,3.301957
2021-11-29,5.483395,5.37058,5.006194,6.853256,4.897,6.949409,5.322006,6.036267,1.820866,5.878102,7.464713,3.929023,2.933947
2021-11-30,5.235496,4.719744,4.353823,6.323731,4.317767,6.721283,4.608893,5.710492,1.979871,5.49354,6.313591,3.585406,2.388684
2021-12-01,5.99648,4.735177,4.451989,6.687737,4.286566,6.209043,4.35891,5.756953,1.603354,5.103549,5.205966,3.208627,2.047724
2021-12-02,7.215945,4.723202,4.47976,7.460862,4.257782,6.22606,4.930965,5.997765,1.784028,4.701724,5.010535,3.145152,2.542564
2021-12-03,7.13993,4.335883,4.106474,7.083369,3.909815,6.039393,4.709777,5.672803,2.420997,4.490004,4.370293,2.736843,3.067841
2021-12-04,6.651312,4.012109,3.822531,6.039569,3.616232,5.65835,4.489187,4.953289,2.904154,4.136642,3.786409,2.367075,3.585768
2021-12-05,5.699423,3.933407,4.121647,5.323942,3.544643,5.050703,4.308146,5.082972,2.986811,3.799455,3.151059,2.119216,3.330781
2021-12-06,4.930086,4.160019,4.394254,4.328145,3.789509,5.239865,4.042897,5.158189,2.092994,3.557914,3.397534,2.116034,3.847869
2021-12-07,4.850442,4.036954,4.211788,3.995073,3.65704,5.436687,4.048846,5.132012,2.249655,3.485484,2.668849,1.856063,4.093311
2021-12-08,6.44644,4.367237,4.534992,5.108055,4.0413,5.669682,4.087011,5.716385,2.424904,2.985402,2.178296,1.879813,3.934013
2021-12-09,6.731929,4.484521,4.524199,5.872898,4.153901,6.336821,5.33263,6.216759,2.525626,3.119771,2.59588,1.797135,3.879525
2021-12-10,7.658354,4.45292,4.497064,6.657163,4.225314,5.995122,4.687697,6.378262,2.648809,3.212923,2.718953,1.886817,3.787253
2021-12-11,8.252455,4.232979,4.238911,6.296225,3.907725,5.573366,4.28738,5.956366,2.788966,3.155803,2.83974,1.867462,3.732738
2021-12-12,8.699042,4.205165,4.521548,6.413281,3.835992,5.179922,3.966432,6.366094,2.879068,3.119436,2.757892,1.856925,3.672629
2021-12-13,7.555948,4.765442,5.043437,5.976351,4.414523,6.312224,4.298238,6.83068,3.253177,3.78257,3.493833,1.951529,3.380399
2021-12-14,8.310334,5.337334,5.526344,6.919232,4.902654,6.705805,4.566438,7.356204,3.130269,3.474387,3.344105,1.579325,3.00998
2021-12-15,7.500462,6.253105,6.385871,6.681481,5.69758,7.499855,4.840748,7.886362,3.11287,3.269966,2.975906,1.659798,2.865097
2021-12-16,10.155616,7.30474,7.336027,9.278226,6.631685,9.515149,6.255487,9.801572,4.033318,4.404152,3.685409,2.324449,3.138131
2021-12-17,10.246618,7.869417,7.850732,9.887979,7.191495,10.077751,6.078426,10.416089,4.189889,4.331939,3.391695,2.91266,3.38329
2021-12-18,10.329697,7.972836,7.910661,10.414606,7.264024,10.122753,6.069559,10.119399,4.090553,4.123557,3.127084,3.413911,3.654295
2021-12-19,10.662812,8.039259,8.239347,10.839043,7.339217,9.281138,6.023387,10.123148,3.672528,3.956983,2.911676,3.612336,3.848363
2021-12-20,10.349336,9.439161,9.618769,10.481215,8.655889,10.239867,6.932097,10.922483,4.337475,4.714179,3.265494,3.86402,4.012256
2021-12-21,13.874711,10.948883,11.104214,13.393713,9.929126,11.774501,7.752517,13.099185,3.503597,4.569573,3.339403,3.654763,4.022842
2021-12-22,16.006274,12.729524,12.846464,15.139821,11.488971,14.091854,8.871269,15.259791,3.983393,5.310536,3.404428,3.502044,4.019065
2021-12-23,21.339491,14.621326,14.652383,19.720137,13.190625,16.533831,10.556515,18.337347,4.572206,6.502763,5.080952,5.1683,4.40397
2021-12-24,27.458727,16.747597,19.021364,24.881644,15.146135,19.303615,12.244055,25.006388,4.997701,7.919571,6.245764,6.09811,4.682682
2021-12-25,32.07119,19.479645,21.572644,31.089854,17.851074,21.184005,12.969613,28.960868,4.878623,9.019223,7.163911,6.769303,5.060176
2021-12-26,35.665417,18.475009,20.406274,29.932205,17.14456,21.971706,13.294618,26.841123,5.017393,10.284184,7.570562,7.199721,5.295942
2021-12-27,34.868038,18.961899,20.532329,29.72201,17.539942,21.646429,14.123628,26.365171,6.139376,10.620586,8.16818,6.82365,6.416968
2021-12-28,32.111912,19.240596,20.453281,28.386715,17.833318,21.840714,14.55055,25.730632,5.123284,10.439918,7.568656,5.362627,7.550256
2021-12-29,29.869323,19.120595,20.028953,27.410859,17.860345,20.701943,13.614106,24.426865,6.543874,10.135703,7.425542,5.238012,8.174632
2021-12-30,29.309394,18.857625,19.444778,27.817196,17.687676,20.863052,14.778302,24.037289,7.599358,11.186137,8.641214,6.061654,9.205662
2021-12-31,29.687902,21.194713,21.62171,31.153489,19.747522,21.301854,15.627502,26.487749,8.731275,11.882387,9.61793,7.007134,10.303106
2022-01-01,30.484669,21.92552,19.186681,32.311229,20.412236,21.315501,16.067313,27.005003,9.326477,11.510631,9.406099,7.771743,11.117611
2022-01-02,30.240697,19.799666,17.501104,29.336451,18.607147,20.563549,15.705537,24.246504,8.689233,10.944222,7.7584,8.172503,11.958416
2022-01-03,28.960903,18.970239,16.979436,28.076801,17.849662,20.529765,14.851571,23.440232,8.812321,10.834429,8.249632,7.864435,11.634853
2022-01-04,27.370944,18.002609,16.343782,26.03999,17.037325,19.548728,13.638991,22.168396,9.21833,9.424407,8.611279,6.970955,11.121348
2022-01-05,25.534152,16.575794,15.213951,23.846543,15.710905,17.93285,13.086412,20.223422,9.395289,8.555096,8.278732,6.328944,11.280216
2022-01-06,23.539573,15.307173,14.289732,21.676769,14.556461,16.801145,12.377646,18.650417,9.312703,8.568139,8.850094,6.275633,11.031925
2022-01-07,21.952708,14.198909,13.444393,20.143953,13.639367,16.044052,11.640947,17.367048,9.040992,8.0895,8.654577,5.562158,10.536883
2022-01-08,20.157766,12.265756,11.809515,17.730691,11.869298,14.765904,10.663055,14.766552,8.632142,7.58764,8.440086,4.980247,10.007943
2022-01-09,17.78781,10.848171,11.002756,15.89496,10.528507,12.259983,9.897508,13.064967,7.977931,7.182684,8.166955,4.525185,9.539119
2022-01-10,16.614584,10.227867,10.478713,15.144718,9.968627,11.964916,9.526242,12.478057,8.203411,7.190212,8.713739,4.307707,8.377361
2022-01-11,15.304468,10.093242,10.410544,14.479186,9.859749,12.074097,9.532599,12.346884,8.315746,6.902825,8.792761,4.655773,7.28214
2022-01-12,15.040897,9.627635,9.933639,14.344681,9.410493,11.900668,8.641726,12.127935,8.042559,6.833468,8.100746,4.348554,6.546943
2022-01-13,14.717979,9.140453,9.423113,13.884413,8.876553,12.969183,8.808324,12.416606,8.30499,6.920941,8.56799,5.185917,5.856653
2022-01-14,15.098518,8.942357,9.141047,14.810264,8.743225,12.56431,8.592081,12.45851,7.935023,7.117092,8.531788,5.001346,5.134633
2022-01-15,15.154796,8.211262,8.417234,14.135177,7.991866,11.885278,8.170308,11.524169,7.408866,7.081305,8.317386,4.840486,4.663512
2022-01-16,14.829201,7.665315,7.900709,13.933284,7.46689,10.554665,7.749777,11.331146,6.538725,7.070297,7.692294,4.755419,4.339087
2022-01-17,14.716766,7.615959,7.789932,13.962247,7.407442,10.900438,8.015491,11.497915,6.735233,7.366842,7.617432,5.07964,4.359465
2022-01-18,13.981016,7.480299,7.588715,13.607886,7.407469,10.356772,7.762947,11.009473,6.098005,6.729696,7.594156,4.218503,4.492212
2022-01-19,13.999349,7.235932,7.298163,13.19702,7.111288,10.474696,7.147967,10.922597,5.975416,6.236037,7.112113,3.440604,4.590703
2022-01-20,13.89724,7.205035,7.233158,12.713981,6.97833,10.135965,7.077922,10.628416,5.946176,6.183552,7.475963,3.569137,4.865875
2022-01-21,11.834827,7.259325,7.277924,11.399543,7.0721,9.582923,6.768795,9.840794,6.172727,5.972108,7.713731,3.304271,5.971345
2022-01-22,9.918006,6.540112,6.557366,9.194623,6.373321,8.814975,6.363056,8.223193,6.260355,5.653202,7.81101,3.108668,6.90901
2022-01-23,8.315044,6.187563,6.74086,7.558794,6.023373,7.496245,6.032868,7.506624,5.635578,4.918179,7.163061,2.926146,7.712038
2022-01-24,7.700262,6.122349,6.588116,6.698291,5.946257,7.840593,5.865668,7.296795,5.474167,5.425556,6.93355,3.324009,8.329437
2022-01-25,6.623104,6.079523,6.492851,6.230481,5.982493,7.703658,5.354993,7.002546,5.503521,4.907728,6.574233,3.177795,8.220826
2022-01-26,5.651257,6.006614,6.320411,5.452682,5.780329,7.680857,5.5511,6.743948,4.320515,4.887412,5.323471,3.205983,7.553394
2022-01-27,5.107017,5.795109,6.019098,4.737737,5.503444,7.461699,5.675506,6.31705,4.787209,4.86165,5.522716,3.540247,6.130131
2022-01-28,4.493295,5.712622,5.881591,4.867411,5.431716,7.076942,5.335995,6.064544,4.765545,4.644307,5.604714,3.098246,4.63175
2022-01-29,4.00267,5.552474,5.339915,4.842053,4.990759,6.643137,4.943939,5.231241,4.676522,4.431776,5.615058,2.787692,3.605686
2022-01-30,3.892502,5.190248,5.144235,4.242955,4.751266,5.823698,4.604429,4.652999,4.103312,4.253774,4.958838,2.504916,2.729473
2022-01-31,3.453194,4.883257,5.064637,4.133873,4.729195,6.131645,4.909377,4.80758,4.481754,4.315148,5.396872,2.82933,2.956274
2022-02-01,3.647616,4.715081,4.840294,4.304777,4.655639,6.279275,4.484268,4.953807,4.448428,3.944447,4.641886,2.64908,3.331543
2022-02-02,3.656208,4.318063,4.387907,3.957325,4.265364,6.620881,4.248908,4.978625,3.67646,3.535236,4.163865,2.457276,3.740958
2022-02-03,4.040435,4.227671,4.248619,3.972578,4.212058,7.050765,4.520412,5.221305,4.282658,3.79844,7.895232,2.896849,4.441559
2022-02-04,3.808125,4.071876,4.073976,4.072433,4.169054,6.514853,3.812924,5.004946,4.197313,3.653019,7.467001,2.670681,5.033608
2022-02-05,3.560247,3.879252,3.580877,4.010853,3.663971,5.838627,3.15637,4.263239,4.008046,3.409798,6.894286,2.44572,5.695873
2022-02-06,3.394972,3.609521,3.715479,3.70477,3.39496,5.030564,2.771128,3.906034,3.028174,3.189128,6.071347,2.241389,6.193048
2022-02-07,3.720212,3.50304,3.58384,3.80909,3.296221,5.343768,3.02777,4.096323,3.254241,3.432784,6.056822,2.397492,5.935858
2022-02-08,3.648252,3.409107,3.471099,3.777028,3.220927,5.324701,3.095333,4.095507,2.944027,3.299871,5.014386,2.031575,5.364481
2022-02-09,3.455891,3.382478,3.432837,3.605941,3.187891,5.132566,2.899291,4.084418,2.982011,3.220652,4.189749,1.867923,4.79838
2022-02-10,2.593853,3.350753,3.366218,3.578418,3.139044,5.296504,3.116415,4.148417,2.933605,3.111828,4.053287,2.061416,4.371821
2022-02-11,2.483172,3.233852,3.238267,3.334829,3.049245,5.086012,3.111625,4.049111,2.769137,2.975337,3.6921,1.937563,3.882387
2022-02-12,2.324005,2.863646,2.859269,3.057749,2.703083,4.69061,3.026239,3.402372,2.58159,2.814607,3.369968,1.785204,3.494533
2022-02-13,2.222696,2.716514,3.112672,2.739621,2.570146,4.374045,2.956276,3.044625,1.777488,2.655695,2.055681,1.609111,3.201759
2022-02-14,2.643812,2.94737,3.294564,3.113525,2.797345,5.413163,3.082162,3.68577,1.66605,2.968543,2.558978,1.853021,3.076453
2022-02-15,2.84621,3.030387,3.323159,3.018805,2.859893,5.536214,2.859386,3.896686,1.658482,2.900827,1.961632,1.350903,2.860688
2022-02-16,3.233629,3.184489,3.41561,3.047663,2.931159,5.749368,2.934835,4.196758,1.592239,2.912954,1.320791,0.909447,2.674925
2022-02-17,3.525329,3.630051,3.789154,3.187419,3.230659,6.067124,3.338122,4.614087,2.169796,2.904878,2.47195,1.31799,2.93199
2022-02-18,3.441792,3.832871,3.960356,3.111514,3.392151,5.794152,2.94061,4.663514,2.318137,3.068067,2.937469,1.498042,3.092912
2022-02-19,3.273551,3.644175,3.738934,2.99041,3.193199,5.3527,2.415489,4.236164,2.272211,3.160763,2.975009,1.716648,3.224781
2022-02-20,3.150355,3.513916,3.679134,2.851237,3.069787,4.93644,1.974583,3.935761,1.470947,3.23006,1.807839,1.873251,3.390125
2022-02-21,2.939328,3.410436,3.529205,2.921512,3.001806,4.666535,2.133559,3.847639,1.203978,3.055456,2.247985,2.095941,3.152337
2022-02-22,2.762784,3.398473,3.478786,2.925301,3.088531,4.670901,1.760401,3.959464,1.308233,2.727614,2.058112,1.83522,2.821648
2022-02-23,2.655006,3.024889,3.040513,2.728939,2.801913,4.721194,1.40191,3.843217,1.089138,2.805889,1.656702,1.346142,2.656532
2022-02-24,3.082239,3.006079,2.987626,2.62626,2.807253,4.585356,1.679303,3.759957,1.505873,2.70805,1.958263,0.649236,2.838086
2022-02-25,2.918065,2.845534,2.829171,2.648562,2.744345,4.324541,1.793577,3.62078,1.368851,2.132614,1.843626,0.813319,3.105647
2022-02-26,2.714458,2.683899,2.562138,2.598086,2.470135,3.980459,1.820642,3.156984,1.251287,1.617599,1.709849,0.920764,3.267474
2022-02-27,2.517533,2.517445,2.530276,2.337087,2.27276,3.668738,1.823888,2.788322,1.17095,1.210319,1.373722,1.006643,3.273014
2022-02-28,2.852383,2.230995,2.217479,2.481811,2.051298,3.804741,1.674432,2.83449,0.848949,1.729797,1.710386,0.738955,3.265891
2022-03-01,2.866206,2.120549,2.102023,2.418825,1.986424,3.575989,2.000835,2.710576,0.913526,2.053065,1.572146,0.650453,3.335742
2022-03-02,2.783172,2.091568,2.063069,2.370949,1.94534,3.680271,2.013487,2.788416,0.769998,2.409672,1.268892,0.531969,3.069136
2022-03-03,2.816289,2.060196,2.020688,2.238963,1.889651,3.820849,2.383262,2.809659,0.698882,2.240355,2.054174,0.498306,2.547062
2022-03-04,2.564881,1.880598,1.801016,1.990024,1.731334,3.45597,2.362931,2.512679,0.708227,2.082611,1.976432,0.169033,1.699078
2022-03-05,2.303315,1.710903,1.520395,1.776232,1.426153,3.093028,2.214299,2.140601,0.698512,1.785394,1.816407,0.135671,1.019511
2022-03-06,2.090579,1.531815,1.446603,1.467768,1.252197,2.742451,2.073498,1.770972,0.713917,1.529341,1.388122,0.123392,0.462905
2022-03-07,2.388814,1.548852,1.478876,1.371742,1.199706,3.106284,1.803339,2.123952,0.731458,1.499055,1.480401,0.087144,0.169969
2022-03-08,2.363057,1.627688,1.566843,1.385413,1.323008,2.737045,1.937878,1.964252,0.794591,1.201896,1.311201,0.170822,0.02476
2022-03-09,1.863221,1.57357,1.523486,1.174312,1.256298,2.6304,1.753402,1.847326,0.684928,0.766103,0.970291,0.17763,0.074056
2022-03-10,1.794516,1.489899,1.482795,1.151269,1.267054,2.608087,1.476778,1.896352,0.706199,1.107506,0.674522,0.402767,0.027632
2022-03-11,1.459548,1.629096,1.624581,1.086944,1.32975,2.502229,1.579365,1.843726,0.735381,1.079598,0.39522,0.216475,0.012714
2022-03-12,1.321508,1.663898,1.269584,1.045053,1.088613,2.302433,1.627193,1.245913,0.734233,1.082008,0.198856,0.242762,0.008829
2022-03-13,1.211352,1.488923,1.40641,1.062591,1.073673,2.12626,1.683991,1.206133,0.625888,1.00255,0.176169,0.257116,0.013802
2022-03-14,1.135336,1.38572,1.28193,1.14732,1.089145,2.553551,1.926485,1.288287,0.607255,0.962143,0.175561,0.220201,0.179414
2022-03-15,1.178092,1.174821,1.113873,1.134665,1.067405,1.585998,1.530576,1.238908,0.478993,0.76953,0.112845,0.184403,0.362158
2022-03-16,1.119434,1.325048,1.216757,1.134475,1.153406,1.464565,1.372134,1.213553,0.412762,0.730414,0.134377,0.155267,0.493735
2022-03-17,1.07272,1.59108,1.501741,1.180339,1.317982,1.895017,1.225583,1.256054,0.432731,1.014143,0.13364,0.292326,0.635253
2022-03-18,1.108104,1.672202,1.57494,1.167066,1.326205,2.057022,1.345481,1.408535,0.297303,0.851744,0.184014,0.242254,0.737435
2022-03-19,1.152373,1.695277,1.461055,1.193736,1.200896,2.089563,1.319138,1.373034,0.197793,0.834112,0.257882,0.193746,1.128574
2022-03-20,1.222727,1.669297,1.614663,1.327822,1.213173,2.122763,1.4685,1.4208,0.262078,0.876852,0.36953,0.15792,1.4236
2022-03-21,1.349576,1.806489,1.774783,1.375734,1.351666,2.177375,1.374667,1.534537,0.207936,1.427122,0.37058,0.301084,1.411126
2022-03-22,1.387697,1.422477,1.41807,1.371193,1.243919,2.424285,1.476709,1.60478,0.130168,1.341151,0.30332,0.204396,1.473368
2022-03-23,1.419711,1.531349,1.439407,1.451208,1.301711,2.326397,1.008052,1.687416,0.068753,1.286111,0.260798,0.203529,1.401359
2022-03-24,1.680062,1.675486,1.587205,1.512949,1.334657,2.572818,0.87531,2.159325,0.249664,1.284189,0.208123,0.173126,1.233165
2022-03-25,1.534955,1.488688,1.530244,1.562963,1.451052,2.871363,1.007981,2.251704,0.227082,1.196849,0.181946,0.149791,0.756507
2022-03-26,1.443845,1.549692,1.47682,1.581887,1.487888,3.049279,1.087308,2.180129,0.237619,1.107251,0.176784,0.138476,0.386909
2022-03-27,1.36762,1.585789,1.536604,1.509806,1.519196,3.07564,1.139651,2.01821,0.403848,1.017312,0.288765,0.132727,0.274166
2022-03-28,1.434668,1.592479,1.523705,1.334477,1.480294,1.486717,1.063191,1.635615,0.351,1.515001,0.315376,0.113908,0.240398
2022-03-29,1.296998,1.411842,1.429912,1.230552,1.386622,1.37701,1.194012,1.491314,0.344804,1.422583,0.255075,0.143556,0.222269
2022-03-30,1.221384,1.578761,1.459149,1.149394,1.371769,1.312418,1.20534,1.376532,0.316086,1.090417,0.209094,0.143162,0.439222
2022-03-31,1.220871,1.654775,1.500632,1.109355,1.457328,1.308841,0.991268,1.400935,0.384388,1.238743,0.234337,0.154114,0.502803
2022-04-01,1.257627,1.490129,1.358507,0.996396,1.38671,1.239782,1.465088,1.301889,0.424123,1.03037,0.195965,0.161709,0.478093
2022-04-02,1.249895,1.370219,1.186597,0.89826,1.313062,1.182838,1.814496,1.162538,0.433473,0.911548,0.165452,0.172511,0.504451
2022-04-03,1.289849,1.300028,1.575833,0.909313,1.179255,1.136821,2.082945,1.157747,0.328027,0.785332,0.134689,0.176703,0.560802
2022-04-04,1.275367,1.284894,1.527841,0.914852,1.153467,1.162228,2.082983,1.158611,0.381067,1.673025,0.174111,0.204369,0.72898
2022-04-05,1.097071,1.265618,1.47093,0.902434,1.145323,1.121468,1.960691,1.144444,0.34741,1.799781,0.188924,0.244668,1.180531
2022-04-06,1.015278,1.286385,1.462045,0.944843,1.18273,1.054352,1.53294,1.119152,0.27623,1.119235,0.211612,0.238302,1.634106
2022-04-07,0.955626,1.417353,1.562489,1.006915,1.299289,1.0873,1.312457,1.212113,0.342033,1.598422,0.225786,0.28204,1.359397
2022-04-08,0.947564,1.390482,1.498141,1.013106,1.266614,1.118125,1.48733,1.219324,0.293231,1.748799,0.25415,0.349508,0.942258
2022-04-09,0.887945,1.363133,1.440639,0.994803,1.240587,1.156435,1.626371,1.228217,0.267206,1.762549,0.280973,0.401624,0.589813
2022-04-10,0.864324,1.397142,1.599493,1.030976,1.284901,1.193039,1.739679,1.282683,0.32934,1.662005,0.342959,0.432934,0.317803
2022-04-11,1.060618,1.400792,1.56704,1.123774,1.294783,1.124112,1.50955,1.282155,0.333148,2.630612,0.288357,0.378164,0.601177
2022-04-12,1.147125,1.437989,1.487376,1.214026,1.332127,1.243612,1.635554,1.38292,0.339847,1.67469,0.328835,0.31085,0.806607
2022-04-13,1.070926,1.50176,1.601255,1.213578,1.385957,1.452389,1.42635,1.514914,0.310105,1.047663,0.298978,0.361057,0.908977
2022-04-14,1.154256,1.558014,1.631308,1.228156,1.442538,1.416191,1.230965,1.522845,0.311673,1.4061,0.293078,0.408227,0.666502
2022-04-15,1.149161,1.668032,1.717479,1.251823,1.55365,1.478884,1.425877,1.592331,0.375467,1.312392,0.284153,0.477798,0.450223
2022-04-16,1.14926,1.730108,1.670025,1.254026,1.622024,1.515731,1.486496,1.567112,0.426903,1.24317,0.301114,0.68632,0.357946
2022-04-17,1.151743,1.768117,1.625578,1.260912,1.605434,1.554157,1.535095,1.578696,0.476491,1.317576,0.323248,0.833878,0.290421
2022-04-18,1.502916,1.79914,1.723493,1.731323,1.730745,1.882196,1.349154,1.737059,0.467613,2.38852,0.336264,1.186816,0.353715
2022-04-19,1.423197,1.63859,1.578772,1.859914,1.586696,2.810331,1.592668,2.45977,0.459322,2.068617,0.365652,0.917628,0.561538
2022-04-20,1.414092,1.69416,1.761532,1.451004,1.706053,3.141996,1.405466,2.757947,0.408545,1.932739,0.455223,0.572552,0.919677
2022-04-21,1.574366,1.999202,2.04833,1.657642,2.040049,3.416375,1.133592,3.067629,0.426216,2.800758,0.433636,1.3037,1.382885
2022-04-22,1.805327,1.898879,1.875745,1.768907,1.876067,3.835588,1.452969,2.997265,0.388074,2.864733,0.482836,0.851062,2.050101
2022-04-23,1.938432,1.94174,1.919376,1.845662,1.942541,4.036856,1.620377,3.078906,0.353078,2.86907,0.660817,0.47353,2.595928
2022-04-24,2.035955,2.053652,2.048387,1.917475,2.034803,4.133767,1.748814,3.159672,0.338365,2.851443,0.984684,0.298497,3.054111
2022-04-25,2.069095,2.162946,2.252289,1.914537,2.178445,4.901557,1.638119,3.57997,0.529344,4.341647,0.989836,1.443133,3.33156
2022-04-26,2.036002,2.356746,2.401145,1.823247,2.379155,4.504268,1.814206,3.18145,0.438397,3.805313,1.410469,1.304306,3.512962
2022-04-27,2.025185,2.579455,2.548378,1.902427,2.573477,4.510006,1.610763,3.208892,0.336249,4.085108,1.415211,0.965515,3.445566
2022-04-28,2.023127,3.168427,3.105214,1.990229,3.172889,5.084091,1.515864,3.667427,0.491509,5.519228,2.113247,1.251737,3.36076
2022-04-29,2.127937,3.574266,3.513875,2.660688,3.477814,5.591554,1.620124,4.216361,0.609521,4.967304,1.843947,1.443729,3.150478
2022-04-30,2.190416,3.657729,3.177047,2.698863,3.470143,5.49597,1.65215,4.286265,0.671254,4.166833,1.568922,1.549059,2.962555
2022-05-01,2.329857,3.352361,3.16569,2.590401,3.08321,5.020669,1.616558,2.374474,0.720604,3.42943,1.812458,0.656516,2.748464
2022-05-02,2.470771,3.337727,3.138599,2.815172,3.109807,5.205367,1.790419,2.826556,0.720082,4.290104,1.932488,1.034563,2.78446
2022-05-03,2.224357,2.840908,2.501747,2.10454,2.404576,5.501534,2.729217,2.78129,0.689022,4.014524,1.870098,0.968527,2.552236
2022-05-04,2.013219,3.012235,2.706431,2.097353,2.591097,4.321207,2.702709,2.457355,0.551152,2.714033,1.767763,0.885565,2.399832
2022-05-05,1.937027,3.574839,3.321338,2.223472,3.006985,4.821505,2.805736,3.30939,0.545105,2.330431,1.790209,0.940911,2.061997
2022-05-06,1.786237,3.622969,3.381338,2.100578,3.052096,4.272991,3.193646,3.088738,0.547216,1.940856,1.805763,0.803024,2.16348
2022-05-07,1.694624,3.546856,3.059583,2.016114,2.87178,3.651539,3.1409,2.860909,0.718042,1.610791,1.743826,0.673113,1.840441
2022-05-08,1.728621,3.243833,2.934435,2.271131,2.718595,2.95526,3.099138,2.686889,1.069362,1.440157,0.878779,0.574678,1.538439
2022-05-09,1.848696,3.389774,3.145058,2.379837,2.93764,3.281454,2.748823,3.187665,0.575563,2.501414,0.664303,0.825108,0.901109
2022-05-10,1.886223,3.222747,3.132478,2.312404,2.91296,3.281343,2.892811,3.254918,0.566148,2.27113,0.66449,0.886942,0.630911
2022-05-11,2.033503,3.613426,3.52171,2.470042,3.303215,2.998231,2.906801,3.465077,0.562987,3.329605,0.923318,0.937577,0.674021
2022-05-12,2.880189,4.192116,4.012127,2.509181,3.792723,3.281738,3.275096,3.775036,0.678179,3.134386,1.502613,1.458672,0.879265
2022-05-13,3.655493,4.510811,4.331722,3.432693,4.263285,3.982876,3.586265,4.334474,0.987487,3.449273,1.500885,1.559308,0.782707
2022-05-14,3.979656,4.668577,4.236043,4.115374,4.511263,4.45914,3.557264,4.39319,1.190208,3.602231,1.750368,1.614668,0.673745
2022-05-15,4.258629,4.789026,4.297811,4.632498,4.68828,4.791278,3.390312,4.376798,1.37951,3.574897,1.990198,1.65406,0.663597
2022-05-16,4.272343,5.12968,4.686627,5.172979,5.054729,6.161412,3.276172,5.409293,1.447991,4.718095,1.900497,2.589725,0.662626
2022-05-17,5.177849,5.391777,4.992125,6.105434,5.235596,7.329653,3.840696,6.187925,1.465024,4.778313,1.853311,2.41825,0.583881
2022-05-18,5.082387,5.306898,4.9177,5.66627,4.947248,7.070003,4.872058,5.931267,1.631029,4.865811,1.647167,2.128674,0.516751
2022-05-19,5.511755,5.656882,5.280986,5.893769,5.237804,7.600113,5.547169,6.303592,2.166148,5.823375,1.421575,2.973398,0.456123
2022-05-20,5.652339,5.542678,5.214641,6.078247,5.115219,7.309558,5.735831,6.073062,2.655172,6.057551,1.831331,2.960787,0.544664
2022-05-21,5.569298,5.333285,4.497811,5.953508,4.867277,6.769601,5.577048,5.280374,2.888581,5.968216,2.370354,2.871031,0.737886
2022-05-22,5.403973,4.698631,4.183753,5.098782,4.328627,6.180939,5.292351,4.59862,3.089677,5.760691,2.763175,2.737082,0.902556
2022-05-23,4.873713,4.602744,4.202935,4.559049,4.155651,6.044829,5.077024,4.584119,3.102406,6.825855,2.647835,2.824866,1.49962
2022-05-24,4.552728,4.267174,3.927919,4.466623,3.872404,6.20032,4.794812,4.65941,2.905482,6.268404,2.108552,2.080428,2.026042
2022-05-25,3.994513,3.866025,3.558715,3.27459,3.422573,5.632968,4.926804,4.146455,2.903807,6.0779,2.086025,1.848176,2.53843
2022-05-26,3.453049,3.976664,3.734002,2.469519,3.480673,6.181395,4.729448,4.426971,2.558795,5.934837,2.076305,1.942437,3.120783
2022-05-27,3.505538,3.986818,3.783091,2.932758,3.430595,6.11153,4.792238,4.522585,2.365061,5.863465,2.106513,1.766844,3.320613
2022-05-28,3.552549,3.975041,3.521537,3.343362,3.406572,5.900292,5.176709,4.143594,2.14632,5.57779,2.099926,1.572109,3.399748
2022-05-29,3.554986,3.724815,3.588682,3.185077,3.220198,5.664652,5.009971,3.874076,1.868677,5.219702,2.137731,1.468744,3.416339
2022-05-30,4.178397,4.686928,5.441409,3.314078,3.868112,5.774342,5.091839,6.544187,2.618622,4.905494,2.774898,1.688841,3.572696
2022-05-31,4.176183,4.866261,5.539673,3.581213,4.097809,6.165982,5.24751,6.758045,2.786365,5.04331,2.884481,1.597819,3.980295
2022-06-01,4.096396,4.564746,5.179686,3.768793,3.874971,5.645446,4.431139,6.317628,2.643818,4.976722,2.582282,1.330996,3.382522
2022-06-02,4.514483,4.543111,5.045428,3.985497,3.932922,6.015002,4.596418,6.34379,2.642062,4.61149,2.606563,1.747721,3.135419
2022-06-03,4.484177,4.436598,4.842601,4.469555,3.893659,5.802637,4.576076,6.058064,2.553182,4.670205,2.542929,1.57174,3.032884
2022-06-04,4.410926,4.017178,4.330324,4.679988,3.567728,5.462868,4.49763,5.223653,2.345615,4.447255,2.565559,1.475747,2.89475
2022-06-05,4.286608,3.646749,3.814145,4.282093,3.282765,4.806687,4.427917,4.548136,1.864967,4.299926,2.555845,1.39247,2.764946
2022-06-06,4.186522,3.507497,3.58579,4.20264,3.278653,5.010653,4.377278,4.436328,1.919153,4.392144,2.565643,1.54765,2.262862
2022-06-07,4.263041,3.483917,3.494421,4.288319,3.335285,5.330111,4.191647,4.427101,1.965248,4.093141,2.358634,1.394935,2.382686
2022-06-08,3.846403,3.195924,3.145694,3.714796,3.055801,4.713407,3.897944,3.850584,1.941104,3.976468,1.850536,1.349929,2.315366
2022-06-09,3.905067,3.332923,3.232929,3.727688,3.18423,5.253912,4.113372,4.068209,1.927653,3.630353,1.584254,1.698524,1.970982
2022-06-10,3.590561,3.230263,3.087096,3.751437,3.188494,5.382321,4.38431,4.036551,1.316321,3.570498,1.448876,1.678389,2.035511
2022-06-11,3.16954,3.046937,2.903721,3.609859,2.959992,5.234819,4.489517,3.408129,0.825294,3.442667,1.345503,1.668267,2.114755
2022-06-12,2.788534,2.938576,2.920211,2.984918,2.839754,5.064272,4.53645,2.964824,0.732446,3.295416,1.294571,1.664867,2.168792
2022-06-13,2.902901,2.974598,2.962206,3.136777,2.905941,5.35863,4.437399,3.305204,1.109142,3.920188,1.460893,2.066234,2.358344
2022-06-14,2.979529,3.102757,3.076098,3.197179,2.999694,5.274826,4.713914,3.43337,1.192943,3.911106,1.750808,1.860741,2.628069
2022-06-15,2.656656,2.851497,2.804013,2.870128,2.762125,4.610157,4.216636,3.159773,1.2402,3.720679,1.709993,1.842608,2.594077
2022-06-16,2.998199,2.981027,2.918126,3.050621,2.892242,5.032641,4.227347,3.558899,1.515409,3.750889,1.590415,2.032379,2.262567
2022-06-17,3.020473,3.431876,3.392932,3.41971,3.337646,4.861723,4.495449,3.836455,1.529637,3.65142,1.675472,1.820738,2.075288
2022-06-18,2.931356,3.180988,3.154748,3.495611,3.07799,4.562324,4.521151,3.450678,1.508172,3.499769,1.727212,1.655426,1.987776
2022-06-19,2.884529,2.95524,2.891466,2.970892,2.858558,4.311021,4.450092,3.196647,1.34604,3.050565,1.850457,1.537614,2.102171
2022-06-20,2.927744,2.963057,2.882008,3.039342,2.870057,4.849501,4.308516,3.58502,1.58587,2.862612,1.891325,1.928741,1.951167
2022-06-21,3.065809,3.104218,3.010947,3.264466,2.971854,5.020874,5.12994,3.77295,1.920826,2.849672,2.358376,1.797844,1.946907
2022-06-22,2.974367,3.078152,3.013408,3.058864,2.974544,4.636337,4.30796,3.671005,1.766979,2.604341,2.400127,1.572389,2.117969
2022-06-23,3.249329,3.260095,3.200715,3.428242,3.131086,5.105605,4.17053,4.100377,2.168059,2.266016,2.3204,1.833001,2.15352
2022-06-24,3.633537,3.301846,3.222005,3.654941,3.220716,5.206814,4.681151,4.177337,2.095537,2.538357,2.519298,1.688673,2.17421
2022-06-25,3.855903,3.297052,3.123008,3.747966,3.062265,5.072661,4.886112,3.773285,2.065373,2.695014,2.671062,1.62435,2.149479
2022-06-26,3.977939,3.206161,2.986573,3.441268,2.936671,4.974419,5.06977,3.494813,2.043824,2.471742,2.847456,1.602457,2.24362
2022-06-27,3.837579,3.222804,3.030503,3.720994,2.992088,5.230496,4.640858,3.820832,2.255114,2.53611,2.808524,1.715741,1.98757
2022-06-28,4.14769,3.235153,3.068217,3.928586,3.072622,5.45721,4.748825,4.012376,2.087613,2.721342,2.892892,1.531512,1.857364
2022-06-29,4.214874,3.12082,2.988274,3.76393,2.928818,4.827413,4.09773,3.809113,1.947837,2.503898,2.553102,1.442228,1.682921
2022-06-30,4.185429,3.196897,3.06019,3.928362,3.038526,5.459751,3.707767,4.266711,1.945287,2.445779,2.559552,1.770358,1.540481
2022-07-01,4.259155,3.283496,3.175418,4.107515,3.212001,5.868851,3.555216,4.599069,1.510201,3.154023,2.443192,1.475866,1.420871
2022-07-02,4.560219,3.304687,3.069396,4.175455,3.286168,6.181589,3.458792,4.523096,1.216452,3.514709,2.388811,1.301013,1.258787
2022-07-03,4.618731,3.266234,3.265235,3.901554,3.200867,6.346626,3.328447,4.434473,1.143451,3.743286,2.633359,1.144309,1.158212
2022-07-04,4.995694,3.780413,5.39126,4.370238,4.244328,7.457136,3.93974,6.242979,1.917046,3.693551,2.702748,1.696747,1.124222
2022-07-05,5.893909,4.111111,5.540349,5.137306,4.566549,8.290488,4.245091,6.884834,2.068621,4.188727,2.543078,1.654307,1.350211
2022-07-06,4.945923,4.223294,5.421112,4.570089,4.486683,7.622649,4.288872,6.441745,2.236579,3.864209,2.463251,1.765519,1.547214
2022-07-07,4.480432,4.372739,5.349786,4.268038,4.495896,7.25808,4.06773,6.25659,2.330963,4.039798,2.393861,1.788804,1.435507
2022-07-08,4.54764,4.547244,5.318842,4.523309,4.598575,7.410832,4.116214,6.318614,2.236136,4.18589,2.513096,1.782944,1.560746
2022-07-09,4.45204,4.12731,4.694583,4.546728,4.100654,7.106151,4.026169,5.299632,2.156724,4.129049,2.605775,1.828601,1.843596
2022-07-10,4.327923,3.836484,4.45234,4.009289,3.742845,5.88949,3.911079,4.537527,2.340993,3.983956,2.560471,1.891071,2.006298
2022-07-11,4.039271,3.882662,4.315601,3.883832,3.714679,5.806594,3.654849,4.488756,2.239759,3.701623,2.594572,1.831164,1.993501
2022-07-12,4.869944,3.832747,4.108762,4.282437,3.719804,6.545587,3.870821,4.936344,2.014668,3.633858,2.628432,1.262516,2.329768
2022-07-13,4.03348,3.629044,3.795029,3.692106,3.487129,5.79277,3.117473,4.521061,1.869063,3.093454,2.271722,1.333751,2.488657
2022-07-14,3.898191,3.817829,3.869019,3.708302,3.567377,5.851135,3.33271,4.587307,1.903544,3.166753,2.395118,1.492959,2.174879
2022-07-15,4.284787,3.973585,3.967174,4.057781,3.773576,6.093045,3.489213,4.843515,1.631436,3.41439,2.209737,1.765341,2.042098
2022-07-16,4.42049,3.505668,3.441159,4.180712,3.36495,6.137156,3.517611,4.398105,1.406402,3.500585,2.120142,2.013624,1.930233
2022-07-17,4.475653,3.230524,3.423953,3.760658,3.119772,6.133433,3.577044,4.101022,1.463751,3.543099,2.419992,2.204076,1.989062
2022-07-18,4.405809,3.466535,3.615935,3.778492,3.306296,6.695492,3.711705,4.601539,1.764509,3.559483,2.654219,2.278284,1.703799
2022-07-19,4.900044,3.658042,3.768092,4.370501,3.573174,7.207574,3.931719,5.125891,1.608133,3.565541,2.540914,2.073387,1.611584
2022-07-20,4.178603,3.438255,3.514355,3.782436,3.350276,6.534916,3.272412,4.769004,1.667032,3.079651,2.553893,2.000137,1.578094
2022-07-21,4.228848,3.843011,3.873281,3.878949,3.648891,6.753542,3.699858,5.058891,1.66742,3.124103,2.458755,2.427278,1.433734
2022-07-22,4.307451,3.86944,3.861613,4.048043,3.762312,7.223463,3.805661,5.37153,1.576387,3.072375,2.251538,2.390546,1.289003
2022-07-23,4.257563,3.800229,3.62322,4.107556,3.598011,7.247929,3.826676,4.861146,1.533518,2.991941,2.103021,2.432601,1.224814
2022-07-24,4.202788,3.60504,3.463862,3.842312,3.433873,7.128568,3.805316,4.412057,1.532229,2.916061,2.267188,2.42544,1.228212
2022-07-25,3.935501,3.620254,3.493885,3.75891,3.436708,7.47786,3.808475,4.769376,1.539302,2.76671,2.746666,2.513392,1.19579
2022-07-26,4.488212,3.639761,3.524329,4.115671,3.490582,7.926722,4.039768,5.172761,1.672381,2.853541,2.601561,2.240001,1.005366
2022-07-27,3.962783,3.509495,3.417085,3.7313,3.313812,6.889544,3.498447,4.734065,1.749318,2.481365,2.348271,2.185396,0.825105
2022-07-28,4.484905,3.846743,3.786673,4.027141,3.648243,7.422591,3.391849,5.337206,1.696636,2.614203,2.424846,2.132008,0.731106
2022-07-29,4.829593,4.213079,4.180837,4.369112,4.016548,7.621332,3.604114,5.711491,1.953869,3.15714,2.388279,2.164669,0.68122
2022-07-30,4.920133,4.375925,3.873706,4.47251,3.732133,7.426326,3.625213,5.028253,2.176543,3.530485,2.372483,2.21562,0.705751
2022-07-31,4.968257,3.989836,3.551183,3.957158,3.456135,7.062127,3.574179,4.446689,2.38324,3.196617,2.353237,2.274118,0.756592
2022-08-01,4.399998,3.758905,3.385291,3.642921,3.287025,6.002181,3.416524,3.996275,2.357827,3.075668,2.519257,1.981697,0.779186
