time_value,263,264,267,268,270,273
2020-08-01,3.876395,3.796379,1.367689,5.562617,2.624626,9.802882
2020-08-02,3.682298,3.751481,1.338026,5.038613,2.321035,10.167563
2020-08-03,3.508811,3.755474,1.296234,4.525037,2.07088,12.185428
2020-08-04,3.713604,4.020351,1.563409,4.460612,1.920737,11.480299
2020-08-05,3.550657,4.037697,1.717942,4.133573,1.740933,11.150731
2020-08-06,3.933869,3.944557,2.016683,4.055606,1.704571,10.890233
2020-08-07,4.151002,3.86164,2.45592,4.021757,1.887979,10.556203
2020-08-08,4.22306,3.742039,2.676369,3.970486,1.98402,11.025735
2020-08-09,4.356474,3.71462,2.621624,4.685342,2.002541,12.232662
2020-08-10,4.557836,3.842423,2.540832,4.958999,2.066009,13.818367
2020-08-11,4.783325,4.159802,2.495856,4.818621,2.133667,13.347423
2020-08-12,4.330317,4.582247,2.646566,5.040579,2.161501,12.875553
2020-08-13,4.391841,4.307685,2.734828,4.879434,2.108709,12.484171
2020-08-14,4.867169,3.937043,2.462946,4.852784,2.330543,12.130467
2020-08-15,4.923456,3.691234,2.724595,4.779333,2.481447,11.555452
2020-08-16,5.102805,3.491694,2.991227,5.051865,2.679749,12.018145
2020-08-17,5.25943,3.373136,3.168302,5.047076,2.856887,12.551775
2020-08-18,5.192218,3.826971,3.078513,4.694076,2.946531,11.662694
2020-08-19,4.838017,4.2894,2.684577,4.550717,3.027819,10.822521
2020-08-20,4.84589,4.384609,2.715251,4.712046,3.056364,10.50644
2020-08-21,4.24348,4.685939,2.497597,5.039953,3.600189,10.406429
2020-08-22,4.502037,5.057724,2.636098,4.932216,3.317202,10.112493
2020-08-23,4.733416,5.361771,2.716472,5.180464,3.096744,10.411039
2020-08-24,4.834886,5.161485,2.791922,5.277898,2.953927,11.410184
2020-08-25,5.360516,4.874789,2.769339,5.246995,2.887762,11.083262
2020-08-26,5.407487,5.216385,2.995181,5.240778,3.078067,10.863132
2020-08-27,5.316232,5.070444,3.335616,5.400986,3.337654,10.661345
2020-08-28,5.882253,5.041358,3.584033,5.383535,3.621259,10.529834
2020-08-29,6.581273,5.39488,3.689019,5.166585,4.126478,9.61722
2020-08-30,7.174876,5.806136,3.891268,5.279193,4.596119,8.810024
2020-08-31,7.706234,6.356684,4.050418,5.48727,4.939207,8.446187
2020-09-01,8.319485,6.557459,4.643416,5.65633,5.094015,8.488947
2020-09-02,7.555336,6.848662,4.42733,5.4363,5.087262,8.734946
2020-09-03,7.487684,7.125765,4.93099,5.210838,5.805297,9.117683
2020-09-04,6.906945,7.304978,5.207092,5.322951,5.773309,9.420916
2020-09-05,6.673303,7.063909,5.486701,5.228403,5.959434,9.613348
2020-09-06,6.429697,6.900975,5.643007,5.442458,6.29528,10.429912
2020-09-07,6.279643,6.946645,5.593069,4.993809,6.530367,11.333928
2020-09-08,6.273221,8.548934,5.605498,5.611266,7.150454,15.952204
2020-09-09,7.324076,8.850203,5.944357,5.897289,7.060585,15.620654
2020-09-10,7.089253,8.460663,5.670937,5.718926,6.721869,14.617374
2020-09-11,7.064882,7.89209,5.673347,5.689407,6.768709,13.998485
2020-09-12,7.153981,6.955576,5.429124,5.64808,6.202285,13.32209
2020-09-13,7.149207,6.317336,5.287067,6.000442,5.739727,12.513645
2020-09-14,7.015525,6.289096,5.121276,6.143424,5.693675,11.892356
2020-09-15,7.183625,5.956958,5.370452,6.088601,5.834915,11.303028
2020-09-16,7.500589,5.74688,5.283381,6.412858,6.016662,10.707631
2020-09-17,6.736068,5.313648,5.205343,6.193288,6.231923,9.83202
2020-09-18,5.824332,4.958552,6.37251,6.130852,5.973309,9.5377
2020-09-19,5.515513,4.82873,6.296887,6.006861,5.993268,9.454895
2020-09-20,5.433178,4.781992,6.12085,5.884479,6.053629,9.151356
2020-09-21,5.553915,4.75923,5.872199,6.164781,6.281499,9.593414
2020-09-22,6.207627,5.133403,6.422201,6.244813,6.746654,9.811353
2020-09-23,6.378579,5.490955,5.770611,6.55192,7.083899,9.907173
2020-09-24,6.668621,5.342125,5.688726,6.984269,7.242235,9.751607
2020-09-25,6.98381,5.463014,5.658104,7.247992,7.472561,9.932028
2020-09-26,6.419966,5.47311,5.190306,7.391526,7.441369,9.568458
2020-09-27,5.99097,5.482482,4.772984,7.433475,7.462272,9.299226
2020-09-28,5.778562,5.354102,4.378917,7.245425,7.557175,9.538834
2020-09-29,6.033453,5.679263,4.41087,6.877339,7.567054,9.636042
2020-09-30,6.438014,6.089366,3.981749,6.928956,7.783546,9.535772
2020-10-01,5.940514,5.834323,3.679753,6.858772,7.429366,9.538315
2020-10-02,5.397589,5.551221,3.691523,6.659794,7.383659,9.264994
2020-10-03,5.539239,5.284233,4.090514,6.518963,7.05214,9.34499
2020-10-04,5.693236,5.101572,4.509093,6.419653,7.211837,9.595292
2020-10-05,5.835198,4.919819,4.852809,6.621385,6.569499,10.296799
2020-10-06,6.330172,5.40576,5.332456,6.769014,6.576152,10.601166
2020-10-07,6.0099,5.868537,5.363023,7.086035,6.550301,11.024532
2020-10-08,6.703401,6.165925,4.970956,7.379481,6.263188,11.000445
2020-10-09,7.042314,5.857559,4.914812,7.49162,7.007252,10.833833
2020-10-10,6.629397,5.88144,5.152697,7.82565,6.591939,10.740465
2020-10-11,6.231661,5.848205,5.295232,7.941397,6.306539,10.527808
2020-10-12,5.911916,5.855588,5.322747,8.413881,6.354476,10.978084
2020-10-13,6.624184,6.230901,5.463941,8.272477,7.064455,10.869906
2020-10-14,6.466802,6.21494,5.313037,8.22704,7.11569,11.048228
2020-10-15,6.401821,6.017066,5.295452,8.014467,6.988301,10.827209
2020-10-16,6.27009,6.001311,4.761196,7.755362,7.02144,10.757046
2020-10-17,6.037379,6.066898,4.667444,7.539246,6.472665,10.395575
2020-10-18,5.740037,6.118834,4.603314,7.298101,6.092259,10.797647
2020-10-19,5.540094,5.844827,4.510564,7.060915,5.936035,11.18181
2020-10-20,6.033511,6.450143,4.699536,7.073643,6.342285,11.464128
2020-10-21,6.043183,6.780011,5.08734,7.550812,6.623958,11.853697
2020-10-22,5.772903,6.628458,5.470898,7.444248,6.509043,11.918019
2020-10-23,5.925609,6.695035,5.889082,7.558636,6.948714,11.93134
2020-10-24,5.749326,6.829101,6.30376,7.560612,7.129196,12.247463
2020-10-25,5.680413,6.92138,6.540213,8.195839,7.196812,12.571482
2020-10-26,5.639101,6.757262,6.674173,8.780155,6.985681,13.334172
2020-10-27,6.275125,7.783096,8.132617,8.931327,7.566176,13.597216
2020-10-28,6.206169,7.804568,8.692908,9.064469,7.666472,13.693939
2020-10-29,6.599355,7.929367,8.136414,8.932636,7.828212,13.806821
2020-10-30,6.523605,8.572616,7.86669,9.197696,7.77898,14.204914
2020-10-31,5.99087,9.184194,7.770573,9.59096,6.956581,14.385367
2020-11-01,5.656974,9.594298,7.509679,10.784244,6.345067,15.334004
2020-11-02,5.455359,9.157658,6.970995,9.684005,6.329504,15.698244
2020-11-03,6.171471,10.716336,7.334504,9.872721,6.84223,16.237263
2020-11-04,7.327012,11.30274,6.896703,9.952502,7.064769,16.604733
2020-11-05,8.266452,11.529474,7.496875,10.075596,7.498615,16.799241
2020-11-06,9.490308,13.157066,8.066817,11.081254,7.892695,17.277207
2020-11-07,10.446331,13.663461,8.387352,11.671364,8.192131,17.678241
2020-11-08,11.067173,14.027501,8.548839,12.719044,8.478289,18.619564
2020-11-09,11.4744,13.910131,8.59911,13.100589,9.114226,19.71785
2020-11-10,12.411892,14.951304,8.840643,13.713164,9.33408,19.712982
2020-11-11,13.259671,15.086679,9.150011,13.785976,9.275676,19.747557
2020-11-12,13.934108,14.686299,9.441371,13.450838,9.622335,19.145311
2020-11-13,14.162958,14.835532,10.485271,13.494181,9.158383,18.678494
2020-11-14,13.980895,14.874969,10.318396,13.289287,9.348416,18.553661
2020-11-15,13.684747,14.869707,10.172039,13.277442,9.637401,19.009732
2020-11-16,13.237229,14.223193,10.033393,13.66238,10.00594,19.696621
2020-11-17,14.126246,14.976704,9.978217,14.226696,10.237264,19.557606
2020-11-18,13.792131,14.845364,9.89997,14.241769,9.576162,19.375102
2020-11-19,13.817793,14.232457,10.023659,13.963273,9.877638,19.22326
2020-11-20,13.163475,14.258724,10.197549,14.501996,9.646429,18.841614
2020-11-21,12.377032,14.252719,9.901012,14.50659,8.825293,18.907351
2020-11-22,11.802046,14.248334,9.65866,14.739134,8.296135,19.435626
2020-11-23,11.313265,14.467851,9.384312,14.702202,8.477384,20.786637
2020-11-24,12.033029,14.202065,9.539296,14.904495,9.397106,20.458441
2020-11-25,12.543098,13.343742,9.379778,14.67714,8.928497,20.299196
2020-11-26,12.520056,13.163453,9.454912,14.557614,9.674783,20.024949
2020-11-27,12.794071,13.11483,9.484207,13.130962,10.309386,26.261846
2020-11-28,13.52537,17.646978,10.00085,17.259673,12.363229,29.731104
2020-11-29,14.071993,20.058949,10.46961,17.432181,13.697485,29.047929
2020-11-30,15.529768,18.89277,10.926147,17.194652,13.418962,28.138336
2020-12-01,15.372298,18.025958,10.902935,16.726592,13.280022,26.047794
2020-12-02,13.830739,16.2045,10.013165,15.151747,12.111792,23.983988
2020-12-03,13.005725,14.55487,9.890706,14.214358,11.238057,21.574635
2020-12-04,12.309795,13.279396,9.487056,14.517071,10.019222,19.478305
2020-12-05,11.174355,11.776509,8.830257,13.594251,9.34257,17.841113
2020-12-06,10.471143,10.705671,8.427368,13.340863,8.915515,17.381202
2020-12-07,9.898389,10.188779,8.058252,13.919204,8.906624,17.462593
2020-12-08,10.946853,10.464834,8.200378,14.345136,9.918536,16.375658
2020-12-09,10.191545,9.591879,7.873763,13.773687,9.426648,15.717069
2020-12-10,10.130532,8.965336,7.290986,12.922968,9.479634,14.957063
2020-12-11,9.198377,8.991286,7.683903,13.159794,9.317776,14.571425
2020-12-12,8.468321,8.69274,7.877221,12.492795,9.583967,14.262776
2020-12-13,7.924021,8.557441,7.995825,13.047622,9.828082,15.00207
2020-12-14,7.658906,9.031924,7.971908,13.342652,10.004205,16.219347
2020-12-15,8.238287,9.733044,8.134608,13.591159,11.171214,16.464945
2020-12-16,8.682607,9.823663,7.95054,13.168631,10.809397,16.556416
2020-12-17,9.102505,9.263128,8.40232,13.115219,10.609274,16.097792
2020-12-18,9.337293,9.656246,8.286867,13.464616,10.181484,16.077889
2020-12-19,9.122365,10.175041,8.606547,13.140329,9.413433,15.947867
2020-12-20,9.07274,10.662825,8.771532,13.830733,9.006866,16.726416
2020-12-21,9.131848,11.517102,8.799111,14.173215,9.952701,18.367555
2020-12-22,10.092208,12.410934,9.88439,15.253047,11.180045,18.296035
2020-12-23,9.718156,12.57372,9.475706,15.208182,10.690685,18.295744
2020-12-24,9.786936,12.690174,9.345828,15.892875,10.60751,18.326886
2020-12-25,9.782207,15.718241,9.238238,19.668311,12.725744,22.590325
2020-12-26,9.828577,17.976883,9.155313,18.198929,14.308941,25.789624
2020-12-27,9.944062,19.430808,9.146163,18.957529,15.102412,25.592095
2020-12-28,10.099428,19.203219,9.09448,18.152984,14.391922,25.413216
2020-12-29,10.094135,18.613539,10.031686,18.216283,14.777289,23.70097
2020-12-30,9.384992,16.797925,10.065535,17.533119,13.915447,21.977605
2020-12-31,9.516565,15.90594,9.714421,17.988997,13.209916,20.79722
2021-01-01,9.676784,14.815394,10.321774,17.784304,12.710524,21.459772
2021-01-02,9.853805,13.954344,10.204177,14.316281,12.308668,21.623109
2021-01-03,10.223095,13.573225,10.111013,12.848044,12.045681,19.428089
2021-01-04,10.359447,12.233879,9.898143,11.451715,11.051593,17.468946
2021-01-05,9.902019,11.421465,10.046689,10.503716,10.498528,15.351461
2021-01-06,8.786821,9.808629,9.621027,9.447611,9.343272,13.469404
2021-01-07,7.720829,8.347591,9.793839,8.768534,8.240628,11.844806
2021-01-08,7.452052,7.773874,9.341787,8.271877,7.556574,10.45616
2021-01-09,6.599658,6.848821,8.230445,7.832754,6.858265,9.119601
2021-01-10,5.777404,6.199532,7.394841,7.790971,6.479859,8.757135
2021-01-11,5.055646,5.676373,6.856867,8.293037,6.667668,8.785616
2021-01-12,5.067983,6.331811,6.70268,8.309991,7.610139,8.503678
2021-01-13,4.859322,5.569033,6.161042,8.068984,6.910835,8.256327
2021-01-14,4.157707,4.96257,5.998252,8.107696,6.511308,8.178266
2021-01-15,3.846681,4.968314,5.93195,7.96503,5.989944,8.469506
2021-01-16,3.422699,4.865953,5.352927,7.817857,5.515625,8.721667
2021-01-17,3.036068,4.687648,4.929947,8.456254,5.359459,9.242546
2021-01-18,2.789397,4.195047,4.678501,9.21143,6.270397,9.978517
2021-01-19,3.43499,5.113936,4.717518,9.252553,7.097838,10.245622
2021-01-20,3.332808,4.347515,4.732612,8.900648,6.877226,10.293079
2021-01-21,3.515825,3.779216,4.435532,8.488059,6.52048,9.752294
2021-01-22,3.824633,3.920502,4.338754,8.04923,6.614131,9.550967
2021-01-23,4.263053,3.761665,4.516142,7.914814,5.970253,9.269889
2021-01-24,4.602882,3.495822,4.737364,8.370347,5.536241,9.776965
2021-01-25,4.839621,3.096706,4.951767,8.441215,5.957619,10.55855
2021-01-26,5.347365,3.610562,5.027607,8.332882,6.042806,10.542913
2021-01-27,4.868419,3.732836,5.544036,8.107627,5.710481,10.302521
2021-01-28,5.321566,3.214046,5.745446,8.130619,5.145211,9.877204
2021-01-29,4.794626,3.445389,5.929755,7.771214,5.093785,9.561356
2021-01-30,4.322606,3.327388,5.546361,7.385035,4.754318,8.918647
2021-01-31,3.938831,3.2363,5.23088,7.420697,4.487047,8.971678
2021-02-01,3.584436,2.862605,4.888573,7.173054,4.499658,9.170839
2021-02-02,4.246322,3.477462,4.85339,6.789497,5.106888,8.894813
2021-02-03,4.335557,3.085736,4.50558,6.494379,5.026909,8.742812
2021-02-04,3.79103,2.735089,4.176778,6.593879,4.910217,8.439702
2021-02-05,4.114224,3.182292,3.825445,6.305407,5.172055,8.312042
2021-02-06,3.483475,3.018075,3.740567,6.269521,5.640489,7.990043
2021-02-07,2.938711,2.851405,3.606868,6.426782,5.978208,8.113332
2021-02-08,2.551857,2.736948,3.507891,7.010109,5.948212,8.654201
2021-02-09,3.475563,2.786371,3.793011,7.145153,6.119316,8.70724
2021-02-10,3.144907,2.591932,4.493378,7.065478,5.704426,8.736085
2021-02-11,3.089707,2.942798,4.353076,7.093302,6.14165,8.621451
2021-02-12,3.056218,2.673188,4.367481,6.464613,5.456199,8.378693
2021-02-13,3.03551,2.65366,4.433554,6.106854,4.571293,7.940557
2021-02-14,3.027224,2.597735,4.407198,6.128928,3.846381,7.664214
2021-02-15,2.967014,2.502285,4.363866,6.125506,3.353266,8.014132
2021-02-16,3.668108,2.105552,4.291557,5.803149,2.976084,8.321472
2021-02-17,4.147585,2.139153,4.306666,5.553021,2.650692,8.694474
2021-02-18,3.878861,2.169824,4.223887,5.779505,2.356259,8.38279
2021-02-19,3.860339,1.902896,3.64248,5.390752,2.706003,7.829926
2021-02-20,3.443604,2.262639,3.222773,4.882944,2.832233,7.225605
2021-02-21,3.067098,2.474127,2.86026,4.977044,2.955143,6.921187
2021-02-22,2.750822,2.036027,2.643484,5.286208,2.955005,7.040369
2021-02-23,2.572094,2.16519,2.387202,5.230043,2.726096,6.656845
2021-02-24,2.107639,2.03845,2.217058,4.709312,2.576338,6.338465
2021-02-25,1.795338,2.12393,1.942482,4.665427,2.379143,5.919924
2021-02-26,1.532813,1.876535,1.653455,4.33607,2.12733,5.433784
2021-02-27,1.058208,1.774124,1.31903,3.964732,2.178638,5.120245
2021-02-28,0.78621,1.650419,1.052684,4.127594,2.211849,5.385164
2021-03-01,0.633836,1.434611,0.833411,4.104951,2.083761,5.59025
2021-03-02,0.502239,1.315094,0.956223,4.032197,2.119145,5.432469
2021-03-03,0.654082,1.394875,0.917254,3.778482,2.290459,5.337285
2021-03-04,0.707054,1.263916,1.047469,3.900906,2.182233,5.195865
2021-03-05,0.702131,1.118308,1.176361,3.918409,2.011178,4.864579
2021-03-06,0.714715,1.009776,1.159995,3.732978,1.73329,4.773437
2021-03-07,0.737776,0.962549,1.181895,4.244913,1.561646,4.90146
2021-03-08,0.85277,0.863712,1.276885,4.655797,1.900085,5.772466
2021-03-09,1.223783,0.842373,1.493959,4.530085,2.100542,5.848695
2021-03-10,1.458919,0.955338,1.50399,4.362016,2.129826,5.869266
2021-03-11,1.428369,0.99662,1.531683,4.533433,2.006216,5.773748
2021-03-12,1.36487,0.922774,1.64515,4.244241,1.786325,5.676624
2021-03-13,1.217719,1.009664,1.51867,3.90306,1.863755,5.434194
2021-03-14,1.161228,1.070983,1.387343,4.109047,1.936124,5.816932
2021-03-15,1.131171,1.042475,1.275154,4.099265,1.820678,6.568237
2021-03-16,1.276772,1.073501,1.112427,3.921255,1.87088,6.457962
2021-03-17,1.197921,1.216106,1.233165,3.836966,2.079433,6.40997
2021-03-18,1.173636,1.124003,1.481106,4.106538,2.105234,6.395794
2021-03-19,1.246704,1.002224,1.840905,3.831367,2.192403,6.098853
2021-03-20,1.018438,1.062926,1.986037,3.525723,2.003532,5.724685
2021-03-21,0.877127,1.114768,2.113674,3.321423,1.913304,5.830498
2021-03-22,0.800295,1.182452,2.204921,3.853162,2.037735,6.476486
2021-03-23,1.210005,1.270183,1.999138,3.659425,2.172562,6.296793
2021-03-24,1.519879,1.279603,2.089423,3.570916,2.248274,6.232346
2021-03-25,1.647047,1.206246,1.842885,3.696067,2.174353,5.844719
2021-03-26,1.42344,1.203504,2.024825,3.625315,2.074555,5.468387
2021-03-27,1.74908,1.190744,1.889551,3.410918,2.179508,5.367253
2021-03-28,2.015928,1.185219,1.855426,3.069426,2.263331,5.485872
2021-03-29,2.194924,1.154908,1.832376,3.082409,2.257787,5.860533
2021-03-30,2.236719,1.010874,1.454961,3.05859,2.144193,5.682034
2021-03-31,1.966083,1.020773,1.23558,3.007853,2.129235,5.40252
2021-04-01,1.677146,1.052714,1.076942,2.956045,1.781675,5.360185
2021-04-02,1.763262,1.071678,1.161385,2.702488,1.890044,5.247587
2021-04-03,1.439756,0.913285,1.17719,2.821453,1.834927,5.149138
2021-04-04,1.203025,0.802592,1.21776,3.197258,1.75798,5.468666
2021-04-05,0.999063,0.898085,1.194107,2.935416,1.725349,5.556208
2021-04-06,1.373226,1.010039,1.019586,2.921067,1.731585,5.194431
2021-04-07,1.414824,1.103006,1.066083,2.816976,1.766571,5.020582
2021-04-08,1.269449,1.026475,0.835682,2.899093,1.911543,4.857922
2021-04-09,1.217213,0.899606,0.780337,2.815006,1.816812,4.653794
2021-04-10,1.169088,0.961519,0.851111,2.678149,1.872907,4.442106
2021-04-11,1.139705,1.026508,0.940933,2.589301,1.857442,4.225657
2021-04-12,1.133155,1.01147,0.996387,2.938786,1.650544,4.168101
2021-04-13,0.991369,1.075147,1.155007,2.873022,1.72799,4.125505
2021-04-14,1.121577,0.993982,1.030063,2.869493,1.777061,4.153718
2021-04-15,0.926314,0.935392,1.159197,3.012488,1.658346,4.046277
2021-04-16,1.068198,0.907915,1.128324,3.060192,1.670396,4.017977
2021-04-17,0.856065,0.881179,1.051618,3.036964,1.593616,3.554753
2021-04-18,0.720905,0.834991,0.978452,3.176647,1.520171,3.242281
2021-04-19,0.622597,0.814324,0.924518,3.604113,1.539936,4.082495
2021-04-20,0.772822,0.745185,1.106924,3.474314,1.703891,3.933797
2021-04-21,0.97952,0.886433,1.052715,3.451825,1.547238,3.851507
2021-04-22,1.222781,0.857045,1.04311,3.575723,1.529694,3.59517
2021-04-23,1.322539,0.822759,0.843385,3.511306,1.731618,3.307875
2021-04-24,1.440718,0.684524,0.844209,3.482515,1.797436,2.99286
2021-04-25,1.591516,0.580841,0.832562,3.507721,1.870983,2.860284
2021-04-26,1.676549,0.637438,0.795466,3.753356,1.932052,2.986508
2021-04-27,1.742534,0.594648,0.915747,3.553227,1.863875,2.832028
2021-04-28,2.083381,0.602254,0.800766,3.474931,2.067066,2.816882
2021-04-29,1.918324,0.610129,1.012661,3.388025,1.954755,2.588148
2021-04-30,1.898799,0.633277,0.954003,3.375029,1.905572,2.670485
2021-05-01,1.734328,0.562233,1.176516,3.272187,1.940643,2.431586
2021-05-02,1.573182,0.523129,1.303587,3.001373,1.950912,2.353034
2021-05-03,1.434274,0.628179,1.390254,3.180347,1.892759,2.376194
2021-05-04,1.353596,0.772696,1.4414,3.082701,1.812693,2.325474
2021-05-05,1.375692,0.887246,1.366025,3.017076,1.539274,2.334007
2021-05-06,1.4513,0.828262,1.33544,3.050378,1.527254,2.28682
2021-05-07,1.199712,0.909312,1.075714,2.95489,1.331387,2.179178
2021-05-08,1.359062,0.822306,0.810511,2.879454,1.161493,2.05654
2021-05-09,1.444324,0.749596,0.575773,3.081327,1.061101,2.060785
2021-05-10,1.521067,0.689097,0.390549,3.570499,0.988383,2.323118
2021-05-11,1.379508,0.672952,0.496143,3.445506,1.109449,2.138091
2021-05-12,1.43141,0.673015,0.477085,3.365614,0.950291,2.026287
2021-05-13,1.436003,0.717811,0.730475,3.365487,0.927593,1.975666
2021-05-14,1.319321,0.702064,0.756368,3.340759,1.054311,1.937054
2021-05-15,1.164449,0.781115,0.818809,3.186777,1.005623,1.950284
2021-05-16,1.029935,0.847409,0.859281,3.063232,1.011915,1.875757
2021-05-17,0.909247,1.032915,0.909514,3.148789,1.1579,1.976545
2021-05-18,0.848604,0.983709,0.930554,2.892755,1.055317,1.947039
2021-05-19,1.171499,0.979356,0.732144,2.765248,0.998274,2.057978
2021-05-20,1.224913,0.95843,0.684087,2.5901,0.985192,1.998661
2021-05-21,1.193951,0.970021,0.70013,2.508142,0.915908,2.029296
2021-05-22,1.196412,0.996649,0.832009,2.363789,1.069152,2.033991
2021-05-23,1.277971,1.052041,0.922584,2.48578,1.198288,2.030434
2021-05-24,1.354642,1.199382,0.978237,2.691509,1.319563,2.027283
2021-05-25,1.342137,1.146443,0.828217,2.544315,1.45276,1.940722
2021-05-26,1.228461,1.101042,0.787503,2.532027,1.439164,1.961216
2021-05-27,1.012922,0.865566,0.611958,2.464213,1.382589,1.874769
2021-05-28,0.811388,0.803131,0.908413,2.372498,1.616083,1.768779
2021-05-29,0.970158,0.739876,1.134277,2.220983,1.766848,1.719086
2021-05-30,1.115717,0.687472,1.29828,2.166093,1.894599,1.722736
2021-05-31,1.204093,0.868902,1.402517,2.428929,2.23489,1.833886
2021-06-01,1.341745,1.362523,1.458488,2.145511,2.393948,2.109654
2021-06-02,1.384406,1.257734,1.409239,1.89398,2.057763,1.956391
2021-06-03,1.168877,1.19934,1.21834,1.641184,1.850351,1.681545
2021-06-04,1.096244,1.022059,1.272784,1.402889,1.526725,1.447306
2021-06-05,0.886258,1.060092,1.122325,1.210265,1.356589,1.294548
2021-06-06,0.767773,1.096798,0.993851,1.169395,1.238966,1.046374
2021-06-07,0.69137,1.321009,0.887411,1.141607,1.175184,0.969219
2021-06-08,0.547689,1.157612,1.016585,1.099292,1.274336,0.887682
2021-06-09,0.522364,1.0386,1.215991,1.073046,1.362226,0.800908
2021-06-10,0.566366,0.913987,1.197329,1.022114,1.304142,0.662421
2021-06-11,0.601713,0.95949,1.175343,0.98913,1.773564,0.663602
2021-06-12,0.583907,0.969484,1.284545,0.974841,1.905237,0.709976
2021-06-13,0.554475,0.979112,1.313785,0.979945,2.017327,0.667243
2021-06-14,0.600225,0.965576,1.317634,1.354073,2.120844,0.717158
2021-06-15,0.636799,0.819894,1.339482,1.310939,2.308368,0.688405
2021-06-16,0.527226,0.740713,1.204182,1.256842,1.972523,0.763103
2021-06-17,0.491354,0.707308,1.277601,1.256143,1.692105,0.762401
2021-06-18,0.417834,0.707222,1.181455,1.246233,2.047212,0.86804
2021-06-19,0.28585,0.750852,1.32525,1.231194,1.978503,1.018211
2021-06-20,0.194685,0.806663,1.484822,1.513803,1.971806,1.03087
2021-06-21,0.137146,0.960879,1.679407,1.381507,2.00918,1.008437
2021-06-22,0.243564,1.012207,1.761833,1.315787,2.149753,0.951553
2021-06-23,0.297412,1.125167,1.730625,1.175987,2.111415,0.873577
2021-06-24,0.342062,1.158453,1.826374,1.209082,1.898137,0.785415
2021-06-25,0.251287,1.216043,1.881411,1.274956,2.51338,0.799664
2021-06-26,0.253748,1.460846,1.877868,1.542252,2.466593,0.906051
2021-06-27,0.371669,1.748312,1.876877,1.905323,2.440204,1.208009
2021-06-28,0.476755,1.96874,1.848958,2.612081,2.40841,1.572587
2021-06-29,0.566162,1.884791,2.245363,2.600833,2.559168,1.52658
2021-06-30,0.977038,1.749112,2.817955,2.437469,2.711076,1.492249
2021-07-01,0.98685,1.543497,2.857315,2.432327,2.896848,1.733559
2021-07-02,0.988482,1.537049,2.790774,2.361928,3.119287,1.671492
2021-07-03,1.091964,1.575454,2.753349,2.671112,3.314032,1.70675
2021-07-04,1.411311,1.624156,2.883903,3.000696,3.512047,1.777059
2021-07-05,1.641904,1.681977,2.907889,2.977124,3.612595,1.661376
2021-07-06,1.892862,2.401525,3.308487,3.314798,4.787143,1.695323
2021-07-07,1.553998,2.316199,3.959403,2.960181,4.777132,1.562418
2021-07-08,1.309596,2.187013,3.374616,2.880078,5.474574,1.402502
2021-07-09,1.091831,1.891462,3.239569,2.81815,5.50677,1.31535
2021-07-10,0.934565,1.933985,3.202874,3.082709,5.88727,1.371188
2021-07-11,0.82212,2.056306,3.178344,3.686719,6.160886,1.661307
2021-07-12,0.956301,2.01977,3.428737,3.580643,6.334701,1.676944
2021-07-13,1.087681,2.15616,3.251915,3.497137,6.307084,1.767867
2021-07-14,1.027363,2.427658,3.326563,3.32435,6.419232,1.848023
2021-07-15,0.888103,2.364229,3.850964,3.173168,6.910228,1.888495
2021-07-16,0.737994,2.62757,4.968923,2.95368,6.777145,2.055428
2021-07-17,0.976994,2.498606,5.291274,2.762569,6.022403,2.155758
2021-07-18,1.12918,2.581999,4.967066,2.949619,5.518046,2.34272
2021-07-19,1.284381,3.479227,4.648644,3.045168,5.250181,2.501686
2021-07-20,1.462031,3.736259,4.332929,3.132902,4.998625,2.478732
2021-07-21,1.866437,4.023335,4.264889,3.03811,4.889089,2.672402
2021-07-22,2.14722,3.881816,4.132423,3.305,4.836582,2.722124
2021-07-23,2.414941,3.775757,3.795515,3.418314,4.931814,2.741342
2021-07-24,2.641901,3.735613,4.411423,3.616912,4.594472,2.660448
2021-07-25,2.797062,3.724507,4.970272,3.849562,4.345857,2.694377
2021-07-26,2.892055,4.000593,5.396817,3.917212,4.560139,3.08311
2021-07-27,2.891164,4.026283,5.467179,3.818171,5.015938,3.295087
2021-07-28,2.651981,3.929948,5.531374,3.915595,4.953151,3.394776
2021-07-29,2.741926,3.687442,5.047566,4.118258,5.158153,3.507536
2021-07-30,3.135146,3.750098,4.585292,4.045232,5.3062,3.570422
2021-07-31,3.146831,3.794543,4.314309,4.112274,5.164942,3.564017
2021-08-01,3.150689,3.846254,4.085692,4.37929,5.108182,3.77572
2021-08-02,3.233931,3.913623,3.794475,3.998444,5.150409,3.963465
2021-08-03,3.261047,4.066504,3.659897,4.004668,5.485731,3.990131
2021-08-04,3.455351,4.206649,3.534881,4.091046,5.371544,3.95676
2021-08-05,3.786396,4.042523,3.929518,4.297177,5.220241,3.950767
2021-08-06,4.151341,4.011654,4.040051,4.177286,5.560072,4.015529
2021-08-07,4.555298,3.833362,4.246624,4.389852,5.420918,3.915183
2021-08-08,4.990755,3.679663,4.479634,4.750242,5.273102,4.052701
2021-08-09,5.218633,3.895216,4.671802,5.050901,5.06689,4.195558
2021-08-10,5.811292,3.946793,5.004506,4.961317,5.200793,3.889513
2021-08-11,5.361861,3.833628,4.686748,4.918711,4.836529,3.804089
2021-08-12,5.101477,3.614775,4.475988,4.772539,4.556918,3.530841
2021-08-13,5.381481,3.793347,4.448095,4.889707,4.172305,3.431012
2021-08-14,5.179012,3.785811,3.864367,4.907871,3.828961,3.416495
2021-08-15,4.978539,3.838112,3.39695,4.970067,3.541141,3.449389
2021-08-16,4.914649,4.30831,3.029093,5.39715,3.099082,3.472409
2021-08-17,4.828527,3.969252,3.065725,5.15397,3.230477,3.235474
2021-08-18,5.043176,3.834862,3.060605,4.778306,3.129811,3.14278
2021-08-19,4.848916,3.367731,3.076318,4.6506,3.018177,3.089594
2021-08-20,5.278723,3.223638,2.988648,4.508716,2.768212,3.331699
2021-08-21,5.636884,2.738983,2.882368,4.343558,2.580513,3.32534
2021-08-22,5.8572,2.427455,2.980509,4.127038,2.480339,3.437811
2021-08-23,6.101334,2.735291,3.02711,4.056826,2.61054,3.661856
2021-08-24,5.909707,2.609755,3.138806,3.894282,2.520841,3.556557
2021-08-25,5.886305,2.385957,2.896362,3.810474,2.502053,3.472166
2021-08-26,5.655681,2.042388,2.751689,3.695477,2.476475,3.396016
2021-08-27,5.885585,2.25335,2.741112,3.737525,2.533073,3.44972
2021-08-28,6.126987,2.319484,2.672604,4.063776,2.663131,3.412322
2021-08-29,6.216366,2.463958,2.751732,4.49868,2.785046,3.583401
2021-08-30,6.24675,2.97648,2.75041,4.339444,2.788369,3.929447
2021-08-31,6.172787,2.895326,3.027179,4.18497,3.20197,3.807412
2021-09-01,6.156176,2.799419,2.885381,4.182788,3.314688,3.893239
2021-09-02,5.633367,2.669814,2.797887,3.970827,3.19914,3.917918
2021-09-03,5.603821,2.527084,3.037786,3.93834,3.633878,3.90017
2021-09-04,5.614927,2.353316,3.245145,3.938715,3.322486,3.814266
2021-09-05,5.684187,2.300196,3.367141,4.104407,3.087596,3.939863
2021-09-06,5.746555,2.696679,3.408223,3.990632,2.879229,4.661308
2021-09-07,5.922153,3.469412,3.406603,4.750995,3.232419,5.776581
2021-09-08,5.61597,3.651501,3.426557,4.877487,3.317836,5.572932
2021-09-09,5.693685,3.430767,3.291288,4.731991,3.18455,5.271471
2021-09-10,5.526095,3.256258,3.041019,4.521305,2.895381,4.821555
2021-09-11,5.524811,3.181602,2.770876,4.282203,2.754805,4.386514
2021-09-12,5.50753,3.128193,2.639143,4.044494,2.645719,3.78454
2021-09-13,5.649105,3.050154,2.527432,3.732676,2.654144,3.518814
2021-09-14,5.476377,2.692194,2.612789,3.523039,2.610907,3.115959
2021-09-15,5.591353,2.336909,2.744082,3.497312,2.628224,2.827582
2021-09-16,5.522977,2.204325,2.795371,3.601994,2.452522,2.789682
2021-09-17,5.306598,2.278906,2.594107,3.74924,2.141102,2.757806
2021-09-18,4.719983,2.51392,2.783847,4.333445,2.211739,2.986136
2021-09-19,4.190685,2.791252,3.039045,4.500584,2.311002,3.141005
2021-09-20,3.832109,3.04003,3.27227,4.249485,2.380508,3.247857
2021-09-21,4.130212,2.85648,3.214408,4.04302,2.397849,3.485857
2021-09-22,3.845591,2.622274,3.155382,4.242215,2.24674,4.519202
2021-09-23,4.580494,2.65419,3.150078,4.57385,1.873297,5.144795
2021-09-24,5.194663,2.369284,3.137707,4.62134,2.100618,5.368071
2021-09-25,5.671208,2.155431,3.074573,4.231664,2.375116,5.382833
2021-09-26,5.981859,2.056397,3.031777,4.266529,2.688171,5.278271
2021-09-27,5.919444,2.198419,2.797029,4.020508,2.492339,4.886528
2021-09-28,4.785118,2.197016,2.846237,3.894291,2.510215,4.682956
2021-09-29,4.498467,1.984502,2.588433,3.916676,2.330167,4.390853
2021-09-30,3.738433,1.696734,2.337035,4.052716,2.269882,4.105347
2021-10-01,3.033318,1.471075,1.935344,3.931773,2.399248,3.711684
2021-10-02,2.471032,1.298458,1.626147,3.927813,2.510334,3.757255
2021-10-03,2.096132,1.287373,1.399181,3.961278,2.599836,3.651434
2021-10-04,2.216515,1.515609,1.433307,3.891391,2.697973,3.584334
2021-10-05,1.932081,1.576813,1.662191,3.577406,2.682399,3.081697
2021-10-06,1.889378,1.461409,1.661911,3.532929,2.445754,2.807704
2021-10-07,1.807589,1.449123,1.600636,3.342303,2.238737,2.561036
2021-10-08,1.555889,1.263687,1.892177,3.187081,2.158061,2.167566
2021-10-09,1.510797,1.142817,2.115114,2.875225,2.145998,1.910214
2021-10-10,1.492329,1.114483,2.295688,2.584503,2.30564,1.616228
2021-10-11,2.018227,1.106355,2.428894,2.532986,2.023337,1.498871
2021-10-12,2.12058,1.081682,2.410972,2.554673,2.146187,1.395117
2021-10-13,2.336661,1.11494,2.175187,2.475478,1.882845,1.408793
2021-10-14,2.242773,1.113801,2.316237,2.813438,1.935024,1.520623
2021-10-15,2.298328,1.01821,2.226587,3.0455,2.05743,1.606107
2021-10-16,2.472127,0.957786,2.132428,2.747387,2.216492,1.475881
2021-10-17,2.598396,0.916392,1.784781,2.597331,2.33736,1.539696
2021-10-18,3.22407,1.108844,2.025503,2.693354,2.086913,1.524222
2021-10-19,3.513573,1.45021,2.078148,2.682855,2.067322,1.446636
2021-10-20,3.312627,1.526023,1.805593,3.598981,2.186859,1.391039
2021-10-21,2.853537,2.362062,1.654077,4.189366,2.063304,1.373834
2021-10-22,2.456525,2.221745,1.516145,3.916927,1.832557,1.384999
2021-10-23,2.190055,2.212479,1.31609,3.427248,1.741163,1.49656
2021-10-24,1.886483,2.17592,1.270243,3.604363,1.655192,1.66712
2021-10-25,2.19495,1.85408,1.459529,3.685697,1.93927,1.869772
2021-10-26,1.942599,1.957243,1.491334,3.550686,1.74402,1.859411
2021-10-27,1.825332,1.920521,1.422647,3.877678,1.546555,1.814201
2021-10-28,1.754865,1.669276,1.492684,3.936118,1.387178,1.832916
2021-10-29,1.700968,1.396032,1.375037,3.655773,1.437147,1.834401
2021-10-30,1.652916,1.24243,1.28986,3.298734,1.51049,1.73918
2021-10-31,1.632501,1.304203,1.185289,3.082816,1.771542,1.612634
2021-11-01,1.575929,1.110004,1.208045,2.624227,1.787284,1.760084
2021-11-02,1.672131,0.964223,1.069563,2.515094,2.032396,1.828389
2021-11-03,1.595338,0.921746,0.973395,2.729589,2.077499,1.769235
2021-11-04,1.680568,1.010239,1.079103,2.849877,2.119241,1.747857
2021-11-05,1.794943,1.27382,1.00967,2.680502,2.14785,1.740067
2021-11-06,1.832431,1.501837,1.018537,2.637531,2.208612,1.633643
2021-11-07,1.897493,1.634166,1.083686,3.007467,2.250378,1.780387
2021-11-08,2.33202,1.823868,1.478069,3.001175,2.037509,1.850287
2021-11-09,2.452641,1.819523,1.51076,3.106623,1.950446,1.791619
2021-11-10,2.839395,1.744984,1.41463,3.174094,1.619035,1.735083
2021-11-11,2.87338,1.576322,1.447741,3.252938,1.701514,1.706254
2021-11-12,2.741618,1.200807,1.632239,3.099469,1.688261,1.648593
2021-11-13,2.584662,1.036233,1.811192,3.221867,1.727874,1.632426
2021-11-14,2.46234,1.282084,1.955748,3.287092,2.070439,1.792346
2021-11-15,2.403806,1.552963,1.791524,3.280845,2.174164,1.879239
2021-11-16,2.590174,1.62899,1.715672,3.155944,2.327677,1.851708
2021-11-17,2.50762,1.682553,1.903824,3.480913,2.466144,1.919606
2021-11-18,2.601704,1.607469,1.809219,3.547935,2.415203,1.971382
2021-11-19,2.393516,1.500312,1.735257,3.530063,2.548998,2.027278
2021-11-20,2.206398,1.477274,1.657568,3.568777,2.72784,2.041681
2021-11-21,2.068994,1.668567,1.578545,3.572745,3.149222,2.039777
2021-11-22,2.619799,1.746396,1.689098,3.663391,3.174483,2.056746
2021-11-23,2.826569,1.879696,1.743456,3.651543,2.859834,2.069844
2021-11-24,2.499858,1.646746,1.808215,3.82329,2.933329,2.08983
2021-11-25,2.322171,1.577772,1.860134,4.557787,3.085781,3.551251
2021-11-26,2.317965,2.520541,2.10859,5.719878,3.743766,4.106153
2021-11-27,2.394797,3.194747,2.27762,5.815925,4.501433,3.861073
2021-11-28,2.694715,3.512676,2.592163,5.626367,4.821359,3.69053
2021-11-29,2.483393,3.231148,2.53817,5.355941,4.359094,3.498273
2021-11-30,2.610361,3.221468,2.526304,4.940741,3.769832,3.107882
2021-12-01,2.451783,3.085278,2.218188,4.559902,3.475068,2.796967
2021-12-02,2.329733,3.033325,2.070834,4.368389,3.063393,2.624223
2021-12-03,2.278887,2.852989,1.898264,4.243887,3.028273,2.431188
2021-12-04,2.217516,2.760047,1.754885,3.95287,3.016412,2.215414
2021-12-05,2.226407,2.443885,1.644985,3.618992,2.972185,2.232864
2021-12-06,2.038177,2.366306,2.285166,3.425836,2.956815,2.180559
2021-12-07,1.919105,2.150255,2.335869,3.329502,2.49386,2.318789
2021-12-08,1.720733,1.855457,2.377137,3.177458,2.462884,2.304555
2021-12-09,1.672109,1.614516,2.525328,3.249366,2.365545,2.25834
2021-12-10,1.691022,1.463365,2.607968,3.398499,2.386011,2.311683
2021-12-11,1.668465,1.322234,2.773209,3.285069,2.443958,2.195322
2021-12-12,1.649141,1.736652,2.900861,3.613768,2.689666,2.368067
2021-12-13,1.835003,1.685009,2.718113,3.660063,2.594341,2.350884
2021-12-14,1.96277,1.75816,2.810935,3.452202,2.442271,2.42859
2021-12-15,1.694192,1.916565,2.693645,3.430221,2.529658,2.440448
2021-12-16,1.509762,1.960464,2.449183,3.48221,2.392287,2.404399
2021-12-17,1.774252,1.959269,2.291032,3.533644,2.37545,2.544037
2021-12-18,1.996995,1.962655,2.202525,3.855914,2.448952,2.647313
2021-12-19,2.107572,2.189191,2.095166,3.970017,2.816444,2.834914
2021-12-20,1.971143,2.313943,2.637714,3.929586,2.89891,2.911388
2021-12-21,1.955143,2.138616,3.299992,4.06037,2.875471,2.957285
2021-12-22,2.159468,2.100549,2.929876,4.509795,3.11997,3.139599
2021-12-23,2.65899,2.316255,3.392508,4.949196,3.655494,3.815593
2021-12-24,3.190949,2.761955,3.875452,7.573787,4.033376,5.87307
2021-12-25,3.62886,4.308546,4.206358,7.200483,4.435677,6.478417
2021-12-26,3.893938,4.87381,4.450718,6.94977,4.774492,6.683194
2021-12-27,4.058013,4.662688,4.766297,7.127849,5.166154,7.015171
2021-12-28,4.087025,4.382202,4.903812,7.292193,5.05802,6.982095
2021-12-29,4.476357,4.377015,4.570167,7.366226,5.133835,7.162211
2021-12-30,4.984091,4.1781,4.966003,7.736045,5.364079,7.389433
2021-12-31,5.651867,4.409115,5.3742,9.160293,7.449966,9.086204
2022-01-01,6.279052,4.486346,5.25567,7.892056,8.22699,8.628932
2022-01-02,6.41026,4.38448,5.144398,7.674898,7.492288,8.567848
2022-01-03,7.030346,5.157824,4.972804,7.585997,7.372146,8.489325
2022-01-04,6.860538,5.277342,5.139347,7.929403,6.927294,8.670221
2022-01-05,7.165414,5.393185,5.051458,8.176383,6.953575,8.593851
2022-01-06,7.634956,5.373094,5.12855,8.518239,7.32815,8.447286
2022-01-07,7.08074,5.081545,5.147958,8.477145,6.794056,7.926682
2022-01-08,6.462996,5.05332,5.272251,8.258461,6.396523,7.713031
2022-01-09,6.040793,6.057824,5.325253,7.569047,6.617325,7.707165
2022-01-10,7.002653,6.366554,5.65605,7.807592,6.66961,7.253406
2022-01-11,7.688562,6.468037,5.961223,8.320862,6.3936,7.057517
2022-01-12,7.774261,6.828413,6.145773,8.782441,6.509721,6.866928
2022-01-13,7.889927,6.991464,6.82606,9.154186,6.736747,6.789876
2022-01-14,7.969841,7.018499,7.202955,9.757336,7.239208,6.597632
2022-01-15,8.16013,6.993652,7.565714,9.089439,7.739777,6.38886
2022-01-16,8.160972,6.872405,7.888695,8.761158,8.499159,6.045841
2022-01-17,8.609035,7.650732,8.112735,8.909863,9.217292,6.2448
2022-01-18,8.402384,7.786023,8.444106,8.924892,9.010124,6.315008
2022-01-19,9.273998,7.55775,8.392298,8.40668,9.067822,6.20477
2022-01-20,9.48622,7.450741,8.295571,8.355825,8.803097,5.897955
2022-01-21,9.178464,6.637786,7.981954,8.220493,8.408549,5.492823
2022-01-22,8.71414,6.222369,7.680369,7.908489,8.15443,4.94124
2022-01-23,8.262114,6.730492,7.475633,7.511937,8.197321,4.605812
2022-01-24,7.798923,6.906736,7.163422,7.214986,8.296318,4.56524
2022-01-25,7.987804,6.811367,7.166554,6.74203,7.514945,4.513827
2022-01-26,7.450578,6.341978,6.781885,6.171306,6.907684,4.252289
2022-01-27,7.20286,6.400447,6.59013,6.268586,6.67691,4.086938
2022-01-28,6.17621,6.089465,6.396733,6.086578,5.793474,3.9077
2022-01-29,5.478935,5.933587,6.177451,5.914052,5.21948,3.493394
2022-01-30,4.895827,5.950672,6.011622,5.61613,5.309642,3.399116
2022-01-31,4.540823,5.656829,5.534779,5.211688,5.457982,3.27151
2022-02-01,4.482203,5.197012,5.210491,4.811606,5.182858,3.198586
2022-02-02,4.033265,4.991278,5.024759,4.662665,5.333548,3.428379
2022-02-03,3.761427,5.000594,4.936582,4.73713,4.927339,4.05643
2022-02-04,3.946303,4.602921,4.080597,4.696406,4.980176,3.95469
2022-02-05,4.061265,4.25537,3.755078,4.517019,4.946701,3.51453
2022-02-06,3.972284,3.738597,3.728594,4.110074,4.753873,3.401162
2022-02-07,3.505009,3.765644,3.280255,3.981763,4.474195,3.384792
2022-02-08,3.862601,3.621753,2.830338,3.525573,3.875146,3.181781
2022-02-09,3.363146,3.023754,2.569478,3.308654,3.327435,2.729332
2022-02-10,3.423097,2.881862,2.342641,3.1277,3.025957,2.446236
2022-02-11,2.821685,2.474663,2.122256,2.900206,2.515496,2.008704
2022-02-12,2.261053,2.082589,1.943341,2.655688,2.136671,1.568773
2022-02-13,1.835172,1.316175,1.790813,2.613989,1.938984,1.244647
2022-02-14,1.459873,1.448667,1.686872,2.386005,2.077828,1.289751
2022-02-15,1.664664,1.378832,1.430633,2.195518,1.732464,1.052475
2022-02-16,1.221779,0.878334,1.108809,2.034264,1.603727,1.078532
2022-02-17,1.026375,0.997527,0.937765,2.241258,1.458167,1.234016
2022-02-18,1.044283,0.866601,0.689261,2.056952,1.358076,1.211356
2022-02-19,1.004026,0.749178,0.486994,1.966765,1.320987,1.094515
2022-02-20,0.975895,0.70367,0.336394,2.021905,1.183418,1.200923
2022-02-21,0.919525,0.728803,0.277617,1.960588,1.286606,1.366983
2022-02-22,0.545678,0.696655,0.263051,1.713962,1.221247,1.251294
2022-02-23,0.419405,0.648021,0.349536,1.544633,1.034545,1.103442
2022-02-24,0.552925,0.676368,0.401834,1.596848,1.436797,1.252837
2022-02-25,0.662539,0.593013,0.289308,1.556796,1.329637,1.136291
2022-02-26,0.729041,0.517166,0.193779,1.406899,1.30261,1.076757
2022-02-27,0.8114,0.435673,0.141619,1.426284,1.306897,1.156991
2022-02-28,0.764785,0.446007,0.133044,1.451744,1.455033,1.081515
2022-03-01,0.979023,0.447036,0.199522,1.272414,1.393856,0.990668
2022-03-02,0.932117,0.449955,0.217568,1.182173,1.258426,0.985049
2022-03-03,1.095707,0.390817,0.225792,1.108007,1.164735,0.898325
2022-03-04,1.035593,0.343763,0.225579,1.034621,1.127335,0.720536
2022-03-05,1.026466,0.326632,0.235904,1.079603,1.061875,0.791819
2022-03-06,0.995691,0.44661,0.246357,1.182416,0.992919,0.723933
2022-03-07,1.092955,0.508736,0.244688,1.182957,1.021162,0.717449
2022-03-08,0.893415,0.515961,0.250155,1.205469,1.015692,0.663528
2022-03-09,0.735907,0.436748,0.299569,1.142669,0.873227,0.625168
2022-03-10,0.670573,0.380356,0.293956,1.429286,0.841272,0.644367
2022-03-11,0.418265,0.279744,0.264418,1.411339,0.655147,0.620521
2022-03-12,0.33566,0.21485,0.245271,1.553919,0.501077,0.837948
2022-03-13,0.288064,0.316329,0.253549,1.571283,0.441114,0.887488
2022-03-14,0.29119,0.360266,0.260442,1.48786,0.462193,0.822201
2022-03-15,0.233122,0.310697,0.186237,1.36264,0.483647,0.737874
2022-03-16,0.197443,0.325197,0.166095,1.177417,0.518688,0.642387
2022-03-17,0.244298,0.329636,0.10973,1.048674,0.452979,0.636074
2022-03-18,0.271258,0.281098,0.102325,0.976276,0.506697,0.685347
2022-03-19,0.297511,0.249835,0.102462,0.952353,0.536354,0.609718
2022-03-20,0.323666,0.305237,0.247791,0.870697,0.482795,0.638812
2022-03-21,0.381173,0.297922,0.28954,0.768955,0.36479,0.565161
2022-03-22,0.655811,0.292395,0.095926,0.69183,0.27754,0.394751
2022-03-23,0.674313,0.280794,0.16069,0.629907,0.250431,0.441283
2022-03-24,0.859809,0.25968,0.312895,0.652113,0.23015,0.427041
2022-03-25,0.684721,0.228605,0.175677,0.617699,0.217332,0.248648
2022-03-26,0.577233,0.223059,0.21416,0.590606,0.211735,0.307639
2022-03-27,0.608211,0.300608,0.250542,0.652528,0.250892,0.509084
2022-03-28,0.560652,0.234307,0.229647,0.635668,0.227105,0.373262
2022-03-29,0.578342,0.18974,0.208712,0.630408,0.180497,0.406322
2022-03-30,0.467354,0.149386,0.158115,0.591455,0.192026,0.359544
2022-03-31,0.494095,0.194179,0.170592,0.626825,0.142918,0.364224
2022-04-01,0.36939,0.251432,0.273498,0.590127,0.120582,0.35548
2022-04-02,0.258595,0.296582,0.350052,0.657761,0.119726,0.477239
2022-04-03,0.177007,0.32906,0.472708,0.744286,0.259004,0.326326
2022-04-04,0.140194,0.294024,0.411113,0.738462,0.313491,0.327456
2022-04-05,0.274911,0.241544,0.34998,0.687137,0.257079,0.41142
2022-04-06,0.215029,0.242209,0.353133,0.741336,0.229167,0.392791
2022-04-07,0.308699,0.225049,0.298425,0.731865,0.209446,0.395525
2022-04-08,0.269424,0.197877,0.216647,0.673343,0.266927,0.386484
2022-04-09,0.230623,0.169912,0.144974,0.839199,0.309003,0.403267
2022-04-10,0.197002,0.132719,0.084737,1.121286,0.306643,0.473224
2022-04-11,0.271698,0.096244,0.089014,1.072822,0.231605,0.385989
2022-04-12,0.266065,0.101054,0.096699,1.016891,0.171495,0.41546
2022-04-13,0.321495,0.098278,0.236434,0.976047,0.173181,0.436265
2022-04-14,0.294571,0.164422,0.316653,1.016854,0.199507,0.482663
2022-04-15,0.387186,0.153046,0.123878,0.94083,0.183136,0.465505
2022-04-16,0.436256,0.139434,0.128123,1.215919,0.164308,0.610207
2022-04-17,0.459239,0.131215,0.128718,1.200297,0.151155,0.590567
2022-04-18,0.479712,0.145043,0.097446,1.202051,0.101845,0.522284
2022-04-19,0.605483,0.275637,0.143283,1.091055,0.151544,0.529062
2022-04-20,0.82626,0.259048,0.149523,1.022659,0.196238,0.506638
2022-04-21,0.855033,0.218068,0.11056,1.195201,0.148063,0.588352
2022-04-22,0.845574,0.249375,0.113394,1.082869,0.126192,0.50744
2022-04-23,0.785962,0.276491,0.113039,1.06389,0.129346,0.534345
2022-04-24,0.727734,0.297089,0.170678,1.18198,0.12738,0.645639
2022-04-25,0.65759,0.268768,0.234055,1.139841,0.176493,0.705354
2022-04-26,0.760758,0.220122,0.198076,1.121597,0.221041,0.566213
2022-04-27,0.840173,0.207429,0.238799,1.039182,0.27897,0.664036
2022-04-28,0.698374,0.146905,0.455267,0.989468,0.42879,0.666824
2022-04-29,0.394492,0.123207,0.551598,0.913851,0.38654,0.728084
2022-04-30,0.320958,0.134365,0.50718,0.789015,0.375702,0.69453
2022-05-01,0.234505,0.156482,0.445939,0.638784,0.367376,0.633
2022-05-02,0.16998,0.259127,0.443047,0.602343,0.318762,0.540434
2022-05-03,0.40472,0.265287,0.479318,0.63601,0.390474,0.605916
2022-05-04,0.309991,0.426271,0.440759,0.708723,0.484949,0.604777
2022-05-05,0.446834,0.526482,0.406795,0.688813,0.430019,0.6496
2022-05-06,0.354519,0.551403,0.427558,0.814295,0.433281,0.586045
2022-05-07,0.449667,0.551309,0.511711,1.149677,0.375113,0.767724
2022-05-08,0.53735,0.675418,0.577653,1.734226,0.353382,0.938504
2022-05-09,0.411244,0.701836,0.730888,1.688786,0.412645,0.962882
2022-05-10,0.299157,0.648659,0.566742,1.488501,0.415167,0.972378
2022-05-11,0.228447,0.551645,0.518823,1.418081,0.383712,0.933256
2022-05-12,0.667613,0.754725,0.436703,1.697417,0.349176,0.926181
2022-05-13,0.83658,0.765259,0.398243,1.726634,0.287325,0.949253
2022-05-14,0.956976,0.805012,0.429435,1.72287,0.288161,0.931862
2022-05-15,0.816527,0.800177,0.492562,1.707101,0.281128,1.015159
2022-05-16,1.380273,0.826955,0.737144,1.708025,0.472807,1.082781
2022-05-17,1.468234,0.817464,0.604682,1.461289,0.451929,1.080642
2022-05-18,1.326821,0.724358,0.718921,1.239305,0.433086,1.155667
2022-05-19,1.223267,0.850245,0.602981,1.160121,0.51449,1.151739
2022-05-20,1.219202,0.67981,0.502805,1.202005,0.520004,1.118997
2022-05-21,1.202589,0.588355,0.424593,1.374894,0.555153,1.044681
2022-05-22,1.211622,0.653297,0.367501,1.377133,0.603866,1.075789
2022-05-23,1.404275,0.760309,0.304086,1.384792,0.550316,1.099832
2022-05-24,1.286044,0.731585,0.249153,1.148726,0.567659,0.983079
2022-05-25,1.035092,0.550452,0.39263,1.278455,0.660493,1.032614
2022-05-26,0.884346,0.525013,0.652456,1.403367,0.707566,1.058512
2022-05-27,0.832196,0.469293,0.945474,1.677244,0.73214,1.04526
2022-05-28,0.805234,0.44389,1.191117,1.827718,0.782962,1.2201
2022-05-29,0.819908,0.557226,1.376192,1.931325,1.05566,1.261019
2022-05-30,0.869674,1.218769,1.638947,2.371877,1.304522,2.333388
2022-05-31,1.009814,1.228349,1.48892,2.311498,1.339928,2.356804
2022-06-01,1.438159,1.155323,1.412276,2.179281,1.34889,2.278001
2022-06-02,1.50245,1.119369,1.193351,2.057298,1.342243,2.284136
2022-06-03,1.251818,1.325382,1.427424,2.211162,1.407959,2.113416
2022-06-04,1.02523,1.482598,1.602119,1.965081,1.461056,2.100681
2022-06-05,0.840356,1.631394,1.687669,1.963703,1.413166,2.182324
2022-06-06,1.257441,1.478751,1.619051,1.826166,1.309082,2.155471
2022-06-07,1.15558,1.414622,1.455585,1.688099,1.218234,2.00701
2022-06-08,1.297837,1.259793,1.303693,1.675281,1.285633,1.792319
2022-06-09,1.210669,1.177999,1.284205,1.859318,1.054652,1.657798
2022-06-10,1.230281,1.37599,1.336553,1.90693,1.12851,1.614923
2022-06-11,1.234818,1.592979,1.387451,1.999362,1.1542,1.7571
2022-06-12,1.27652,1.876645,1.411775,2.126608,1.247749,1.702437
2022-06-13,1.73393,1.960802,1.527354,2.05324,1.177823,1.649218
2022-06-14,1.622178,1.785132,1.387686,1.892417,1.07858,1.504153
2022-06-15,1.680749,1.680947,1.399223,1.857019,1.146525,1.467412
2022-06-16,1.778277,1.725937,1.301063,1.954863,1.276473,1.460767
2022-06-17,1.824122,1.627778,1.385154,2.04169,1.441786,1.421698
2022-06-18,1.802816,1.399598,1.462095,2.297536,1.625178,1.471679
2022-06-19,1.786371,1.314065,1.503444,2.371471,1.951185,1.556196
2022-06-20,1.69968,1.32389,1.35291,2.467134,1.815195,1.586932
2022-06-21,2.383561,1.33799,1.363389,2.500961,1.778505,1.533339
2022-06-22,2.233369,1.337868,1.280107,2.467748,1.870443,1.521526
2022-06-23,2.347712,1.304659,1.074193,2.415227,1.954464,1.581325
2022-06-24,2.207231,1.132947,1.01186,2.542167,1.786178,1.471078
2022-06-25,2.152311,1.063266,0.962888,2.723537,1.698186,1.623387
2022-06-26,2.076017,1.622427,0.956146,2.672241,2.072758,1.714419
2022-06-27,2.644062,1.659002,1.027783,2.724649,1.970685,1.680627
2022-06-28,2.50266,1.721443,1.09882,2.507625,1.972799,1.679692
2022-06-29,2.271639,1.609258,1.264485,2.250303,1.792045,1.66363
2022-06-30,2.165821,1.474346,1.310741,2.277457,1.611801,1.790892
2022-07-01,1.949726,1.946548,1.446514,2.262839,1.556147,1.761622
2022-07-02,1.822729,2.354696,1.619619,2.420425,1.612487,1.803234
2022-07-03,1.725924,2.613082,1.747303,2.579842,2.105704,2.088771
2022-07-04,1.798345,2.796256,1.917394,3.678748,2.762481,3.234793
2022-07-05,2.241598,2.867187,2.192756,3.941907,2.863206,3.126424
2022-07-06,2.382166,2.561546,2.123553,3.591989,2.625859,2.928681
2022-07-07,2.486337,2.589409,2.131942,3.519094,2.310576,2.753861
2022-07-08,2.506848,2.642669,2.102966,3.458409,2.258586,2.602946
2022-07-09,2.438727,2.681944,2.105542,3.333532,2.227344,2.447783
2022-07-10,2.392891,2.670076,2.101355,3.148767,2.209301,2.435994
2022-07-11,2.187039,2.319334,2.005109,3.119107,2.048207,2.222746
2022-07-12,3.16359,2.273088,1.783205,2.909583,1.890912,2.032192
2022-07-13,3.177684,2.005393,1.793563,2.878143,1.835639,1.873733
2022-07-14,3.218945,2.014331,1.571415,2.721607,1.703075,1.688965
2022-07-15,2.867972,2.401807,1.448195,2.774102,1.724667,1.601854
2022-07-16,2.701572,2.689508,1.351292,2.800854,1.732842,1.689599
2022-07-17,2.670611,2.802851,1.288543,3.01014,1.741681,1.92638
2022-07-18,2.526573,2.768305,1.280047,2.989338,1.647879,2.008387
2022-07-19,3.018546,2.527127,1.174022,2.853852,1.774359,1.874873
2022-07-20,2.832445,2.123869,1.173983,2.734283,1.554445,1.806834
2022-07-21,2.74339,2.212417,1.103793,2.649461,1.564747,1.864682
2022-07-22,2.635512,2.21194,1.14782,2.84853,1.55898,1.734316
2022-07-23,2.579828,2.276861,1.243827,3.008415,1.581266,1.723899
2022-07-24,2.566021,2.548571,1.419332,3.390826,1.738935,1.869949
2022-07-25,2.582469,2.369303,1.608809,3.336815,1.707221,1.901976
2022-07-26,2.731148,2.060856,1.504406,3.133291,1.740748,1.943559
2022-07-27,2.80995,1.838681,1.701272,2.84553,1.757456,1.801512
2022-07-28,2.320723,2.011296,1.716387,2.635783,1.597757,1.750201
2022-07-29,2.087302,2.094263,1.70761,2.667248,1.595796,1.640284
2022-07-30,1.919775,2.203979,1.693438,2.896985,1.584926,1.736088
2022-07-31,1.767776,1.814089,1.638488,2.868964,1.453775,1.748286
2022-08-01,1.90019,1.897917,1.498169,2.732219,1.292554,1.669265
