time_value,446,447,448,449,450,451,452,456
2020-08-01,0.97587,1.860162,2.325095,2.30127,2.469338,3.976485,1.018882,2.991943
2020-08-02,0.771632,1.798326,2.380392,2.42225,2.369886,3.713977,1.045356,2.788009
2020-08-03,0.754126,1.736741,2.429305,2.646558,2.336345,3.687302,1.108767,2.93944
2020-08-04,0.774002,1.526745,2.631501,2.659489,2.25873,3.543425,1.206609,2.836863
2020-08-05,0.989245,1.662005,2.878329,2.58869,2.488509,3.473013,1.204589,2.559961
2020-08-06,1.104197,1.609496,3.105877,2.448396,2.35421,3.428696,1.214025,2.468786
2020-08-07,1.370681,1.725112,3.052866,2.453571,2.465953,3.345037,1.329884,2.557562
2020-08-08,1.542215,1.694393,2.738868,2.363845,2.8533,3.228703,1.660271,2.706956
2020-08-09,1.727957,1.657952,2.49226,2.389419,3.254219,3.292832,1.940506,3.020344
2020-08-10,1.832009,1.658955,2.275914,2.82004,3.545396,3.507086,2.366749,3.325975
2020-08-11,1.828384,1.512781,2.039205,2.917445,3.119217,3.385918,2.148446,3.303191
2020-08-12,1.581688,1.318688,1.892884,2.714792,2.905094,3.351401,1.869924,3.369947
2020-08-13,1.450982,1.273121,1.795752,2.648676,2.706524,3.439221,1.742161,3.270908
2020-08-14,1.242444,1.296503,1.561531,2.563382,2.490256,3.369129,1.654383,3.136998
2020-08-15,1.069314,1.426059,1.46406,2.588271,2.291818,3.272272,1.616881,3.253763
2020-08-16,0.896987,1.557883,1.437986,2.624445,2.173783,3.5005,1.554959,3.292978
2020-08-17,0.823667,1.611059,1.42474,2.711236,2.172941,3.648591,1.545775,3.175928
2020-08-18,0.800272,1.478967,1.463542,2.836941,1.813852,3.550262,1.314625,2.791553
2020-08-19,1.014116,1.328927,1.762155,2.608531,1.840362,3.30689,1.050634,2.976066
2020-08-20,1.097102,1.170704,1.935689,2.275793,1.693887,3.087032,0.877046,2.789266
2020-08-21,1.243977,0.869328,2.045941,2.129015,1.753487,2.848256,0.957443,2.71805
2020-08-22,1.259831,0.651001,2.076319,1.99182,1.903585,2.648836,0.976654,2.806373
2020-08-23,1.26126,0.482909,2.097244,1.899762,2.104562,2.763659,1.054853,2.95183
2020-08-24,1.315909,0.376954,2.089112,1.924234,2.216,2.993913,1.130252,3.038904
2020-08-25,1.134529,0.371175,2.11729,1.918078,2.040493,2.950484,1.129412,2.843852
2020-08-26,1.003587,0.489076,2.239957,1.905649,1.860341,2.851733,1.039967,2.657163
2020-08-27,0.916963,0.365318,2.334423,1.824124,1.873879,2.640326,0.878628,2.574735
2020-08-28,0.910535,0.443869,2.573186,1.826198,2.160803,2.597674,0.678973,2.50224
2020-08-29,0.991686,0.555475,2.795562,1.731023,2.187227,2.592625,0.715407,2.098035
2020-08-30,1.162827,0.644767,2.97323,1.679652,2.285006,2.560955,0.745407,1.814835
2020-08-31,1.274216,0.737816,3.089406,1.747289,2.356543,2.605552,0.774046,1.584813
2020-09-01,1.25119,0.839413,3.330228,1.803526,2.340956,2.570367,0.887215,1.651783
2020-09-02,1.25273,1.017519,3.380722,1.614313,2.803772,2.586868,0.862825,1.652215
2020-09-03,1.227145,1.08421,3.081729,1.61126,2.949641,2.453376,0.894964,1.713
2020-09-04,1.178814,1.114546,2.652914,1.648859,2.759845,2.485047,0.865133,1.848195
2020-09-05,1.022739,1.168618,2.292197,1.510997,2.623313,2.386356,0.828491,1.855352
2020-09-06,0.952091,1.174205,2.03393,1.412411,2.697734,2.547986,0.820552,1.872011
2020-09-07,0.878309,1.189299,1.82735,1.421197,2.88162,2.620712,0.910184,1.903713
2020-09-08,1.205559,1.221184,1.757234,2.12421,3.233714,3.375561,0.987796,1.883268
2020-09-09,1.230886,1.219947,1.936491,2.270689,3.072822,3.302261,0.904776,1.869788
2020-09-10,1.434996,1.162349,2.752286,2.450086,3.126527,3.233575,0.762482,1.993522
2020-09-11,1.55683,1.255113,3.155492,2.273238,3.23162,3.113451,0.65943,2.360063
2020-09-12,1.507956,1.351626,3.334731,2.175986,2.98011,2.961245,0.608046,2.751001
2020-09-13,1.514229,1.474399,3.432786,2.129418,2.904089,3.014432,0.637435,3.01531
2020-09-14,1.771126,1.583748,3.483874,2.201893,2.952866,3.063273,0.678223,3.246436
2020-09-15,1.619053,1.510694,2.990525,2.180528,3.031518,2.874332,0.828003,3.195033
2020-09-16,1.871618,1.57589,2.663541,2.104548,3.114078,2.873294,0.894556,4.138973
2020-09-17,2.14186,2.036818,2.562508,2.036964,3.528535,2.809062,1.041336,4.590849
2020-09-18,2.071045,2.091211,2.608342,2.008555,3.598882,2.895007,0.971288,4.611547
2020-09-19,2.03037,2.499186,2.949666,2.00634,3.614184,2.922546,1.087443,4.276053
2020-09-20,2.148124,2.935372,3.258808,2.047797,3.687901,3.198518,1.397068,3.966514
2020-09-21,2.453471,3.692127,3.476409,2.434225,3.877748,3.674728,1.70046,3.444474
2020-09-22,2.848632,3.908915,4.367714,2.813247,4.046968,3.818748,1.76413,4.142006
2020-09-23,2.903195,3.785078,5.733256,3.062181,4.530361,4.093136,1.891805,4.571144
2020-09-24,2.955153,3.735696,6.627574,3.174282,4.883462,4.264025,2.084062,5.271879
2020-09-25,3.200938,3.817123,7.254938,3.611192,4.504424,4.283305,2.166768,5.886168
2020-09-26,3.566274,3.69474,7.235413,3.722464,4.516713,4.374523,2.288627,6.318736
2020-09-27,4.043654,3.702513,7.133546,3.763605,4.750473,4.51093,2.477221,7.036414
2020-09-28,4.524374,4.004767,6.960216,3.936234,4.950449,4.55382,2.654266,7.583935
2020-09-29,4.416375,4.165902,6.681575,4.276243,5.640094,4.387826,2.529703,8.348081
2020-09-30,4.634307,4.188877,5.976895,4.201711,5.686816,4.316564,2.531605,9.630833
2020-10-01,5.253013,4.103273,5.352983,3.982411,5.313669,4.02101,2.667589,9.339726
2020-10-02,4.788332,3.868631,4.892966,3.890699,5.711898,4.019789,2.815915,8.926404
2020-10-03,4.52943,4.113468,4.73739,3.75789,5.667376,4.070157,3.033053,6.915244
2020-10-04,4.35391,4.435203,4.603023,3.707134,5.539589,4.260759,3.346206,5.468513
2020-10-05,4.340459,5.008448,4.544803,4.181401,5.425984,4.407076,3.600683,4.457209
2020-10-06,4.057467,5.035602,4.634898,4.28886,5.540666,4.818941,3.587385,6.021486
2020-10-07,4.367755,5.014083,5.615107,4.288285,5.869893,4.872012,4.148693,8.036447
2020-10-08,4.7058,4.970338,6.122018,4.24815,5.684872,5.052786,3.897918,8.663815
2020-10-09,4.957296,5.263753,5.819659,4.589147,5.998754,5.301709,3.61047,10.280585
2020-10-10,5.129336,5.005687,6.726259,4.761987,6.108933,5.664996,3.450816,10.887559
2020-10-11,5.288708,4.765568,7.336676,5.000883,6.291977,5.715703,3.557977,11.404868
2020-10-12,5.472774,4.519377,7.716875,5.463633,6.686372,5.999682,3.696187,11.876385
2020-10-13,5.242199,4.312788,7.707384,5.525646,7.219927,5.897759,3.606405,12.208668
2020-10-14,4.90761,4.421231,7.352418,5.495447,7.255622,5.914447,3.547404,13.392347
2020-10-15,4.729066,4.427073,7.142983,5.415439,6.755454,5.72971,3.774338,13.580288
2020-10-16,4.558232,4.000918,7.545521,5.318176,7.085274,5.604048,3.905819,14.597199
2020-10-17,4.561447,4.049153,7.649566,5.645966,6.703806,5.689912,4.0358,13.659234
2020-10-18,4.574394,4.19437,7.755884,5.894953,6.439572,5.694882,4.094226,12.827406
2020-10-19,4.706367,4.654717,7.83533,5.925269,6.250644,6.253793,4.242211,12.105551
2020-10-20,4.245254,4.490451,7.371922,6.002582,6.581979,6.23752,4.503237,12.804124
2020-10-21,3.982714,4.521763,7.147047,5.646167,6.012651,6.013883,4.352482,12.357605
2020-10-22,4.1345,5.047353,6.905935,5.688609,6.393904,5.868339,4.149582,11.957652
2020-10-23,4.069245,5.049421,6.813299,5.717309,6.292151,5.803898,4.274765,12.402504
2020-10-24,4.550891,5.142723,6.927692,5.856957,6.579102,5.862774,4.47287,12.648711
2020-10-25,4.975526,5.291978,7.040568,5.940774,6.921858,6.285981,4.757461,12.87853
2020-10-26,5.363683,5.940665,7.265764,6.108535,7.336094,6.770002,5.008247,13.09726
2020-10-27,5.020164,5.514518,7.365452,6.259185,7.323277,6.846543,4.871649,13.480511
2020-10-28,4.792494,5.167926,6.818568,6.676831,8.042927,7.018831,5.747876,15.019905
2020-10-29,4.571754,5.562204,6.533503,6.790191,8.183852,7.214762,5.742561,15.398477
2020-10-30,4.432209,5.503035,5.972467,6.457525,7.885971,7.298395,6.184569,15.440019
2020-10-31,4.785403,5.371793,5.909484,6.62282,7.645479,7.341667,6.332672,15.158331
2020-11-01,5.390988,5.466205,5.899669,6.796881,7.56747,7.569509,6.500242,15.33873
2020-11-02,4.665617,5.939627,6.400091,6.974596,7.428542,7.829686,6.544688,15.37144
2020-11-03,4.724413,5.661886,6.72711,6.920909,7.83276,7.725136,6.123191,15.485877
2020-11-04,5.307843,5.542107,6.989845,7.130934,8.578112,7.917023,6.016098,16.485835
2020-11-05,5.409007,5.966037,7.652766,7.308707,8.537859,8.086467,5.675806,15.276617
2020-11-06,5.356489,5.853047,8.719392,7.224357,9.296583,8.232243,5.646575,15.643402
2020-11-07,5.721753,5.462264,10.076216,7.575404,9.069472,8.341497,5.493244,15.746192
2020-11-08,6.206737,5.524807,11.190548,7.919129,9.438023,8.812456,5.39501,16.149629
2020-11-09,6.729245,6.301728,12.04628,8.39078,9.694571,9.474523,5.423329,16.22388
2020-11-10,6.463549,6.557651,12.155337,8.464507,9.544368,9.431729,5.307933,15.758299
2020-11-11,6.456066,6.758287,12.027801,8.472725,9.560196,9.550927,5.672085,16.68554
2020-11-12,6.095184,6.770029,12.368219,8.11868,9.951511,9.616952,4.824255,18.071156
2020-11-13,5.960342,6.215578,12.973553,8.024976,10.226913,9.687967,4.806721,17.778695
2020-11-14,5.508708,6.043673,13.746029,7.856569,10.216146,9.756939,4.623469,17.83066
2020-11-15,5.355104,6.072769,14.472279,7.730252,10.324123,9.946727,4.402687,17.758506
2020-11-16,5.298052,6.734819,15.0896,7.934641,10.348976,10.482264,4.248259,17.656537
2020-11-17,5.058398,6.381065,15.92818,7.545562,9.785065,10.296195,3.904666,16.324873
2020-11-18,4.997052,6.040948,15.550465,7.511342,9.874464,9.868484,3.690879,16.57037
2020-11-19,4.929771,5.457898,15.28138,7.343349,9.731765,9.454617,3.392244,15.347539
2020-11-20,4.939613,5.625865,15.36888,7.198117,10.163755,9.194325,3.844589,15.103328
2020-11-21,4.462906,5.265224,16.009422,6.900258,9.605684,8.925264,4.159261,14.019824
2020-11-22,4.320811,5.116114,16.682285,6.797687,9.417869,9.022852,4.377915,13.332561
2020-11-23,4.353245,5.577948,17.398628,7.325166,9.307534,9.401049,4.596747,12.77821
2020-11-24,4.459913,5.14015,16.665911,6.820284,9.232277,9.196141,4.724812,14.53153
2020-11-25,4.513765,4.841992,15.882029,7.085303,8.692941,8.953541,4.709106,15.322227
2020-11-26,4.246225,4.424576,14.418583,6.88282,8.503283,8.585313,4.479603,15.679926
2020-11-27,4.192441,4.430128,13.1575,6.750434,8.594589,10.178012,4.336995,15.942028
2020-11-28,4.953646,4.966464,12.097486,7.118796,8.857926,10.628126,4.234293,15.46152
2020-11-29,5.854206,5.439427,11.189942,7.626254,9.775985,10.654544,4.190643,15.222247
2020-11-30,6.714592,5.939561,10.541087,7.765256,10.296548,10.383476,4.205903,15.053008
2020-12-01,6.148487,5.73686,9.600448,7.478409,9.992491,9.669241,3.774266,15.86316
2020-12-02,5.627445,5.61972,8.586037,7.234534,8.885691,8.847213,3.357492,13.953075
2020-12-03,5.18342,5.250977,8.188814,6.949737,8.16315,8.287083,3.298403,13.639019
2020-12-04,5.178461,4.964522,8.432485,6.403309,7.309191,7.700938,3.123125,12.283691
2020-12-05,5.225529,4.550642,9.499853,6.051508,6.793872,7.232846,3.132818,11.29805
2020-12-06,5.468212,4.234753,10.452142,5.881947,6.471089,7.15772,3.363675,10.92839
2020-12-07,5.752499,4.15768,11.429281,6.396315,6.290203,7.210881,3.633285,10.635524
2020-12-08,5.508278,4.150328,12.089851,6.21408,6.359289,7.05575,3.994365,11.200391
2020-12-09,5.138317,3.980063,11.570577,6.029222,6.26164,6.743988,3.606251,10.848359
2020-12-10,4.77394,3.544367,11.436191,6.048395,6.080188,6.621182,3.197771,9.559326
2020-12-11,4.401257,3.578087,11.255468,6.151443,5.061473,6.572734,3.146221,7.982281
2020-12-12,4.062895,3.451164,10.953813,5.911776,5.275466,6.529793,3.103063,6.99097
2020-12-13,3.934538,3.46893,10.799391,5.683906,5.735798,6.694235,3.264374,6.69766
2020-12-14,3.891944,3.831495,10.785792,5.421544,6.192965,6.95122,3.343854,6.74545
2020-12-15,3.807589,3.663275,9.853029,5.099872,6.58861,6.932171,3.455124,7.568935
2020-12-16,3.521715,3.571546,8.436266,5.518243,6.26629,6.895967,3.469806,8.571824
2020-12-17,3.303001,3.772345,6.922088,5.273717,6.158373,6.641868,3.384984,8.747924
2020-12-18,3.2,3.593095,5.991126,5.375761,6.37306,6.531042,3.618498,9.340585
2020-12-19,3.155086,3.535383,5.870476,5.335637,6.527796,6.551381,3.812217,8.88538
2020-12-20,3.278228,3.676169,6.015077,5.42172,6.683348,6.962121,4.046167,8.881689
2020-12-21,3.453446,4.506527,6.167682,6.040014,6.872479,7.448687,4.380775,8.888382
2020-12-22,3.676118,4.48828,6.461391,5.890055,6.77612,7.396685,3.922941,9.009124
2020-12-23,3.817472,4.406612,6.627662,6.015165,6.562964,7.571744,3.767486,9.822066
2020-12-24,3.405942,4.196013,6.336266,5.939172,6.86792,7.487343,3.637587,10.251436
2020-12-25,3.546155,5.446685,6.163734,7.173476,7.1579,9.195649,3.995021,10.576239
2020-12-26,3.764197,6.397537,5.95587,7.884259,7.478059,8.957476,4.263694,11.226878
2020-12-27,5.513084,7.050367,5.849568,7.817203,7.85205,9.19437,4.527274,12.146051
2020-12-28,6.964782,6.898151,5.765369,7.768549,8.125737,9.528317,4.815021,12.884399
2020-12-29,6.519702,6.262805,6.07933,7.387204,7.8728,9.303777,4.686247,13.887225
2020-12-30,6.026103,5.893251,6.495226,7.17219,7.096943,8.933241,4.475603,14.031962
2020-12-31,5.75524,5.162856,6.61627,6.507259,6.621962,8.767657,4.1964,13.033832
2021-01-01,5.694782,5.292367,6.565048,6.292706,6.625488,8.849909,4.136945,12.18077
2021-01-02,5.34823,5.459881,5.838716,6.133126,7.094646,8.546919,4.046474,11.443643
2021-01-03,5.098786,5.819948,5.37544,6.219712,7.447553,7.875522,4.096189,10.832077
2021-01-04,4.976539,5.760454,5.156155,6.106829,7.666429,6.997207,4.189997,10.220683
2021-01-05,4.719381,5.526468,5.461338,5.422264,6.644965,6.189833,4.327385,8.54091
2021-01-06,4.458009,5.007329,5.624513,4.728679,5.175849,5.453647,3.858217,6.072377
2021-01-07,4.251017,4.614032,6.100058,4.067277,4.137419,4.791883,3.575373,4.059064
2021-01-08,4.000879,3.79959,6.135887,3.664593,3.488867,4.619904,3.579097,3.311489
2021-01-09,3.684748,3.246539,5.844139,3.120141,2.634627,4.159313,3.313256,1.995358
2021-01-10,3.79774,2.960728,5.790742,2.703726,1.951494,3.898769,2.91843,1.099155
2021-01-11,4.070044,3.343077,5.829015,2.574862,1.546099,3.903172,2.557238,0.910317
2021-01-12,4.143584,3.13878,5.48513,2.49643,1.54855,3.761706,2.643375,0.677082
2021-01-13,3.90972,2.887025,6.04768,2.313574,1.129817,3.648524,2.703381,0.660697
2021-01-14,3.886371,2.624922,6.535037,2.318015,1.089414,3.608816,2.562226,0.757317
2021-01-15,3.743874,2.403283,6.442766,2.323709,1.071036,3.802001,2.631075,0.817676
2021-01-16,3.866674,2.393025,6.18831,2.161257,1.151042,3.686075,2.74439,1.221621
2021-01-17,4.015167,2.429036,5.795358,2.104321,1.289849,3.940678,2.887001,1.414106
2021-01-18,4.152436,2.802418,5.616444,2.258359,1.435326,4.335683,3.097282,1.541918
2021-01-19,3.907192,2.875317,5.349303,2.528538,1.561541,4.484873,3.255177,1.529317
2021-01-20,3.840273,2.980768,5.546233,2.788188,1.725108,4.361304,3.461443,1.498487
2021-01-21,3.999102,3.030526,5.849594,2.640102,1.600718,4.203216,3.266439,1.630788
2021-01-22,3.897881,2.928306,5.965859,2.508665,1.591429,4.18199,3.196737,1.971268
2021-01-23,3.803555,3.264698,5.857437,2.559645,1.583896,4.13499,3.121265,2.115551
2021-01-24,3.846,3.591449,5.6509,2.651137,1.651944,4.36441,3.078637,2.262768
2021-01-25,3.988274,3.864164,5.50666,2.824121,1.706149,4.479501,3.039049,2.451437
2021-01-26,3.790561,3.482537,4.826365,2.77011,1.83933,4.489146,2.740968,2.708045
2021-01-27,3.913807,3.100344,4.154974,2.761873,1.691047,4.465592,2.578628,2.325667
2021-01-28,4.073673,2.956519,3.625611,2.579425,2.187942,4.302377,2.481499,2.49996
2021-01-29,4.107785,2.676194,3.097588,2.706017,2.00218,4.31256,2.1909,2.483402
2021-01-30,3.748569,2.373252,2.722597,2.697986,2.068427,4.090318,1.85648,2.193459
2021-01-31,3.614212,2.145218,2.417943,2.704871,2.155725,3.951653,1.698624,1.860446
2021-02-01,3.587316,2.063393,2.254051,2.786601,2.212153,3.717914,1.663698,1.530623
2021-02-02,3.125813,1.813629,2.255515,2.558922,2.20516,3.590999,1.699233,1.626191
2021-02-03,3.314756,1.692174,2.369724,2.517209,1.872047,3.381316,1.568832,1.235012
2021-02-04,3.321382,1.596551,2.230438,2.386024,1.870698,3.100204,1.591099,1.560935
2021-02-05,3.789134,1.833249,2.063605,2.148013,1.914495,3.296758,2.012092,1.804375
2021-02-06,3.9423,1.570428,1.868537,2.038712,1.843042,3.151155,2.583066,1.857907
2021-02-07,4.171679,1.39001,1.576105,1.908294,1.844688,3.144957,2.762768,1.797953
2021-02-08,4.470207,1.379258,1.36304,1.861088,1.884691,3.308351,2.951621,1.74548
2021-02-09,4.035208,1.390892,1.174738,1.682906,1.849135,3.259937,2.745471,1.695725
2021-02-10,3.715139,1.586224,1.387361,1.532352,1.835945,3.131765,2.27406,1.739703
2021-02-11,3.10796,1.57666,1.466059,1.485795,1.490706,3.067535,2.00241,1.673481
2021-02-12,3.145498,1.589507,1.506756,1.360098,1.238437,3.046059,1.839306,1.502222
2021-02-13,2.860514,1.529048,1.292603,1.331853,1.293533,2.982768,1.708396,1.332016
2021-02-14,2.790029,1.532486,1.102867,1.344011,1.339894,2.990973,1.664241,1.14133
2021-02-15,2.817349,1.558267,1.005069,1.440682,1.39623,3.134473,1.653066,1.029558
2021-02-16,2.575881,1.489574,0.967938,1.527437,1.431502,2.963302,1.732754,0.961685
2021-02-17,2.55581,1.503643,1.536795,1.528549,1.51791,2.821463,1.677935,1.179433
2021-02-18,2.409948,1.442185,2.109281,1.481514,1.37674,2.684985,1.928006,1.122271
2021-02-19,2.516429,1.22912,2.537048,1.620477,1.011676,2.573269,1.803625,1.20119
2021-02-20,2.829876,1.159273,2.344622,1.628241,0.924977,2.381605,1.838432,1.454706
2021-02-21,3.137649,1.114196,2.236171,1.71879,0.884047,2.524843,2.026648,1.673659
2021-02-22,3.494773,1.259013,2.115051,2.156359,0.892497,2.813707,2.170087,1.847913
2021-02-23,3.707879,1.185769,2.595619,2.152566,0.968572,2.736251,2.414859,2.094693
2021-02-24,3.946127,1.350523,2.942371,2.070219,1.024562,2.665877,2.452043,2.170355
2021-02-25,3.901396,1.286429,3.492741,1.78422,0.885097,2.583937,2.151278,1.865045
2021-02-26,3.780296,1.352099,3.732994,1.696046,1.028884,2.630487,1.855664,1.634261
2021-02-27,3.582624,1.392123,3.659067,1.52117,1.04847,2.541826,1.598147,1.56042
2021-02-28,3.520387,1.425052,3.648492,1.416952,1.095888,2.499222,1.472327,1.48781
2021-03-01,3.507816,1.443306,3.503958,1.686896,1.113066,2.371529,1.433092,1.428109
2021-03-02,3.068757,1.364484,3.339034,1.716666,0.951489,2.307675,1.293541,1.080073
2021-03-03,2.777406,1.536857,3.584191,1.699344,0.861525,2.268551,0.998917,0.958065
2021-03-04,2.755089,1.780377,3.601175,1.813555,0.672601,2.253158,0.884824,0.803515
2021-03-05,2.606867,1.903712,3.34476,1.698324,0.809057,2.234299,1.143436,1.002628
2021-03-06,2.541386,1.820808,2.857725,1.472023,0.82893,2.145934,1.243302,1.104938
2021-03-07,2.649161,1.777198,2.435596,1.306583,0.851445,2.16902,1.298109,1.139265
2021-03-08,2.880613,1.900898,2.10755,1.584609,0.884906,2.449665,1.354248,1.170949
2021-03-09,2.979149,1.614882,1.995609,1.328146,0.864788,2.40622,1.611282,1.015411
2021-03-10,3.212705,1.460156,2.13971,1.374529,0.765504,2.349088,2.071293,0.874764
2021-03-11,2.988104,1.486124,2.621777,1.331091,0.817409,2.252695,2.219834,0.85104
2021-03-12,3.033065,1.510733,2.991276,1.291049,0.749852,2.259832,2.310258,1.216163
2021-03-13,3.088389,1.470995,3.148081,1.229108,0.729708,2.156169,2.302973,1.361399
2021-03-14,3.33311,1.502426,2.867644,1.219116,0.715503,2.107947,2.183872,1.279285
2021-03-15,3.627735,1.887058,2.613465,1.519443,0.722188,2.598988,2.124022,1.199958
2021-03-16,3.524142,1.984357,2.422963,1.400572,0.780352,2.586474,2.109518,1.138328
2021-03-17,3.343747,2.070191,2.200278,1.4531,0.853738,2.628711,2.183847,1.15218
2021-03-18,3.343992,1.900013,2.237263,1.30594,0.924064,2.642787,1.738261,0.974871
2021-03-19,3.803174,2.057169,2.135963,1.288982,0.898483,2.515596,1.768076,0.978801
2021-03-20,3.71556,1.863361,1.967374,1.307692,1.073381,2.55371,1.555876,0.968515
2021-03-21,3.819559,1.745056,1.805205,1.328099,1.167662,2.478598,1.440963,0.899743
2021-03-22,3.986046,2.000401,1.70052,1.432647,1.249918,2.747121,1.420177,0.865973
2021-03-23,3.742851,1.9784,1.354956,1.559781,1.215473,2.726119,1.410889,1.023379
2021-03-24,3.759625,1.874586,1.04791,1.646378,1.279741,2.714701,1.27863,1.066372
2021-03-25,3.592502,1.86328,0.910904,1.55182,1.206484,2.657899,1.193191,1.075792
2021-03-26,3.298276,1.743926,0.82305,1.577294,1.134715,2.500081,1.112711,0.86669
2021-03-27,3.123112,1.599049,0.837872,1.422808,0.996818,2.424511,1.055829,0.813796
2021-03-28,3.104792,1.531496,0.876631,1.341448,0.979007,2.503791,1.083079,0.798502
2021-03-29,3.163424,1.646547,0.830596,1.573336,1.009063,2.643958,1.118451,0.744401
2021-03-30,2.8178,1.635703,0.901704,1.615921,1.332435,2.574925,1.149673,0.627144
2021-03-31,2.732979,1.658193,1.005383,1.447832,1.188614,2.513476,1.190883,0.559924
2021-04-01,2.716992,1.617573,1.138496,1.675822,1.126454,2.565199,1.366329,0.781907
2021-04-02,2.571938,1.5769,1.15511,1.486717,1.058382,2.522669,1.349174,1.020911
2021-04-03,2.657476,1.389159,1.134183,1.530742,1.019134,2.436648,1.258668,1.149284
2021-04-04,2.950706,1.316341,1.093246,1.630301,0.953733,2.427117,1.135631,1.267363
2021-04-05,3.263537,1.539772,0.957839,2.001526,0.903185,2.427871,1.070727,1.2989
2021-04-06,3.14206,1.500006,0.877955,1.836307,0.871364,2.385785,1.041889,1.286475
2021-04-07,2.809829,1.362235,0.889442,1.795432,0.770705,2.426509,1.047934,1.339571
2021-04-08,2.850638,1.358011,1.109267,1.680225,0.837833,2.407587,1.234874,1.23862
2021-04-09,2.971974,1.223679,1.287019,1.632049,0.765491,2.311425,1.513458,1.235938
2021-04-10,2.698607,1.236723,1.436395,1.411081,0.741667,2.206465,1.486179,1.16535
2021-04-11,2.531513,1.138924,1.419608,1.338105,0.719662,2.112049,1.454196,1.168616
2021-04-12,2.450315,1.276289,1.364421,1.367611,0.69873,2.352655,1.519762,1.202125
2021-04-13,2.348592,1.261214,1.274568,1.187859,0.766721,2.270665,1.631805,1.277776
2021-04-14,2.380103,1.200776,1.063112,1.204739,0.744807,2.286578,1.479911,1.427337
2021-04-15,2.239298,1.203273,0.839643,1.329429,0.834631,2.271728,1.330725,1.321452
2021-04-16,1.913401,1.302045,0.711085,1.343146,0.862973,2.288343,1.486832,1.277701
2021-04-17,1.969026,1.390833,0.610417,1.177358,1.020891,2.176048,1.536339,1.320461
2021-04-18,2.082668,1.599395,0.540521,1.056135,1.12014,2.248019,1.531199,1.347085
2021-04-19,2.16392,1.619558,0.682564,1.300718,1.171475,2.404256,1.554593,1.416858
2021-04-20,2.208749,1.665683,0.553322,1.293316,1.513876,2.398508,1.712232,1.177502
2021-04-21,2.351613,1.421139,0.548432,1.261018,1.506879,2.449749,1.512187,1.258811
2021-04-22,2.469053,1.536804,0.631733,1.241932,1.443097,2.418469,1.745181,1.131808
2021-04-23,2.364785,1.467129,0.792387,1.214131,1.218298,2.315992,1.580587,1.046175
2021-04-24,2.631226,1.376863,0.857992,1.101376,1.136869,2.122245,1.585494,1.128043
2021-04-25,2.890947,1.312857,0.91813,1.024416,1.01342,2.200142,1.704544,1.361415
2021-04-26,3.072973,1.428244,0.992006,1.186967,0.901513,2.292797,1.828844,1.659526
2021-04-27,2.871743,1.580972,0.92173,1.265092,0.890243,2.268153,1.669844,1.588013
2021-04-28,2.82741,1.652983,0.850624,1.323713,0.807226,2.246298,1.698419,1.5615
2021-04-29,2.393428,1.708843,0.687685,1.308071,0.984271,2.258177,1.670045,1.327939
2021-04-30,2.092331,1.57318,0.732544,1.309473,1.019281,2.21611,1.628822,1.126962
2021-05-01,2.138992,1.470546,0.784543,1.201926,0.95991,2.089693,1.56343,1.174262
2021-05-02,1.90829,1.468299,0.858187,1.123601,0.884143,1.958722,1.441368,1.295166
2021-05-03,1.977183,1.571402,0.929879,1.330365,0.850777,1.971461,1.39558,1.373897
2021-05-04,2.023656,1.591644,0.841476,1.306462,0.861469,2.035762,1.267819,1.122713
2021-05-05,1.936524,1.366703,0.766612,1.273167,0.84684,1.923023,1.129188,0.887299
2021-05-06,1.680186,1.300067,0.699133,1.203956,0.839547,1.95672,1.12529,0.743278
2021-05-07,1.63164,1.262772,0.728671,1.156571,0.982334,1.88968,1.092387,0.619277
2021-05-08,1.606511,1.328486,0.734304,1.008239,1.040669,1.813304,0.890216,0.579775
2021-05-09,1.640104,1.404276,0.732745,0.921894,1.106793,1.929247,0.763791,0.57754
2021-05-10,1.728032,1.605659,0.797457,1.206941,1.148539,2.102734,0.713844,0.607323
2021-05-11,1.654113,1.579654,0.83327,1.132205,1.125201,2.077556,0.964275,0.582484
2021-05-12,2.080755,1.765061,0.898498,1.113198,1.135003,2.070113,0.865878,0.58931
2021-05-13,2.312347,1.669634,0.839871,1.010342,1.126737,2.013861,0.982684,0.618775
2021-05-14,2.228264,1.843768,0.818305,1.003337,0.990395,1.952342,1.03153,0.580083
2021-05-15,2.014647,1.639285,0.736273,0.866471,0.811918,1.875203,1.153682,0.561036
2021-05-16,1.905466,1.501339,0.617885,0.773426,0.666262,1.986505,1.304202,0.545003
2021-05-17,1.916461,1.754249,0.501123,0.828229,0.538229,1.947969,1.427801,0.521933
2021-05-18,2.20111,1.798654,0.344436,0.915946,0.443476,1.896275,1.596672,0.41442
2021-05-19,2.178433,1.564109,0.669821,0.782114,0.368031,1.811921,1.611364,0.439157
2021-05-20,2.081358,1.402072,0.967116,0.834776,0.352392,1.760223,1.496837,0.547554
2021-05-21,2.126067,1.359872,1.236652,0.842322,0.479132,1.76289,1.344622,0.585045
2021-05-22,2.150879,1.169435,1.119744,0.820154,0.444916,1.636868,1.318822,0.544004
2021-05-23,2.128693,1.01926,0.997261,0.819461,0.42471,1.607968,1.34246,0.513656
2021-05-24,2.093213,1.127663,0.891918,0.86551,0.411595,1.728301,1.431337,0.506654
2021-05-25,1.906347,1.01646,0.751402,0.894729,0.494165,1.640206,1.190807,0.461271
2021-05-26,1.788016,0.911161,0.646207,0.826587,0.494738,1.576628,1.204171,0.381191
2021-05-27,1.352495,0.800395,0.700381,0.708941,0.670907,1.54102,1.362462,0.512748
2021-05-28,1.266476,0.677079,0.798851,0.697704,0.638462,1.431098,1.275676,0.490801
2021-05-29,1.118559,0.611946,0.91634,0.657362,0.581121,1.237887,1.220757,0.518924
2021-05-30,1.045078,0.573232,1.014858,0.635712,0.534852,1.225326,1.020172,0.559554
2021-05-31,1.009509,0.648204,1.085965,0.642028,0.481597,1.203781,0.827898,0.637335
2021-06-01,0.962845,0.801598,1.129592,0.570056,0.49353,1.243719,0.661814,0.688096
2021-06-02,0.845784,0.771096,0.869003,0.497217,0.419443,1.103063,0.526825,0.589102
2021-06-03,0.664956,0.586375,0.637881,0.40119,0.392232,0.941252,0.330437,0.163624
2021-06-04,0.620736,0.488767,0.495221,0.336263,0.358715,0.824258,0.259674,0.106933
2021-06-05,0.484876,0.404647,0.406297,0.24941,0.372112,0.711382,0.209309,0.060818
2021-06-06,0.443292,0.381849,0.340975,0.197108,0.388447,0.609653,0.172595,0.020402
2021-06-07,0.42352,0.498751,0.292851,0.219118,0.429792,0.663837,0.168416,0.0
2021-06-08,0.413363,0.502674,0.316286,0.285621,0.552147,0.599567,0.144826,0.0
2021-06-09,0.374335,0.400398,0.332883,0.259868,0.471489,0.600901,0.104881,0.0
2021-06-10,0.261988,0.419596,0.322698,0.225775,0.417138,0.670127,0.0935,0.014273
2021-06-11,0.526465,0.412134,0.274321,0.194986,0.310462,0.645737,0.154895,0.166218
2021-06-12,0.47546,0.377973,0.290423,0.208195,0.25352,0.63491,0.217101,0.288158
2021-06-13,0.441426,0.374547,0.353138,0.223269,0.200367,0.663258,0.241973,0.374424
2021-06-14,0.430353,0.365841,0.40288,0.162555,0.157334,0.622345,0.26254,0.384874
2021-06-15,0.681089,0.459295,0.451583,0.159027,0.109212,0.646348,0.416794,0.572913
2021-06-16,0.803888,0.517371,0.402266,0.175812,0.256735,0.640537,0.384081,0.489897
2021-06-17,0.688081,0.543627,0.299125,0.216588,0.210996,0.624287,0.37979,0.392867
2021-06-18,0.515715,0.432674,0.207632,0.334079,0.221422,0.623917,0.355481,0.312119
2021-06-19,0.66605,0.449925,0.132693,0.374142,0.2926,0.69655,0.310618,0.316985
2021-06-20,0.903132,0.482567,0.076358,0.421458,0.370638,0.76453,0.28508,0.363386
2021-06-21,1.0754,0.529382,0.038632,0.494597,0.439758,0.871666,0.261184,0.437571
2021-06-22,0.860379,0.506007,0.059954,0.422913,0.371821,0.805649,0.236695,0.31568
2021-06-23,0.770145,0.480319,0.0843,0.390176,0.361549,0.699675,0.204582,0.280667
2021-06-24,0.75106,0.665643,0.118976,0.424898,0.428719,0.645756,0.220693,0.311694
2021-06-25,0.749062,0.612641,0.209722,0.468045,0.484365,0.679178,0.317611,0.38263
2021-06-26,0.943151,0.743655,0.277611,0.425546,0.488437,0.762675,0.396119,0.396965
2021-06-27,1.214108,0.849026,0.330486,0.419905,0.495843,0.86903,0.454382,0.401045
2021-06-28,1.385112,0.899707,0.371775,0.416951,0.489476,0.929528,0.502948,0.399488
2021-06-29,1.362924,0.879067,0.429547,0.363135,0.522282,0.914908,0.529224,0.338157
2021-06-30,1.254397,0.913664,0.341348,0.361979,0.477335,0.969261,0.585713,0.280438
2021-07-01,1.13729,0.866775,0.261091,0.375843,0.395985,0.802954,0.597647,0.232557
2021-07-02,1.024921,0.681172,0.196096,0.282146,0.378383,0.810942,0.545596,0.309899
2021-07-03,0.832432,0.599993,0.145807,0.49328,0.378444,0.818918,0.508288,0.400447
2021-07-04,0.765815,0.567937,0.101962,0.644759,0.37387,0.879257,0.470622,0.469198
2021-07-05,0.707935,0.531702,0.065828,0.767414,0.368766,0.739048,0.434037,0.525894
2021-07-06,0.657936,0.431111,0.039646,0.61052,0.334582,0.655579,0.454839,0.558002
2021-07-07,0.634551,0.398493,0.017663,0.553856,0.278881,0.624419,0.528821,0.500724
2021-07-08,0.541404,0.410412,0.001551,0.464577,0.232386,0.622929,0.450353,0.413789
2021-07-09,0.430605,0.332528,0.032842,0.384518,0.161526,0.647154,0.338088,0.450273
2021-07-10,0.407268,0.553201,0.090397,0.282138,0.100981,0.54552,0.247796,0.474812
2021-07-11,0.486701,0.751521,0.138735,0.206576,0.051319,0.420903,0.192664,0.550186
2021-07-12,0.590678,0.928865,0.17448,0.154083,0.014093,0.394637,0.264957,0.605431
2021-07-13,0.895506,0.887546,0.196738,0.246555,0.054517,0.458597,0.371431,0.617412
2021-07-14,1.187392,0.991359,0.21906,0.272407,0.221122,0.45181,0.521242,0.638051
2021-07-15,1.25454,0.930659,0.239048,0.286245,0.341263,0.466385,0.563674,0.535889
2021-07-16,1.235016,0.956415,0.196862,0.294052,0.468299,0.4483,0.586047,0.442445
2021-07-17,1.599904,0.849683,0.177837,0.35921,0.566937,0.573777,0.604799,0.418866
2021-07-18,1.888207,0.764506,0.157779,0.389761,0.646715,0.576542,0.612408,0.480042
2021-07-19,2.148,0.781613,0.137951,0.466564,0.697066,0.626444,0.606443,0.555053
2021-07-20,1.997752,0.704584,0.2997,0.543971,0.68421,0.725628,0.576904,0.704043
2021-07-21,1.983969,0.714596,0.549438,0.574914,0.534028,0.813499,0.521557,0.667962
2021-07-22,1.809956,0.798882,0.790901,0.651713,0.826082,0.878468,0.550363,0.511196
2021-07-23,1.531102,0.717711,0.824197,0.65635,0.715466,0.923859,0.718012,0.514875
2021-07-24,1.274094,0.757168,0.774268,0.573981,0.717801,1.038903,0.762349,0.574384
2021-07-25,1.086314,0.806431,0.711851,0.497286,0.856374,1.008418,0.674803,0.671047
2021-07-26,1.031553,1.057629,0.660873,0.451179,0.977201,1.002235,0.598656,0.740422
2021-07-27,1.043476,0.957354,0.701143,0.463283,0.921424,1.067942,0.556457,0.618741
2021-07-28,1.190017,0.90012,0.680036,0.508747,0.843738,1.109648,0.756317,0.576388
2021-07-29,1.070065,0.918031,0.750784,0.544668,0.783794,1.276502,0.737089,0.509497
2021-07-30,1.106347,0.86457,0.801185,0.570048,0.716363,1.340283,0.67307,0.429046
2021-07-31,1.160397,0.976583,0.855325,0.592608,0.635301,1.448046,0.624137,0.33388
2021-08-01,1.340094,1.044988,0.886766,0.616418,0.621536,1.489038,0.606176,0.318279
2021-08-02,1.356212,1.044571,0.898774,0.704642,0.664871,1.652772,0.595182,0.36437
2021-08-03,1.238596,1.131298,0.828294,0.704629,0.659783,1.59887,0.515233,0.414254
2021-08-04,1.35478,1.010855,0.789708,0.641819,0.896449,1.659486,0.556277,0.463137
2021-08-05,1.469932,0.872825,0.776139,0.811474,0.939847,1.709375,0.490267,0.735557
2021-08-06,1.753977,1.21844,0.871671,0.974883,1.188703,1.735828,0.557205,0.904401
2021-08-07,1.663305,1.393531,1.042131,0.972089,1.260869,1.853822,0.580072,0.850444
2021-08-08,1.64549,1.613124,1.230683,0.998281,1.1807,2.005865,0.558228,0.812109
2021-08-09,1.697423,1.81506,1.372016,1.15198,1.091214,2.11435,0.540559,0.78496
2021-08-10,1.76054,1.803325,1.364276,1.135251,0.966491,1.988582,0.498628,0.877016
2021-08-11,1.829097,1.655643,1.401195,1.100869,0.945433,1.924488,0.482067,0.880628
2021-08-12,1.906671,1.729993,1.342524,1.117192,0.842289,1.971769,0.612654,0.880248
2021-08-13,1.839586,1.727531,1.371749,1.254426,1.012134,2.056054,0.778326,0.972143
2021-08-14,1.866262,1.848674,1.345002,1.256919,1.143229,2.019641,0.856189,1.065897
2021-08-15,1.960269,1.936897,1.323624,1.251854,1.251263,2.174837,0.876075,1.188146
2021-08-16,2.054152,1.955642,1.343416,1.245634,1.332603,2.297408,0.883644,1.322246
2021-08-17,1.801066,1.745702,1.660127,1.291033,1.77484,2.213147,0.875121,1.387508
2021-08-18,1.921293,1.766477,1.880634,1.40616,1.999083,2.225433,0.85816,1.769503
2021-08-19,2.023704,1.844729,2.207301,1.387485,2.217426,2.234243,0.956703,2.145375
2021-08-20,2.416535,1.829232,2.61765,1.596862,2.246918,2.42861,1.001713,2.354553
2021-08-21,2.372302,2.157074,2.985363,1.683229,2.225009,2.519838,1.152038,2.357268
2021-08-22,2.454933,2.452563,3.251376,1.746211,2.229061,2.595502,1.464203,2.346391
2021-08-23,2.624796,2.675074,3.430911,1.766945,2.263298,2.742784,1.696986,2.294414
2021-08-24,2.360125,2.560173,3.2657,1.670594,2.188481,2.668812,1.830919,2.035211
2021-08-25,2.423257,2.272026,3.269993,1.532098,2.133794,2.477106,1.818011,1.776954
2021-08-26,2.108394,2.143613,3.399986,1.430087,2.130775,2.355146,1.643945,1.64851
2021-08-27,2.025518,2.015065,3.567811,1.460072,2.097245,2.305687,1.640938,1.483559
2021-08-28,2.166235,1.828346,3.252638,1.933324,2.018678,2.386372,1.705451,1.417918
2021-08-29,2.410172,1.797143,3.00514,2.24568,2.003824,2.412591,1.722938,1.422756
2021-08-30,2.719468,1.816998,2.785341,2.113434,2.02127,2.769243,1.6653,1.452063
2021-08-31,2.551028,1.740834,2.468641,1.964992,1.989611,2.699323,1.556143,1.764791
2021-09-01,2.919845,2.109693,2.100393,1.883725,2.131182,2.633364,1.461864,1.871594
2021-09-02,2.923278,2.134467,1.874977,1.807827,2.176639,2.445222,1.24332,1.820706
2021-09-03,3.075825,1.959968,1.776047,1.740655,2.246527,2.453692,1.249422,2.267699
2021-09-04,3.362096,2.166469,2.123754,1.875896,2.470504,2.496559,1.560772,2.792417
2021-09-05,3.803954,2.427605,2.471758,2.042905,2.956823,2.726832,1.899632,3.24329
2021-09-06,4.138892,2.54891,2.784353,2.09772,3.292087,3.1286,2.172936,3.516887
2021-09-07,4.243978,2.731718,3.137777,2.141174,3.490961,3.715685,2.497406,2.833232
2021-09-08,3.735951,2.738357,3.308724,1.88378,2.975492,3.479095,2.315757,1.995267
2021-09-09,3.574698,2.454375,3.384491,1.684007,3.162556,3.240778,2.16996,2.096757
2021-09-10,3.107089,2.289464,3.208309,1.6487,2.762676,2.9826,2.053946,2.432623
2021-09-11,2.727322,2.013731,3.106879,1.629957,2.618001,2.75716,1.812822,2.457602
2021-09-12,2.415805,1.856958,2.968959,1.64281,2.674995,2.40838,1.623428,2.486648
2021-09-13,2.164563,1.779201,2.851216,1.542433,2.70332,2.135469,1.41738,2.228981
2021-09-14,1.978561,1.712918,2.608494,1.394641,2.47926,1.944901,1.336289,2.044059
2021-09-15,1.651644,1.692565,2.357101,1.380616,2.884396,2.353737,1.339994,1.961122
2021-09-16,1.685155,1.681203,2.19934,1.532286,3.313036,2.426001,1.41093,2.144112
2021-09-17,1.722304,1.70517,2.062686,1.71703,3.387302,3.258691,1.548264,2.686439
2021-09-18,1.796793,2.192693,2.283134,1.937896,3.649571,3.336746,1.644516,3.527967
2021-09-19,1.913836,2.654394,2.474664,2.152721,3.843262,3.645257,1.755402,4.165256
2021-09-20,2.068475,3.092453,2.671804,2.351151,3.936548,3.92234,1.862243,4.794554
2021-09-21,2.985372,3.19704,3.263027,2.150355,3.754614,3.912357,1.728982,5.08247
2021-09-22,3.310604,3.540481,3.589711,2.126438,3.831368,4.393192,1.75901,5.660711
2021-09-23,4.024505,3.765515,3.895876,2.882869,4.343559,5.293849,1.977682,6.446681
2021-09-24,4.717559,3.903799,4.227166,4.089779,4.724608,6.882401,2.438419,6.348507
2021-09-25,5.329866,4.07392,4.343386,5.23604,5.104245,7.286001,3.004661,6.399792
2021-09-26,5.929828,4.243814,4.581856,6.045798,5.434878,7.07073,3.450214,6.391282
2021-09-27,5.966214,4.264467,4.515334,5.795173,5.646739,7.255692,3.974835,5.755206
2021-09-28,6.100568,4.117958,4.876341,5.36605,5.659014,7.641692,4.112773,4.93634
2021-09-29,5.541921,3.750956,4.822233,4.884867,5.371715,7.496725,4.010265,4.24684
2021-09-30,5.183312,3.437408,4.936852,4.384661,5.019342,7.160096,3.79575,3.701117
2021-10-01,4.717172,3.367729,4.635628,3.840372,4.815454,6.20641,3.412826,3.548181
2021-10-02,4.485805,3.273409,4.325079,3.407501,4.686879,5.403628,3.062599,3.458074
2021-10-03,4.406083,3.262813,4.087711,3.131297,4.588005,4.792975,2.743521,3.448208
2021-10-04,4.474821,3.331631,3.755515,2.849228,4.589253,4.415446,2.671686,3.050545
2021-10-05,3.750246,2.889807,3.395573,2.320873,4.599507,3.662344,2.304975,2.614877
2021-10-06,3.361462,2.735131,2.80212,2.011372,4.199974,3.180477,1.935589,2.538736
2021-10-07,2.568823,2.28858,2.201393,1.735157,3.897508,2.727023,1.836714,2.463516
2021-10-08,1.958526,1.929436,1.638427,1.473025,3.185644,2.23238,1.684049,2.29617
2021-10-09,1.532163,1.708593,1.18795,1.36219,2.974334,2.243074,1.521903,2.072363
2021-10-10,1.25791,1.58051,0.881919,1.568861,2.798487,1.837874,1.449725,1.909358
2021-10-11,1.283555,1.332762,0.772766,1.483642,2.214606,2.085647,1.689098,1.587192
2021-10-12,1.043506,1.401794,0.714008,1.330425,1.809003,2.221159,1.761293,1.240429
2021-10-13,0.839247,1.352899,0.571591,1.523534,1.680735,2.611829,1.636426,0.972278
2021-10-14,0.604272,1.58752,0.350957,1.32497,1.574441,2.381598,1.474287,0.803415
2021-10-15,0.64248,1.826538,0.195879,1.270015,1.677497,2.610981,1.478106,0.77202
2021-10-16,0.765223,1.987552,0.187929,1.264873,1.790252,3.018154,1.493077,0.783471
2021-10-17,0.97908,2.114128,0.201668,1.248598,1.896969,2.650555,1.51404,0.829186
2021-10-18,1.06599,1.997136,0.21396,1.557697,2.256452,3.234865,1.803086,0.934236
2021-10-19,1.228384,1.87682,0.299126,1.489745,2.48026,3.88585,1.991948,1.108514
2021-10-20,1.557631,1.849895,0.425496,1.850835,2.328546,4.831619,2.180262,1.271687
2021-10-21,1.802445,2.3044,0.524188,1.859545,2.072776,5.507825,2.327135,1.272339
2021-10-22,2.12817,2.042193,0.706249,2.313791,1.754228,5.839018,2.387964,1.2076
2021-10-23,2.307323,2.073161,1.035377,2.598606,1.372506,5.582453,2.318449,1.217917
2021-10-24,2.627406,2.147432,1.243572,2.777061,1.144415,4.863799,2.382976,1.309439
2021-10-25,3.202555,2.179376,1.671452,2.414602,1.093073,5.108234,2.41944,1.339898
2021-10-26,3.171795,2.262303,2.158424,2.249554,1.201479,4.871173,2.451446,1.347946
2021-10-27,3.236557,2.149366,2.612006,2.066223,1.188929,4.660376,2.682098,1.472915
2021-10-28,3.202219,2.132257,2.79556,1.777883,1.269742,4.376499,2.597687,1.558978
2021-10-29,2.709092,2.282096,2.852085,1.622149,1.29888,4.171112,2.406406,1.555108
2021-10-30,2.522862,2.409261,2.820319,1.483694,1.533121,3.998445,2.232841,1.653024
2021-10-31,2.519438,2.421422,2.766907,1.215443,1.729285,3.225282,2.079157,1.800878
2021-11-01,2.301655,2.237611,2.996387,1.275915,1.699272,3.127281,2.184729,1.638402
2021-11-02,2.024851,2.041262,3.0103,1.226138,1.667298,3.285358,2.266061,1.392498
2021-11-03,1.746162,1.958297,2.666716,1.259832,2.474539,3.506518,2.527376,1.360155
2021-11-04,1.741711,1.962824,2.313057,1.472618,2.301501,3.800834,2.605194,1.402318
2021-11-05,1.600914,2.083663,2.15228,1.617647,2.478513,3.979922,2.704779,1.360535
2021-11-06,1.619998,2.223063,2.124536,1.76207,2.545939,4.204901,2.699049,1.15523
2021-11-07,1.676556,2.383991,2.116893,1.889907,2.592556,3.685835,2.651481,1.046353
2021-11-08,1.695389,2.372298,2.376348,1.988676,2.980944,4.04019,2.443722,1.297257
2021-11-09,1.682955,2.154902,2.631032,1.802089,2.709591,4.229403,2.120998,1.201015
2021-11-10,1.676649,2.133469,2.596976,1.833691,2.552057,4.461113,2.048734,1.298948
2021-11-11,1.597696,2.200436,2.601327,1.985917,2.542245,4.775384,2.194359,1.979885
2021-11-12,1.656387,2.416825,2.88857,2.134115,2.658992,4.900887,2.236211,2.55483
2021-11-13,1.8897,2.663424,3.188712,2.066554,2.659378,4.191947,2.177866,2.917835
2021-11-14,2.128763,3.245558,3.450781,1.788101,2.584668,3.558522,2.132363,3.084074
2021-11-15,1.899647,3.023019,3.539247,2.125332,2.317682,4.312447,2.001737,2.841598
2021-11-16,1.632293,2.994999,3.456204,2.215398,2.287329,4.324817,1.665516,2.822218
2021-11-17,1.689345,2.662351,3.214664,2.125225,2.291891,4.30487,2.167705,2.388786
2021-11-18,1.83349,2.531406,3.000239,2.031882,2.017002,4.523177,2.471667,2.072323
2021-11-19,2.073303,2.554629,2.682583,2.148077,2.096097,4.728901,2.637103,1.832332
2021-11-20,2.36475,2.656264,2.464418,2.240963,2.235154,4.84197,2.611579,1.573152
2021-11-21,2.625377,2.730054,2.262602,2.328095,2.352257,4.066345,2.576277,1.394636
2021-11-22,2.649637,2.659656,2.120538,2.427597,2.812141,4.569328,3.214421,1.232628
2021-11-23,2.607961,2.606708,1.997522,2.471127,2.874814,4.872939,3.845212,1.102527
2021-11-24,2.660548,2.499578,1.689917,2.42441,3.093499,5.262081,4.376225,1.168021
2021-11-25,2.936131,2.624753,1.50614,2.520009,3.388028,5.556045,4.869385,1.657407
2021-11-26,3.152205,2.664308,1.368344,2.455967,3.736917,5.188478,5.175782,2.031351
2021-11-27,3.566287,2.716616,1.544146,2.633898,4.021785,6.170501,5.344358,2.331726
2021-11-28,3.863575,3.156978,1.541681,2.981355,4.17864,5.266491,5.385845,2.634436
2021-11-29,3.62457,2.915188,1.639566,3.111953,3.696911,5.508325,5.283502,2.367637
2021-11-30,3.309399,2.768069,1.728406,2.965277,3.414131,5.513847,4.977007,1.968641
2021-12-01,3.141021,2.405386,1.863796,2.887766,3.249635,5.501544,4.630064,2.095629
2021-12-02,2.92472,2.293901,2.337497,2.694094,2.954782,5.780152,4.235717,2.143934
2021-12-03,2.998387,2.148592,2.503586,2.558671,2.733465,5.470877,3.910888,2.162111
2021-12-04,2.962406,2.080691,2.683082,2.517646,2.532204,5.496167,3.62445,2.22097
2021-12-05,3.028814,2.175942,2.803654,2.52664,2.325954,4.663337,3.365911,2.249734
2021-12-06,2.811124,2.125749,2.675356,2.552649,2.083025,4.754468,3.30659,2.351924
2021-12-07,2.836608,1.938258,2.470059,2.12949,2.196496,3.988269,3.084869,2.361906
2021-12-08,2.606723,2.029914,2.222061,2.006653,1.800573,4.072939,2.618304,1.900505
2021-12-09,2.469326,1.985326,2.018754,1.957871,1.622979,4.450039,2.604488,1.506556
2021-12-10,2.455044,1.926213,1.867551,2.141311,1.606866,4.891389,2.991745,1.594139
2021-12-11,2.338676,1.995536,1.782976,2.286812,1.793787,5.234119,3.298828,1.705268
2021-12-12,2.265367,2.065182,1.774164,2.50855,1.978102,4.629388,3.723865,1.8559
2021-12-13,2.251595,2.149902,1.823361,2.613163,2.031913,5.232653,4.092652,1.959694
2021-12-14,2.331257,2.031662,2.020815,2.472807,1.9391,5.506616,4.289651,2.099683
2021-12-15,2.221862,1.919703,2.076299,2.577744,1.771151,5.841796,4.373097,2.183005
2021-12-16,2.058371,1.967444,1.988977,2.705554,1.519867,6.624695,4.452397,2.270412
2021-12-17,1.960294,1.871103,1.734542,2.805984,1.354667,7.440977,4.338341,2.455972
2021-12-18,1.904071,1.831221,1.505007,2.980024,1.25211,8.621817,5.089048,2.575448
2021-12-19,1.937768,1.916127,1.333329,3.237872,1.253861,7.549041,4.647428,2.632238
2021-12-20,1.791011,2.026802,1.199467,3.079329,1.258091,6.91023,4.094022,2.310903
2021-12-21,1.743267,2.324162,1.099182,3.095003,1.435115,8.4902,3.929162,1.342275
2021-12-22,1.769198,2.445689,1.015896,2.83466,1.447378,7.447504,4.03388,1.172614
2021-12-23,1.780331,2.516902,0.880888,2.643843,1.329683,7.246524,3.35075,1.146475
2021-12-24,1.986772,2.69099,0.854165,3.093303,1.786363,8.707859,4.329777,1.555691
2021-12-25,2.499374,2.864484,0.839889,4.141583,2.125885,8.959313,4.183243,2.089121
2021-12-26,2.68688,3.268646,0.873856,4.711137,2.382335,7.869173,3.85614,2.644777
2021-12-27,3.421124,3.006412,1.214051,4.933277,2.46354,8.424909,5.503058,2.582986
2021-12-28,3.25493,2.702822,1.73142,4.717386,2.733455,9.07255,5.192797,2.638796
2021-12-29,3.001389,2.601816,2.031375,4.226621,2.886001,7.683433,4.454158,2.831312
2021-12-30,3.049941,2.61151,2.109155,3.904648,2.714557,6.968542,3.755704,2.981177
2021-12-31,3.127171,2.921431,2.177187,3.603836,2.844145,7.493665,3.448253,2.884442
2022-01-01,3.401373,3.15345,2.387105,3.515129,3.003469,6.263144,3.264005,2.872199
2022-01-02,3.91727,3.630782,2.745405,3.956826,3.123116,6.060581,3.311236,2.830112
2022-01-03,4.186817,3.744432,3.463573,4.467921,3.549138,8.379516,6.431805,2.394863
2022-01-04,3.713503,3.869483,4.20683,4.11548,3.27942,7.612795,5.697936,2.186668
2022-01-05,3.693368,4.095071,4.674578,4.44926,3.183173,8.812603,7.115129,2.223378
2022-01-06,4.153467,4.297884,5.578014,4.823538,3.115858,9.858648,7.689769,2.235983
2022-01-07,4.223992,4.399727,6.57274,4.473351,3.427486,9.357782,7.906612,2.272769
2022-01-08,4.708034,4.540462,7.271,5.601462,4.849045,12.406898,13.208872,2.643926
2022-01-09,4.939399,5.14961,7.80964,5.482931,5.362173,11.098575,14.584157,3.011063
2022-01-10,4.662554,4.726673,7.912349,5.132006,5.130571,10.22769,14.097864,3.129809
2022-01-11,4.256311,4.629786,7.459678,4.905555,4.833389,9.150429,11.820291,2.994148
2022-01-12,4.058254,4.489417,6.493242,4.569995,4.511159,8.076108,10.352993,2.711842
2022-01-13,4.413107,4.428166,6.296275,4.150865,4.456051,7.769278,10.160604,2.525953
2022-01-14,4.048314,4.03631,5.977501,3.872938,4.452642,6.994147,9.176533,2.225239
2022-01-15,3.784197,3.998992,5.722399,3.679276,4.381497,6.133873,7.551783,1.916318
2022-01-16,3.603375,4.881365,5.719108,3.766394,4.223775,5.310059,6.19609,1.636029
2022-01-17,3.323358,4.490655,5.312084,3.666549,4.331364,4.477358,4.61478,1.877187
2022-01-18,4.128378,4.177472,5.753483,3.666604,4.091684,5.176749,8.653518,2.026216
2022-01-19,4.180679,4.217326,6.392004,3.521975,4.004343,5.135624,8.621871,2.310211
2022-01-20,3.8099,3.819533,6.35543,3.017686,3.351519,4.245971,6.462818,2.683752
2022-01-21,3.81528,3.348059,5.985665,2.632969,3.013608,3.944753,4.966683,2.561974
2022-01-22,3.781562,3.007615,5.394971,2.359957,2.998617,3.599129,4.154714,2.082799
2022-01-23,4.368346,3.013553,5.006685,2.564697,3.272236,4.21485,7.787174,1.918617
2022-01-24,3.776142,2.845875,5.046007,2.401307,2.957483,3.735308,7.661858,2.29346
2022-01-25,3.455398,2.665463,5.338696,2.487593,2.849495,4.022507,7.962989,2.414921
2022-01-26,3.30015,2.455638,4.675705,2.354493,2.802819,3.865385,8.072566,2.434839
2022-01-27,2.892884,2.150299,4.027985,2.194627,2.750366,3.537327,6.073861,2.53096
2022-01-28,2.67673,1.746033,3.547893,1.84818,2.644454,3.269089,5.232459,2.360622
2022-01-29,2.61109,1.663358,3.360604,1.74594,2.395116,3.658557,5.941328,2.186058
2022-01-30,2.528548,1.636081,3.295214,1.818252,2.316239,3.403684,6.988926,1.902006
2022-01-31,2.029222,1.380387,3.358955,1.537966,2.362605,3.005259,6.086639,1.044035
2022-02-01,1.910566,1.191071,3.396125,1.422382,2.415162,2.592523,4.745029,0.859252
2022-02-02,1.713502,1.222384,3.035698,1.333454,2.076923,2.413538,4.00559,0.867465
2022-02-03,1.471231,1.111799,2.614473,1.146391,1.811641,2.413265,1.81198,0.937864
2022-02-04,1.447319,1.211837,2.433182,1.114164,1.523954,2.387664,1.757721,0.921121
2022-02-05,1.472823,1.32546,2.226864,1.065738,1.374067,2.212534,1.707082,0.92757
2022-02-06,1.558147,1.439668,2.111618,0.875677,1.297,2.186237,1.627272,1.085655
2022-02-07,1.22748,1.285109,1.973296,0.807665,1.277179,2.11177,1.264216,1.151746
2022-02-08,1.105603,1.378044,1.850617,0.82229,1.319537,2.129164,1.004971,1.330313
2022-02-09,1.131199,1.149003,1.865861,0.7655,1.367142,1.887579,1.227632,1.339984
2022-02-10,0.924793,1.047659,1.952604,0.714025,1.327708,1.651196,1.000268,1.253239
2022-02-11,0.894636,1.106634,1.719964,0.652552,1.188741,1.487819,0.877009,0.826598
2022-02-12,0.869948,1.199708,1.584653,0.630389,0.935478,1.456779,0.830978,0.542044
2022-02-13,0.873022,1.212694,1.460909,0.674579,0.751126,1.161081,0.804053,0.519087
2022-02-14,0.912112,1.062299,0.853869,1.1872,0.601637,2.246811,2.331867,0.41232
2022-02-15,0.939512,1.000135,0.551627,1.034731,0.573407,2.084232,1.635932,0.318528
2022-02-16,0.833209,0.724347,0.393416,0.937592,0.743365,1.855518,1.568644,0.297982
2022-02-17,0.796601,0.504651,0.290627,0.804715,0.544461,1.803239,1.624105,0.338137
2022-02-18,0.655667,0.517184,0.124973,0.71613,0.422385,1.739771,1.602574,0.377091
2022-02-19,0.605324,0.598534,0.020127,0.656487,0.381257,1.437586,1.420186,0.422202
2022-02-20,0.641012,0.627019,0.0,0.607715,0.377184,1.129289,1.275737,0.467599
2022-02-21,0.508067,0.531802,0.131311,0.589578,0.555742,1.170714,1.437825,0.584946
2022-02-22,0.477405,0.473278,0.350229,0.642091,0.667798,1.216598,1.611334,0.610804
2022-02-23,0.421107,0.478946,0.449874,0.625548,0.677934,1.242295,2.289482,0.494235
2022-02-24,0.391121,0.419121,0.516785,0.617764,0.570009,1.240407,2.028969,0.388874
2022-02-25,0.430628,0.34182,0.5198,0.550935,0.458209,1.161111,1.822123,0.339664
2022-02-26,0.572597,0.287516,0.513089,0.523265,0.340791,1.173737,1.670903,0.306551
2022-02-27,0.714543,0.244152,0.563394,0.598056,0.255449,0.939477,1.556322,0.289227
2022-02-28,0.684055,0.267764,0.65474,0.612768,0.295726,0.979004,1.438586,0.24781
2022-03-01,0.72828,0.325066,0.701086,0.630271,0.417216,0.852439,0.650954,0.219838
2022-03-02,0.716749,0.274091,0.440603,0.53133,0.312291,0.756683,0.589464,0.255597
2022-03-03,0.917457,0.33212,0.549159,0.358866,0.373832,0.694795,0.489263,0.294455
2022-03-04,0.764201,0.279769,0.685359,0.313595,0.388846,0.653214,0.481151,0.351355
2022-03-05,0.684487,0.369482,0.801537,0.223934,0.433997,0.737436,0.504293,0.411533
2022-03-06,0.599341,0.459469,0.89244,0.249285,0.362099,0.781748,0.506663,0.523494
2022-03-07,0.428646,0.392403,0.873324,0.215741,0.55551,0.717256,0.401448,0.410316
2022-03-08,0.430846,0.419737,0.783936,0.239619,0.339509,0.698266,0.626742,0.339377
2022-03-09,0.471524,0.327054,0.707371,0.323267,0.335732,0.686424,0.693739,0.309839
2022-03-10,0.412549,0.259565,0.607721,0.323445,0.249284,0.685675,0.558385,0.255072
2022-03-11,0.492686,0.288384,0.514519,0.430003,0.185097,0.669547,0.469105,0.209478
2022-03-12,0.59254,0.356442,0.43118,0.511071,0.238467,0.661781,0.457987,0.22213
2022-03-13,0.668745,0.40629,0.360562,0.480305,0.328012,0.649947,0.438483,0.228707
2022-03-14,0.527304,0.351531,0.29499,0.421529,0.111642,0.626359,0.416262,0.406089
2022-03-15,0.450682,0.327066,0.435834,0.349076,0.039249,0.636689,0.427279,0.481801
2022-03-16,0.382048,0.305073,0.491342,0.303334,0.213781,0.687906,0.36235,0.441351
2022-03-17,0.414292,0.383324,0.425009,0.379529,0.218799,0.674464,0.373767,0.409109
2022-03-18,0.502302,0.344349,0.504698,0.319135,0.208345,0.633169,0.371965,0.351595
2022-03-19,0.560889,0.329974,0.623449,0.266103,0.192826,0.617366,0.401523,0.296159
2022-03-20,0.608593,0.322128,0.774596,0.212054,0.200296,0.545018,0.913208,0.246156
2022-03-21,0.593418,0.358645,0.879852,0.199451,0.336481,0.528308,0.493447,0.165481
2022-03-22,0.534528,0.414697,0.769214,0.22227,0.332103,0.461006,0.65521,0.137564
2022-03-23,0.525855,0.440077,0.656857,0.211969,0.30864,0.429239,0.672205,0.135622
2022-03-24,0.595556,0.316661,0.606287,0.213468,0.353814,0.440198,0.720735,0.228992
2022-03-25,0.533702,0.280203,0.533186,0.236828,0.380216,0.446053,0.785622,0.476306
2022-03-26,0.364392,0.245917,0.465805,0.261552,0.410927,0.471377,0.790273,0.709167
2022-03-27,0.26575,0.216623,0.420344,0.270318,0.442438,0.490027,0.800833,0.889078
2022-03-28,0.268633,0.209472,0.308703,0.321153,0.45161,0.477609,0.527333,0.911612
2022-03-29,0.46117,0.237595,0.194473,0.340381,0.601349,0.44261,0.262755,0.82604
2022-03-30,0.356825,0.373643,0.116152,0.379867,0.580023,0.426897,0.249358,0.662906
2022-03-31,0.313256,0.33326,0.083288,0.386115,0.253839,0.427545,0.186912,0.543724
2022-04-01,0.22452,0.402447,0.06955,0.375907,0.397194,0.574629,0.367699,0.4372
2022-04-02,0.242662,0.44119,0.039319,0.359678,0.520944,0.607506,0.702889,0.362386
2022-04-03,0.304098,0.454879,0.016544,0.302779,0.608819,0.62538,0.96787,0.279739
2022-04-04,0.301411,0.43603,0.112879,0.327593,0.622894,0.723441,1.208852,0.226128
2022-04-05,0.394378,0.3782,0.213125,0.294821,0.490002,0.654729,1.082402,0.157894
2022-04-06,0.337985,0.37018,0.264147,0.32337,0.401688,0.663479,1.417736,0.193943
2022-04-07,0.313899,0.324607,0.268786,0.343429,0.367104,0.811832,1.212527,0.150732
2022-04-08,0.232094,0.338023,0.282068,0.35023,0.353776,0.824304,1.157182,0.149699
2022-04-09,0.22883,0.342755,0.287719,0.372721,0.360019,0.784667,1.121917,0.289806
2022-04-10,0.313035,0.361488,0.313448,0.487677,0.363181,0.795418,1.062769,0.59336
2022-04-11,0.288721,0.538075,0.261743,0.435549,0.41727,0.884354,1.161001,0.597151
2022-04-12,0.247359,0.382415,0.193015,0.456262,0.3891,0.963309,0.965228,0.380786
2022-04-13,0.212439,0.360089,0.225338,0.428909,0.389928,1.075192,1.112256,0.409983
2022-04-14,0.291592,0.355818,0.370089,0.476835,0.340388,1.182242,1.104453,0.398022
2022-04-15,0.468897,0.303278,0.605472,0.508856,0.243013,1.23975,1.20384,0.349835
2022-04-16,0.622866,0.254075,0.806798,0.524503,0.161481,1.517225,1.274229,0.347127
2022-04-17,0.762027,0.219726,0.957242,0.543435,0.093851,1.334125,1.31808,0.285207
2022-04-18,1.074661,0.380878,1.042641,0.528171,0.102464,1.537046,1.657971,0.289501
2022-04-19,1.008505,0.712011,1.016635,0.55408,0.103278,1.626551,2.115312,0.242945
2022-04-20,0.810739,0.586621,0.994349,0.571659,0.112358,1.689004,2.361195,0.171774
2022-04-21,0.85136,0.444782,0.637096,0.553625,0.221034,1.810747,2.286515,0.210669
2022-04-22,0.697163,0.568414,0.474534,0.687672,0.376945,1.929593,2.226133,0.317091
2022-04-23,0.639286,0.637964,0.440222,0.794961,0.495043,2.285957,2.213134,0.419056
2022-04-24,0.610053,0.665948,0.406318,0.864706,0.593019,2.240443,2.206913,0.497653
2022-04-25,0.439209,0.723065,0.399146,0.914125,0.641257,2.282728,2.01542,0.483597
2022-04-26,0.472727,0.704342,0.404025,0.921823,0.709738,2.299796,1.948025,0.454551
2022-04-27,0.44711,0.787171,0.387839,0.795591,0.714839,2.339958,2.311157,0.558155
2022-04-28,0.572646,0.472927,0.341601,0.820855,0.66329,2.266762,3.13179,0.686292
2022-04-29,0.597817,0.38946,0.256195,0.857467,0.521163,2.358029,3.541074,0.744365
2022-04-30,0.638078,0.339849,0.199065,0.875793,0.364703,2.408382,3.798102,0.796318
2022-05-01,0.751412,0.360471,0.1516,0.77423,0.33919,2.074935,3.828612,0.829891
2022-05-02,1.056397,0.307625,0.322317,0.777183,0.344568,1.660642,3.109078,0.658033
2022-05-03,1.208018,0.241735,0.461388,0.69757,0.308166,1.387844,2.481642,0.655094
2022-05-04,1.104052,0.206255,0.552019,0.554526,0.338249,1.159239,2.002486,0.464879
2022-05-05,1.030101,0.157201,0.656769,0.53688,0.33532,0.993468,1.517212,0.486087
2022-05-06,1.084882,0.145126,0.955266,0.420835,0.372019,0.810049,1.202534,0.56096
2022-05-07,1.165187,0.203678,1.323102,0.398928,0.397945,0.865494,1.138749,0.633093
2022-05-08,1.109859,0.244834,1.638837,0.59454,0.44268,0.917247,1.108279,0.68505
2022-05-09,0.902598,0.216967,1.586782,0.710604,0.569896,1.040654,1.595593,0.747751
2022-05-10,0.900005,0.29092,1.408915,0.714435,0.583457,1.12441,1.973204,0.719949
2022-05-11,0.845911,0.360595,1.227926,0.768979,0.557384,1.242258,2.048304,0.542398
2022-05-12,0.829191,0.649017,1.278108,0.684191,0.556688,1.351674,1.857145,0.55663
2022-05-13,0.670439,0.707367,1.296997,0.684573,0.572384,1.484282,1.701171,0.624884
2022-05-14,0.541624,0.823476,1.357565,0.734323,0.569901,1.906606,1.558931,0.768303
2022-05-15,0.436695,0.946848,1.432404,0.762529,0.59431,1.78151,1.410392,1.058749
2022-05-16,0.639314,0.946996,1.583908,0.984231,0.805128,2.699793,1.525862,1.305617
2022-05-17,0.607283,1.018647,1.634206,1.085009,0.976116,3.039206,2.014691,1.391538
2022-05-18,0.516408,0.803327,1.489196,1.235725,1.056241,3.09603,2.670074,1.502792
2022-05-19,0.62667,0.850881,1.322526,1.375732,0.966693,3.230453,2.891322,1.590389
2022-05-20,0.522149,0.821609,1.175819,1.311919,0.795765,2.992222,2.898903,1.53789
2022-05-21,0.486987,0.862476,1.056613,1.270266,0.711986,3.0927,2.874183,1.451924
2022-05-22,0.464355,0.89512,0.954274,1.416667,0.681502,2.638093,2.872025,1.353119
2022-05-23,0.365381,0.761516,0.980971,1.300995,0.74731,2.619324,3.117083,1.121214
2022-05-24,0.509653,0.630259,1.052467,1.26418,0.759593,2.644077,3.202848,0.846753
2022-05-25,0.588599,0.572252,1.08131,1.129583,0.670374,2.648968,2.982548,0.378073
2022-05-26,0.649513,0.508365,1.072047,1.144598,0.470539,2.631179,2.875506,0.326098
2022-05-27,0.795286,0.475759,1.00327,1.201998,0.40614,2.497793,2.799578,0.235202
2022-05-28,0.939256,0.435375,0.959251,1.277382,0.37227,2.80424,2.551115,0.259135
2022-05-29,1.074635,0.352536,0.924431,1.335828,0.377203,2.412451,2.337536,0.280508
2022-05-30,1.230217,0.768539,0.862964,1.74866,0.421083,2.347148,2.416149,0.430551
2022-05-31,1.08964,0.778143,0.99741,1.57673,0.906248,2.312493,2.150102,0.783529
2022-06-01,1.251893,0.783351,1.173397,1.561063,0.862563,2.238854,2.241313,0.752888
2022-06-02,1.263323,0.816892,1.320289,1.417123,0.861906,2.166679,1.835601,0.742978
2022-06-03,1.348686,0.702722,1.525624,1.213113,0.857162,2.044735,1.942441,0.865935
2022-06-04,1.405879,0.636115,1.667738,1.03542,0.830461,2.18586,2.100485,1.137934
2022-06-05,1.439056,0.858725,1.792615,0.978418,0.784213,1.893842,2.198504,1.36432
2022-06-06,1.35596,0.879711,1.67497,0.899428,0.568723,1.819244,2.103774,1.24526
2022-06-07,1.317059,0.733752,1.614577,0.875606,0.622768,1.763155,2.26766,1.105568
2022-06-08,1.026314,0.684291,1.408855,0.714943,0.56887,1.640312,1.794797,1.299402
2022-06-09,0.771071,0.562396,1.207709,0.821028,0.549334,1.61356,1.569128,1.421234
2022-06-10,0.899203,0.67393,1.030047,0.816159,0.554564,1.712179,1.499595,1.422538
2022-06-11,0.998482,0.820292,0.877153,0.843335,0.606075,1.894848,1.579614,1.487507
2022-06-12,1.148602,1.074426,0.70448,0.941824,0.654854,1.638765,1.653015,1.60593
2022-06-13,1.160469,1.001787,0.678174,1.030397,0.601518,1.711437,1.483094,1.509107
2022-06-14,1.273501,0.758381,0.845093,1.143199,0.665558,1.65347,1.605156,1.397186
2022-06-15,1.408966,0.598103,1.096385,1.176701,0.750717,1.58682,1.726455,1.196867
2022-06-16,1.291571,0.500279,1.112939,1.134584,0.943614,1.634089,1.499449,0.889366
2022-06-17,1.22781,0.459742,1.093178,1.151422,1.136425,1.542523,1.394162,0.927808
2022-06-18,1.205303,0.475258,1.084078,1.246094,1.274323,1.68148,1.414722,0.946677
2022-06-19,1.187199,0.517526,0.929279,1.61445,1.334269,1.547056,1.427742,1.171627
2022-06-20,1.029635,0.460933,0.819561,1.450487,1.238898,1.5537,1.284759,1.258101
2022-06-21,0.875973,0.461086,0.802613,1.30693,1.058542,1.572705,1.279248,1.070098
2022-06-22,0.815792,0.518204,0.742236,1.093088,0.880785,1.584452,1.317292,0.986347
2022-06-23,0.851585,0.48391,0.64972,1.059108,0.874567,1.554774,1.127942,0.865286
2022-06-24,0.931865,0.48965,0.654406,1.052838,0.840439,1.540456,1.009414,0.709451
2022-06-25,1.083602,0.495335,0.670132,1.053254,0.782388,1.724266,1.05146,0.634833
2022-06-26,1.203013,0.552905,0.708171,1.012057,0.761795,1.679902,1.071639,0.728906
2022-06-27,1.22071,0.601453,0.693945,1.0468,0.804703,1.71839,1.193137,0.868611
2022-06-28,1.149851,0.675902,0.57502,0.97714,0.966767,1.758054,1.109132,0.948799
2022-06-29,1.126141,0.71177,0.518508,0.895962,0.794567,1.650338,1.206138,1.006944
2022-06-30,1.014614,0.811278,0.578447,0.918227,0.883394,1.64582,1.357174,0.997234
2022-07-01,0.90673,0.867858,0.64778,1.007014,0.883441,1.606059,1.755976,0.946013
2022-07-02,0.855705,0.921334,0.705071,1.125559,0.951269,1.764816,2.096839,0.941938
2022-07-03,0.824607,0.941805,0.762076,1.286043,1.031491,1.647998,2.355883,1.010521
2022-07-04,0.897431,1.334079,0.861747,1.297887,1.096327,2.248172,2.593586,1.046499
2022-07-05,0.81135,1.436077,1.164779,1.225098,0.962169,2.246862,2.198344,1.218974
2022-07-06,0.865279,1.330782,1.320042,1.130817,0.770147,2.177518,2.026302,1.223007
2022-07-07,0.8069,1.349,1.102046,1.114808,0.66747,2.053838,1.919031,1.135451
2022-07-08,0.80736,1.164994,0.919199,1.042173,0.630692,2.050405,1.819263,0.907508
2022-07-09,0.858316,1.04605,0.736993,1.120911,0.637658,2.171123,1.894999,0.716084
2022-07-10,1.029135,0.975273,0.596312,1.253123,0.671185,2.071339,1.974369,0.550397
2022-07-11,1.086713,0.945744,0.562122,1.263963,0.574078,2.016753,1.960467,0.451164
2022-07-12,1.04904,0.961628,0.570705,1.165789,0.622337,1.94553,1.748472,0.39605
2022-07-13,1.008829,0.91386,0.915953,1.27653,0.699567,1.864727,1.748054,0.533053
2022-07-14,1.290438,0.93583,1.210844,1.39164,0.675628,1.777859,2.034962,0.77255
2022-07-15,1.430948,0.933249,1.462313,1.520635,0.621737,1.801958,2.337638,0.815188
2022-07-16,1.507174,0.931309,1.525951,1.614793,0.680463,1.864097,2.490538,0.871587
2022-07-17,1.627289,0.981674,1.639303,1.638123,0.785241,1.704159,2.556107,0.888465
2022-07-18,1.607443,0.930838,1.912054,1.442346,0.719722,1.640765,2.293098,1.123651
2022-07-19,1.425611,0.955077,2.033016,1.333987,0.707706,1.59849,2.244013,1.108149
2022-07-20,1.296721,0.898548,1.962553,1.360141,0.662122,1.540859,2.30318,0.999352
2022-07-21,1.272599,0.898175,1.691437,1.319776,0.638681,1.578021,2.172192,1.005753
2022-07-22,1.232563,0.902066,1.40408,1.329683,0.736612,1.57744,2.062844,1.021809
2022-07-23,1.193049,0.954906,1.152854,1.362232,0.933648,1.623487,2.015762,1.014284
2022-07-24,1.192467,1.016301,0.947268,1.416577,1.089655,1.481437,1.93774,1.060859
2022-07-25,1.064881,0.966013,0.961229,1.40273,0.951598,1.528701,1.868168,0.907425
2022-07-26,0.87713,0.896236,0.98766,1.317406,1.115314,1.630089,1.667248,0.787607
2022-07-27,0.843473,0.917059,0.937915,1.250852,1.036851,1.718764,1.506011,0.833277
2022-07-28,0.915423,1.02734,0.784063,1.343075,0.988517,1.890614,1.453631,0.827158
2022-07-29,1.003072,1.030029,0.642934,1.342596,0.97967,1.866767,1.507236,0.847118
2022-07-30,1.135631,1.113467,0.53364,1.387523,1.034578,2.058333,1.611252,0.93355
2022-07-31,1.24037,1.189068,0.500293,1.540193,1.156206,1.826414,1.72882,1.181765
2022-08-01,1.236681,1.031337,0.53563,1.5505,1.196002,2.072889,1.77804,1.066936
